発売日,メーカー,タイトル,バックアップメモリ,容量(bit),ジャンル,価格,ジョブカテゴリ,カウント,👥クリエイターズ👨‍💼👨‍💻🎨,👨‍💼ディレクター,👨‍💻プログラマー,🎨デザイナー/美術,🎵音楽,📝シナリオ,💼プロデューサー,
2001-03-21,キューネット,EZ-TALK初級編1,1,3,ETC,"￥6,000","￥6,000代",0,,,,,,,,
2001-03-21,キューネット,EZ-TALK初級編2,1,3,ETC,"￥6,000","￥6,000代",0,,,,,,,,
2001-03-21,キューネット,EZ-TALK初級編3,1,3,ETC,"￥6,000","￥6,000代",0,,,,,,,,
2001-03-21,キューネット,EZ-TALK初級編4,1,3,ETC,"￥6,000","￥6,000代",0,,,,,,,,
2001-03-21,キューネット,EZ-TALK初級編5,1,3,ETC,"￥6,000","￥6,000代",0,,,,,,,,
2001-03-21,キューネット,EZ-TALK初級編6,1,3,ETC,"￥6,000","￥6,000代",0,,,,,,,,
2001-03-21,任天堂,F-ZEROFORGAMEBOYADVANCE,1,2,RCG,"￥4,800","￥5,000代",0,,清水一伸,,清水一伸,田島賢 |古川光照|石田尚人,,出石武宏|山上仁志,
2001-03-21,コナミ,JGTO公認GOLFMASTER～JAPANGOLFTOURGAME～,3,3,SPT,"￥5,800","￥6,000代",0,,,,,,,,
2001-03-21,コナミ,Jリーグポケット,1,3,SLG,"￥5,800","￥6,000代",0,,,,,,,,
2001-03-21,エム・ティー･オー,アドバンスGTA,1,3,RCG,"￥4,980","￥5,000代",0,,,,,,,,
2001-03-21,コーエー,ウイニングポストforゲームボーイアドバンス,3,2,SLG,"￥5,600","￥5,500代",0,,,,,タケカワユキヒデ|新井智詞|山崎洋一|楠瀬誠志郎|小西貴雄,,シブサワ・コウ,
2001-03-21,任天堂,くるくるくるりん,1,2,ACT,"￥4,800","￥5,000代",0,,,渡邊康成,小田部羊一,,,佐藤浩(任天堂)|豊嶋真人(エイティング),
2001-03-21,コナミ,コナミワイワイレーシングアドバンス,1,2,RCG,"￥5,800","￥6,000代",0,,,,,,,,
2001-03-21,任天堂,スーパーマリオアドバンス,5,2,ACT,"￥4,800","￥5,000代",64,,,,,,,,
2001-03-21,セガ,チュ-チュ-ロケット！,3,2,ACT,"￥4,800","￥5,000代",0,,,,,,,,
2001-03-21,ケムコ,トゥイティーのハーティーパーティー,1,2,ETC,"￥4,980","￥5,000代",0,,,,,,,,
2001-03-21,任天堂,ナポレオン,1,3,SLG,"￥4,800","￥5,000代",0,,,,,,,,
2001-03-21,カプコン,バトルネットワークロックマンエグゼ,1,3,RPG,"￥4,800","￥5,000代",0,,,,,,,,
2001-03-21,コナミ,パワプロクンポケット3,1,3,SPT,"￥5,800","￥6,000代",0,,,,,,,,
2001-03-21,ハドソン,ピノビィーの大冒険,1,2,ACT,"￥4,800","￥5,000代",0,,大島直人|菅野豊,,町田俊彦|菅野豊|大島直人|中川靖久|原田正道(アートディレクター),鎌谷千佳子,,石井洋児,
2001-03-21,スパイク,ファイヤープロレスリングA,3,3,SPT,"￥5,800","￥6,000代",0,,,,,,,,
2001-03-21,コナミ,プレイノベルサイレントヒル,1,3,NOV,"￥5,800","￥6,000代",0,,,,,,,,
2001-03-21,タム,ぼくは航空管制官,1,3,SLG,"￥5,800","￥6,000代",0,,,,,,,,
2001-03-21,ナムコ,ミスタードリラー2,1,2,ACT,"￥4,800","￥5,000代",0,,,,,,,,
2001-03-21,コナミ,モンスターガーディアンズ,1,3,RPG,"￥5,800","￥6,000代",0,,,,,,,,
2001-03-21,コナミ,悪魔城ドラキュラCircleoftheMoon,1,3,ACT,"￥5,800","￥6,000代",0,,,,,,,,
2001-03-21,ケムコ,全国GT選手権,3,2,RCG,"￥5,200","￥5,000代",0,,,,,,,,
2001-03-21,ハドソン,桃太郎まつり,1,2,ETC,"￥5,200","￥5,000代",0,,さくまあきら(ゲーム監督)|富沢ひろみ(PS版),,土居孝幸,関口和之|宮路一昭|池毅(PS版のみ参加),,三上寛幸(PS版),
2001-03-21,アトラス,爆熱ドッジボールファイターズ,1,2,SPT,"￥4,980","￥5,000代",0,,,,,,,,
2001-03-21,コナミ,遊戯王ダンジョンダイスモンスターズ,3,3,SLG,"￥5,800","￥6,000代",0,,,,,,,,
2001-04-26,コナミ,GetBackers奪還屋～地獄のスカラムーシュ～,3,2,RPG,"￥5,800","￥6,000代",0,,,,,,,,
2001-04-26,コナミ,耽美夢想マイネリーベ,1,3,SLG,"￥5,800","￥6,000代",0,,佐々木美恵,,由貴香織里|由貴香織里,,,,
2001-04-27,ジョルダン,スペースヘキサイト～メーテル/レジェンドEX～,1,2,PZL,"￥5,300","￥5,500代",0,,,,,,,,
2001-04-27,エポック社,ドラえもん緑の惑星ドキドキ大救出！,1,3,ACT,"￥4,800","￥5,000代",0,,,,,,,,
2001-04-27,ハドソン,ボンバーマンストーリー,1,2,RPG,"￥5,200","￥5,000代",0,,藤原茂樹,,赤石龍彌|大久保則雄|水野祥司|佐藤梢,盛山浩一|竹間淳(バトルゲームメイン曲),,三上寛幸,
2001-05-25,カプコン,ファイナルファイトONE,5,2,ACT,"￥4,800","￥5,000代",0,,,,,,,,
2001-06-21,任天堂,タクティクスオウガ外伝TheKnightofLodis,3,3,RPG,"￥4,800","￥5,000代",0,,村澤祐一,,,岩田匡治|崎元仁,田中瑞枝,徳川誠,
2001-06-28,グローバル,トイロボフォース,1,3,SHT,"￥5,200","￥5,000代",0,,,,,,,,
2001-06-29,タカラ,チョロQアドバンス,1,2,RCG,"￥4,800","￥5,000代",0,,,,,,,,
2001-06-29,カプコン,優駿ラプソディ～♪,1,3,RPG,"￥4,800","￥5,000代",0,,,,,,,,
2001-07-05,コナミ,遊戯王デュエルモンスターズ5エキスパート1,1,3,CARD,"￥5,800","￥6,000代",0,,,,,,,,
2001-07-06,カプコン,ブレスオブファイア竜の戦士,5,3,RPG,"￥4,800","￥5,000代",0,,,金子清巳|こじまのりこ|三膳正,竹中善則|河野禎則|池原実|稲船敬二|松村ひろのり,藤田靖明|山口真理|藤井美苗|下村陽子,,,
2001-07-12,ハドソン,森田将棋あどばんす,1,2,TBL,"￥5,800","￥6,000代",0,,,,,,,,
2001-07-12,ハドソン,麻雀刑事,1,2,TBL,"￥5,200","￥5,000代",0,,,,,,,,
2001-07-13,タカラ,EXモノポリー,1,2,TBL,"￥5,800","￥6,000代",0,,,,,,,,
2001-07-13,カプコン,スーパーストリートファイター2XREVIVAL,5,3,ACT,"￥4,800","￥5,000代",0,,,,,,,,
2001-07-13,エム・ティー･オー,みんなの飼育シリーズ(1)ぼくのカブト虫,1,2,ADV,"￥5,200","￥5,000代",0,,,,,,,,
2001-07-19,ナムコ,風のクロノア～夢見る帝国～,5,2,ACT,"￥5,300","￥5,500代",0,,,,,,,,
2001-07-21,任天堂,マリオカートアドバンス,3,2,RCG,"￥4,800","￥5,000代",77,,安藤武森本幸雄,松本賢治,,西牧賢一松永政信濱野美奈子,,.mw-parser-output .plainlist--only-child>ol|.mw-parser-output .plainlist--only-child>ul{line-height:inherit;list-style:none none;margin:0;padding-left:0}.mw-parser-output .plainlist--only-child>ol li|.mw-parser-output .plainlist--only-child>ul li{margin-bottom:0}宮本茂三木研次,
2001-07-26,コナミ,JGTO公認GOLFMASTERモバイルJAPANGOLFTOURGAME,3,3,SPT,"￥5,800","￥6,000代",0,,,,,,,,
2001-07-26,コナミ,スタコミ,1,3,SLG,"￥5,800","￥6,000代",0,,,,,,,,
2001-07-26,コナミ,モバイルプロ野球監督の采配,3,3,SLG,"￥5,800","￥6,000代",0,,,,,,,,
2001-07-26,コナミ,筋肉番付金剛君の大冒険！,1,3,SPT,"￥5,800","￥6,000代",0,,,,,,,,
2001-07-27,メディアリング,ゼロ・ツアーズ,3,2,RPG,"￥5,480","￥5,500代",0,,,,,,,,
2001-08-01,任天堂,黄金の太陽開かれし封印,3,3,RPG,"￥4,800","￥5,000代",0,,,,,,,,
2001-08-03,アスミック・エース,ドカポンQモンスターハンター！,1,3,RPG,"￥4,800","￥5,000代",0,,,,,,,,
2001-08-03,エム・ティー･オー,みんなの飼育シリーズ(2)ぼくのクワガタ,1,2,ADV,"￥5,200","￥5,000代",0,,,,,,,,
2001-08-09,コナミ,ジュラシックパーク3恐竜にあいにいこう！,1,2,SLG,"￥5,800","￥6,000代",0,,,,,,,,
2001-08-10,スターフィッシュ,スーパーブラックバスアドバンス,1,2,SLG,"￥4,800","￥5,000代",0,,,,,,,,
2001-08-10,アテナ,極麻雀デラックス未来戦士21,1,3,TBL,"￥5,200","￥5,000代",0,,,,,,,,
2001-08-21,任天堂,ワリオランドアドバンスヨーキーのお宝,1,3,ACT,"￥4,800","￥5,000代",0,,松岡洋史,山野勝也|尾崎亘洋|香月良昇|福井浩太|阿部悟郎,清武博二|細川豪彦|上田正二|平野勲,吉冨亮二,,山内溥|出石武宏,
2001-08-30,コナミ,ジュラシックパーク3アドバンスアクション,5,3,ACT,"￥5,800","￥6,000代",0,,,,,,小山内美江子・清水有生ほか,竹之下寛次,
2001-08-31,キーネット,高校受験アドバンスシリーズ英語構文編,1,3,ETC,"￥6,800","￥7,000代",0,,,,,,,,
2001-08-31,キーネット,高校受験アドバンスシリーズ英熟語編,1,3,ETC,"￥6,800","￥7,000代",0,,,,,,,,
2001-08-31,キーネット,高校受験アドバンスシリーズ英単語編,1,3,ETC,"￥6,800","￥7,000代",0,,,,,,,,
2001-09-07,イマジニア,メダロット・ナビカブト,3,3,RPG,"￥5,800","￥6,000代",0,,,,,,,,
2001-09-07,イマジニア,メダロット・ナビクワガタ,3,3,RPG,"￥5,800","￥6,000代",0,,,,,,,,
2001-09-07,マーベラス,ラブひなアドバンス祝福の鐘はなるかな,5,3,ADV,"￥5,800","￥6,000代",0,,,,,,,,
2001-09-13,ハドソン,ロボットポンコッツ3クロス,3,2,RPG,"￥5,200","￥5,000代",0,,,,,,,,
2001-09-13,ハドソン,ロボットポンコッツ3リング,3,2,RPG,"￥5,200","￥5,000代",0,,,,,,,,
2001-09-13,ＫＣＥ東京,幻想水滸伝カードストーリーズ,6,2,CARD,"￥5,800","￥6,000代",0,,,,,,,,
2001-09-20,コナミ,FIELDOFNINEDIGITALEDITION2001,1,3,CARD,"￥5,800","￥6,000代",0,,,,,,,,
2001-09-21,バンプレスト,スーパーロボット大戦A,3,3,SLG,"￥5,800","￥6,000代",0,,,,,,,,
2001-09-27,コナミ,Z.O.E2173TESTAMENT,3,3,RPG,"￥5,800","￥6,000代",0,,,,,,,,
2001-09-28,コーエー,信長の野望,3,3,SLG,"￥6,800","￥7,000代",0,,,,,,,,
2001-09-28,メディアリング,西原理恵子の殿堂麻雀,1,2,TBL,"￥4,800","￥5,000代",0,,,,,,,,
2001-10-04,ハドソン,ハテナサテナ,1,2,PZL,"￥5,200","￥5,000代",0,,飛澤正人,坂本正博,中村心|田中秀幸|カイエダヒロシ(アートディレクター・チャックナジッパー)|角谷みか(てくてくエンジェル)|柴田晃宏(ゲッターラブ),五十嵐真理|飛渡健次郎|酒井知子|村上博美,,猪狩寛,
2001-10-05,アルトロン,奇々怪界あどばんす,6,2,ACT,"￥5,200","￥5,000代",0,,,,,,,,
2001-10-12,カプコン,逆転裁判,1,3,ADV,"￥4,800","￥5,000代",0,,,,,,,,
2001-10-18,セガ,みんなでぷよぷよ,5,3,PZL,"￥4,800","￥5,000代",0,,,,,,,,
2001-10-19,カルチャーブレーン,ハムスター物語2GBA,1,3,SLG,"￥5,800","￥6,000代",0,,,,,,,,
2001-10-19,イマジニア,ハローキティコレクションミラクルファッションメーカー,5,3,ADV,"￥5,200","￥5,000代",0,,,,,,,,
2001-10-25,コナミ,ESPNXGamesSkateboarding,5,3,SPT,"￥5,800","￥6,000代",0,,,,,,,,
2001-10-25,コナミ,なかよし麻雀かぶリーチ,1,2,TBL,"￥5,800","￥6,000代",0,,,,,,,,
2001-10-25,コナミ,ヒカルの碁,1,3,TBL,"￥5,800","￥6,000代",0,,,,,和田俊輔,毛利亘宏,,
2001-10-26,任天堂,どこでも対局役満アドバンス,1,3,TBL,"￥4,800","￥5,000代",0,,,,,,,,
2001-10-26,エム・ティー･オー,なかよしペットアドバンスシリーズ(1)かわいいハムスター,5,2,SLG,"￥5,200","￥5,000代",0,,浅沼穣,五反田義治,則本真樹|MEIMU,桜庭統,五反田義治,山岸功典,
2001-10-26,ケムコ,ファランクス,5,2,SHT,"￥4,980","￥5,000代",0,,,,,,,,
2001-11-01,コナミ,ジュラシックパークⅢ失われた遺伝子,5,3,PZL,"￥5,800","￥6,000代",0,,,,,,,,
2001-11-15,コナミ,友情のビクトリーゴール4v4嵐GETTHEGOAL！！,1,3,SPT,"￥5,800","￥6,000代",0,,,,,,,,
2001-11-22,コナミ,AdvetureofTOKYODisneySEA,1,2,ADV,"￥5,800","￥6,000代",0,,,,,,,,
2001-11-29,コンパイル,ぐるロジチャンプ,3,2,PZL,"￥4,980","￥5,000代",0,,,,,,,,
2001-11-30,トミー,ZOIDSSAGA,1,3,RPG,"￥5,400","￥5,500代",0,,,,,,,,
2001-11-30,タカラ,億万長者ゲームのっとり大作戦！,1,2,TBL,"￥5,800","￥6,000代",0,,,,,,,,
2001-11-30,ケムコ,機械化軍隊,5,3,SLG,"￥5,800","￥6,000代",0,,,,,,,,
2001-11-30,ビクター,激闘！カーバトラーGO！！,5,3,RPG,"￥4,800","￥5,000代",0,,,,,仲西匡,中園ミホ,櫨山裕子|内山雅博,
2001-11-30,コーエー,三國志,3,3,SLG,"￥6,800","￥7,000代",0,,,,,,,,
2001-12-06,コナミ,筋肉番付～決めろ！奇跡の完全制覇～,1,3,SPT,"￥5,800","￥6,000代",0,,,,,,,,
2001-12-06,ハドソン,爆転シュートベイブレード激闘！最強ブレーダー,1,2,ACT,"￥5,300","￥5,500代",0,,,,,,,,
2001-12-07,エム・ティー･オー,アドバンスラリー,1,3,RCG,"￥4,980","￥5,000代",0,,,,,,,,
2001-12-07,エポック社,ダイヤロイドワールド-イービル帝国の野望-,5,3,RPG,"￥4,300","￥4,500代",0,,,,,,,,
2001-12-07,ナムコ,ナムコミュージアム,6,2,ETC,"￥3,800","￥4,000代",0,,,,,,,,
2001-12-07,任天堂,マジカルバケーション,3,3,RPG,"￥4,800","￥5,000代",0,,,,,,,,
2001-12-07,テクモ,モンスターファームアドバンス,1,3,SLG,"￥5,800","￥6,000代",0,,,,,,,,
2001-12-07,ハンズオン,ワールドアドバンスサッカー～勝利への道～,5,3,SPT,"￥5,200","￥5,000代",0,,,,,,,,
2001-12-07,ビクター,学校をつくろう！！アドバンス,5,3,SLG,"￥4,800","￥5,000代",0,,,,,,,,
2001-12-07,メディアカイト,大戦略FORゲームボーイアドバンス,3,3,SLG,"￥4,980","￥5,000代",0,,,,,,,,
2001-12-13,セガ,コラムスクラウン,5,3,PZL,"￥4,800","￥5,000代",0,,,,,,,,
2001-12-13,コナミ,実況ワールドサッカーポケット,5,3,SPT,"￥5,800","￥6,000代",0,,,,,,,,
2001-12-13,ホリ,大麻雀。,5,2,TBL,"￥3,800","￥4,000代",0,,,,,,,,
2001-12-14,サクセス,SK8TonyHawk'sPROSKATER2,5,3,SPT,"￥5,800","￥6,000代",0,,,,,,,,
2001-12-14,ビクター,サンサーラナーガ1×2,5,3,RPG,"￥4,980","￥5,000代",0,,,,,,,,
2001-12-14,任天堂,スーパーマリオアドバンス2,5,2,ACT,"￥4,800","￥5,000代",82,,手塚卓志,中郷俊彦,日野重文,近藤浩治,,山内溥|宮本茂,
2001-12-14,カプコン,バトルネットワークロックマンエグゼ2,1,3,RPG,"￥4,800","￥5,000代",0,,,,,,,,
2001-12-14,サンソフト,上海アドバンス,5,2,PZL,"￥4,800","￥5,000代",0,,,,,,,,
2001-12-20,コナミ,ESPNWinterXGamesSnowboarding2002,5,2,SPT,"￥5,800","￥6,000代",0,,,,,,,,
2001-12-20,コナミ,エキサイティングバス,5,3,SPT,"￥5,800","￥6,000代",0,,,,,,,,
2001-12-20,セガ,ソニックアドバンス,3,3,ACT,"￥5,800","￥6,000代",0,,,,,,,,
2001-12-20,エニックス,ドラゴンクエストキャラクターズトルネコの大冒険2アドバンス不思議のダンジョン,3,3,RPG,"￥5,980","￥6,000代",0,,,,鳥山明,すぎやまこういち,,中村光一,
2001-12-20,コナミ,遊戯王デュエルモンスターズ6エキスパート2,1,4,CARD,"￥5,800","￥6,000代",0,,,,,,,,
2001-12-20,コナミ,烈火の炎-THEGAME-,1,3,ACT,"￥5,800","￥6,000代",0,,,,,,,,
2001-12-21,トミー,MUTSUウォータールーパームツ,1,2,SLG,"￥5,800","￥6,000代",0,,,,,,,,
2001-12-21,メディアリング,WizardrySUMMONER(ウィザードリィサマ),1,2,RPG,"￥5,800","￥6,000代",0,,,,,,,,
2001-12-21,カルチャーブレーン,スウィートクッキーパイ,5,2,TBL,"￥4,980","￥5,000代",0,,,,,,,,
2001-12-21,タイトー,スーパーパズルバブルアドバンス,6,2,PZL,"￥4,800","￥5,000代",0,,,,,,,,
2001-12-21,ユービーアイソフト,ドナルドダックアドバンス,6,3,ACT,"￥5,300","￥5,500代",0,,,,,,,,
2001-12-21,コナミ,ピンキーモンキータウン,5,2,ETC,"￥5,800","￥6,000代",0,,,,,,,,
2001-12-21,カプコン,ブレスオブファイアⅡ～使命の子～,1,2,RPG,"￥4,800","￥5,000代",0,,,,,,,,
2001-12-21,エポック社,機動天使エンジェリックレイヤーみさきと夢の天使達,5,3,RPG,"￥5,500","￥5,500代",0,,,,小森高博|石垣純哉,田中公平,大河内一楼|稲荷昭彦|吉田玲子|吉永亜矢|錦織博|葉月九ロウ,,
2001-12-21,ナムコ,鉄拳アドバンス,5,3,ACT,"￥5,300","￥5,500代",0,,,,,,,,
2001-12-28,日本テレネット,SLOT！PROアドバンス宝船＆大江戸桜吹雪2,5,3,TBL,"￥4,800","￥5,000代",0,,,,,,,,
2001-12-28,カプコン,グランボ,1,3,RPG,"￥5,300","￥5,500代",0,,,,,,,,
2002-01-01,マーベラス,THEKINGOFFIGHTERSEXNEOBLOOD,5,4,ACT,"￥5,800","￥6,000代",0,,,,,,,,
2002-01-11,ナムコ,パックマンコレクション,6,2,PZL,"￥3,800","￥4,000代",0,,,,,,,,
2002-01-17,コナミ,グラディウスジェネレーション,5,2,SHT,"￥5,800","￥6,000代",0,,,,,,,,
2002-01-17,エニックス,スナップキッズ,1,4,RPG,"￥5,980","￥6,000代",0,,,,,,,,
2002-01-24,グローバル,幽霊屋敷の二十四時間,5,2,ADV,"￥4,800","￥5,000代",0,,,,,,,,
2002-01-25,サミー,GUILTYGEARXADVANCEEDITION,3,3,ACT,"￥5,800","￥6,000代",0,,,,,,,,
2002-01-25,任天堂,トマトアドベンチャー,5,3,RPG,"￥4,800","￥5,000代",0,,,,,,,,
2002-01-31,コナミ,アニマルマニアどきどき相性チェック,1,2,ETC,"￥5,800","￥6,000代",0,,,,,,,,
2002-01-31,コナミ,ハイパースポーツ2002WINTER,5,2,SPT,"￥5,800","￥6,000代",0,,,,,,,,
2002-01-31,ＥＡスクウェア,ハリー・ポッターと賢者の石,5,3,ADV,"￥4,800","￥5,000代",0,,,,,,,,
2002-02-07,ハドソン,ボンバーマンマックス2ボンバーマンバージョン,5,3,ACT,"￥4,800","￥5,000代",0,,,,,,,,
2002-02-07,ハドソン,ボンバーマンマックス2マックスバージョン,5,3,ACT,"￥4,800","￥5,000代",0,,,,,,,,
2002-02-08,カプコン,BLACKBLACK～ブラブラ～,1,3,RPG,"￥4,800","￥5,000代",0,,,,,,,,
2002-02-14,コナミ,WTAツアーテニスポケット,5,3,SPT,"￥5,800","￥6,000代",0,,,,,,,,
2002-02-14,コナミ,メールでキュート,3,3,ADV,"￥5,800","￥6,000代",0,,,,,,,,
2002-02-21,コナミ,キャプテン翼栄光の軌跡,1,3,SPT,"￥5,800","￥6,000代",0,,,,,,,,
2002-02-21,任天堂,どーもくんの不思議テレビ,1,3,ACT,"￥4,800","￥5,000代",0,,,,,,,,
2002-02-28,コナミ,Jリーグポケット2,1,3,SPT,"￥5,800","￥6,000代",0,,,,,,,,
2002-02-28,コナミ,ゴエモンニューエイジ出動！,5,2,ACT,"￥5,800","￥6,000代",0,,,,,,,,
2002-03-01,トミー,モンスターズ・インク,6,2,ACT,"￥4,800","￥5,000代",0,,,,,ランディ・ニューマン,ダン・ガーソン|アンドリュー・スタントン,,
2002-03-08,任天堂,コロコロパズルハッピィパネッチュ！,5,2,PZL,"￥4,800","￥5,000代",0,,,,,,,,
2002-03-08,コーエー,ふしぎの国のアンジェリーク,1,2,ETC,"￥5,800","￥6,000代",0,,,,,,,,
2002-03-08,タイトー,沈黙の移籍～エストポリス外伝～,1,3,RPG,"￥5,800","￥6,000代",0,,,,,,,,
2002-03-14,コナミ,K-1ポケットグランプリ,5,2,SPT,"￥5,800","￥6,000代",0,,,,,,,,
2002-03-15,ビクター,川のぬし釣り5～不思議の森から～,5,2,SPT,"￥4,800","￥5,000代",0,,,,,,,,
2002-03-20,コナミ,GROOVEADVENTURERAVE～光と闇の大決戦～,1,3,ACT,"￥5,800","￥6,000代",0,,,,松島晃,川井憲次,岸間信明|十川誠志|隅沢克之|時村尚|吉岡たかを,,
2002-03-20,コナミ,パワプロクンポケット4,1,3,SPT,"￥5,800","￥6,000代",0,,,,,,,,
2002-03-21,コーエー,アンジェリーク,5,2,SLG,"￥5,800","￥6,000代",0,,,,,,,,
2002-03-22,エム・ティー･オー,なかよしペットアドバンスシリーズ(2)かわいい仔犬,5,2,SLG,"￥4,800","￥5,000代",0,,,,,,,,
2002-03-22,サミー,実戦パチスロ必勝法！獣王アドバンス,3,2,TBL,"￥4,800","￥5,000代",0,,,,,,,,
2002-03-28,セガ,シャイニング・ソウル,3,3,RPG,"￥5,800","￥6,000代",0,,,,,,,,
2002-03-28,コナミ,一石八鳥～これ1本で8種類！～,1,2,TBL,"￥5,800","￥6,000代",0,,,,,,,,
2002-03-28,コナミ,神の記述ILLUSIONOFTHEEVILEYES,1,2,CARD,"￥5,800","￥6,000代",0,,,,,,,,
2002-03-28,フウキ,妖怪道,5,3,RPG,"￥4,800","￥5,000代",0,,,デビル中村,水野一実|ナナチャン大石|木元昌洋|小森谷勇一郎|サラバジャ南|ホルスタイン安斎|カータン榊原,川田宏行,,,
2002-03-29,エポック社,カエルBバック,1,3,RPG,"￥5,800","￥6,000代",0,,,,,,,,
2002-03-29,エポック社,ドラえもんどこでもウォーカー,5,3,ETC,"￥4,800","￥5,000代",0,,,,,,,,
2002-03-29,ジョルダン,ハムスター倶楽部3,1,3,SLG,"￥5,800","￥6,000代",0,,,,,,,,
2002-03-29,任天堂,ファイアーエムブレム封印の剣,1,3,RPG,"￥4,800","￥5,000代",0,,,,金田榮路(キャラクターデザイン),,堀川将之|前田耕平(シナリオサポート),,
2002-03-29,コーエー,マジカル封神,3,3,RPG,"￥5,800","￥6,000代",0,,,,,,,,
2002-03-29,トミー,新日本プロレス闘魂烈伝アドバンス,1,3,SPT,"￥5,800","￥6,000代",0,,,,,,,,
2002-04-01,小学館,ミニモニ。ミカのハッピーモーニングchatty,1,3,ETC,"￥4,800","￥5,000代",0,,,,,,,,
2002-04-11,グローバル,デンキブロックス！,5,2,PZL,"￥4,800","￥5,000代",0,,,,,,,,
2002-04-12,メディアリング,LUNAR～LEGEND～(ルナ～レジェンド～),1,3,RPG,"￥5,800","￥6,000代",0,,,,,,,,
2002-04-18,カプコン,ひつじのキモチ。,5,2,PZL,"￥4,800","￥5,000代",0,,,,,,,,
2002-04-18,タカラ,人生ゲームアドバンス,1,2,TBL,"￥4,800","￥5,000代",0,,,,,,,,
2002-04-19,トミー,黒ひげのくるっとジンドリ,3,2,PZL,"￥4,800","￥5,000代",0,,,,,,,,
2002-04-19,トミー,黒ひげのゴルフしようよ,3,3,SPT,"￥4,800","￥5,000代",0,,,,,,,,
2002-04-19,エム・ティー･オー,大好きテディ,1,3,ADV,"￥5,480","￥5,500代",0,,,,,,,,
2002-04-25,コナミ,ウイ・イレ,5,3,SPT,"￥5,800","￥6,000代",0,,,,,,,,
2002-04-25,コナミ,テニスの王子様ジーニアス・ボーイズ・アカデミー,3,3,SPT,"￥4,800","￥5,000代",0,,,,,,,,
2002-04-26,日本テレネット,SLOT！PRO2アドバンス～GOGOジャグラー＆Newタイリョウ～,5,2,TBL,"￥4,800","￥5,000代",0,,,,,,,,
2002-04-26,エム・ティー･オー,アドバンスGT2,5,3,RCG,"￥4,800","￥5,000代",0,,,,,,,,
2002-04-26,アルファ・ユニット,おしゃべりインコ倶楽部,3,3,SLG,"￥4,800","￥5,000代",0,,,,,,,,
2002-04-26,サクセス,スパイダーマンミステリオの脅威,5,3,ACT,"￥4,800","￥5,000代",0,,,,,,,,
2002-04-26,サクセス,テトリスワールド,6,2,PZL,"￥3,980","￥4,000代",0,,,,,,,,
2002-04-26,ビクター,ぷくぷく天然かいらんばん,5,2,ADV,"￥4,800","￥5,000代",0,,,,,,,,
2002-04-26,カプコン,ロックマンゼロ,1,3,ACT,"￥4,800","￥5,000代",0,,,,,,,,
2002-04-26,スマイルソフト,携帯電獣テレファング2スピード,1,3,RPG,"￥5,800","￥6,000代",0,,,,,,,,
2002-04-26,スマイルソフト,携帯電獣テレファング2パワー,1,3,RPG,"￥5,800","￥6,000代",0,,,,,,,,
2002-04-26,サミー,頭文字DAnotherStage,1,3,ADV,"￥5,800","￥6,000代",0,,,,,,,,
2002-04-26,加賀テック,日本プロ麻雀連盟公認徹萬アドバンス～免許皆伝シリーズ～,5,3,TBL,"￥4,800","￥5,000代",0,,,,,,,,
2002-05-02,コナミ,コナミアーケードゲームコレクション,6,2,ETC,"￥4,800","￥5,000代",0,,,,,,,豊田稔,
2002-05-02,スパイク,フォーメーションサッカー2002,1,2,SPT,"￥5,800","￥6,000代",0,,,,,,,,
2002-05-02,コナミ,モトクロスマニアックスADVANCE,5,2,RCG,"￥4,800","￥5,000代",0,,,,,,今野敏,,
2002-05-24,カルチャーブレーン,おしゃれプリンセス,5,2,ETC,"￥4,800","￥5,000代",0,,,,,,,,
2002-05-31,ユービーアイソフト,トータルサッカーアドバンス,5,2,SPT,"￥4,800","￥5,000代",0,,,,,,,,
2002-05-31,任天堂,とっとこハム太郎3ラブラブ大冒険でちゅ,1,3,ADV,"￥4,800","￥5,000代",0,,,,,,,,
2002-06-06,コナミ,キャッスルヴァニア白夜の協奏曲,1,3,ACT,"￥4,800","￥5,000代",0,,,,,,,,
2002-06-14,ナムコ,ファミリーテニスアドバンス,5,2,SPT,"￥4,800","￥5,000代",0,,,,,,,,
2002-06-21,ナウプロダクション,ガチンコプロ野球,1,3,SPT,"￥4,800","￥5,000代",0,,,,,,,,
2002-06-27,インフォグラムジャパン,V-RALLY3,5,2,RCG,"￥4,800","￥5,000代",0,,,,,,,,
2002-06-27,グローバル,花札トランプ麻雀デパチカ和洋中,5,2,TBL,"￥3,980","￥4,000代",0,,,,,,,,
2002-06-27,ハドソン,爆転シュートベイブレード2002いくぜ！激闘！超磁力バトル,1,3,SLG,"￥4,800","￥5,000代",0,,,,,,,,
2002-06-28,シャルラク,Natural2-DUO-,3,3,ADV,"￥4,800","￥5,000代",0,,,,,あり,,,
2002-06-28,チュンソフト,かまいたちの夜～ADVANCE～,3,4,ADV,"￥4,800","￥5,000代",0,,,,,,,,
2002-06-28,ＰＣＣＷＪ,かわいいペットショップ物語3,5,2,RPG,"￥4,800","￥5,000代",0,,,,,,,,
2002-06-28,ナムコ,ファミスタアドバンス,5,2,SPT,"￥4,800","￥5,000代",0,,,,,,,,
2002-06-28,任天堂,黄金の太陽失われし時代,3,4,RPG,"￥4,800","￥5,000代",0,,,,,,,,
2002-07-04,セガ,THEPINBALLOFTHEDEAD,5,3,TBL,"￥4,800","￥5,000代",0,,,,,,,,
2002-07-04,コナミ,モンスターゲート,1,3,RPG,"￥4,800","￥5,000代",0,,,,,,,,
2002-07-04,ＧＡエンタテイメント,信長異聞,1,3,SLG,"￥4,800","￥5,000代",0,,,,,,,,
2002-07-04,コナミ,遊戯王デュエルモンスターズ7決闘都市伝説,1,4,RPG,"￥4,800","￥5,000代",0,,,,,,,,
2002-07-05,任天堂,さくらももこのウキウキカーニバル,1,3,ADV,"￥4,800","￥5,000代",0,,,,,,,,
2002-07-05,サンライズインタラクティブ,ハロボッツロボヒーローバトリング！！,1,2,RPG,"￥5,800","￥6,000代",0,,,,,,,,
2002-07-11,タカラ,はめパメ東京ミュウミュウ,1,2,PZL,"￥4,800","￥5,000代",0,,,,,,,,
2002-07-18,コナミ,DisneySports:Soccer,5,4,SPT,"￥5,800","￥6,000代",0,,,,,,,,
2002-07-18,タカラ,HIGHHEATMajorLeagueBaseball2003,5,2,SPT,"￥4,800","￥5,000代",0,,,,,,,,
2002-07-18,コナミ,クラッシュ・バンディクーアドバンス,5,3,ACT,"￥4,800","￥5,000代",0,,,,,,,,
2002-07-18,コナミ,ヒカルの碁2,1,4,TBL,"￥4,800","￥5,000代",0,,,,,,,,
2002-07-18,ハドソン,ピノビィー＆フィービィー,5,3,ACT,"￥4,800","￥5,000代",0,,,,,,,,
2002-07-19,アルトロン,HotWheelsアドバンス,5,3,RCG,"￥4,800","￥5,000代",0,,,,フェデリコ・カルディーニ,,,,
2002-07-19,ティーディーケイコア,お花屋さん物語GBA,5,3,SLG,"￥4,800","￥5,000代",0,,,,,,,,
2002-07-19,エム・ティー･オー,ときめき夢シリーズ(1)お花屋さんになろう！,5,2,SLG,"￥4,800","￥5,000代",0,,,,,,,,
2002-07-19,アトラス,ハムスターパラダイスあどばんちゅ,5,3,SLG,"￥4,800","￥5,000代",0,,,,,,,,
2002-07-19,スパイク,ファイアープロレスリング～夢の団体運営！～,3,4,SPT,"￥5,980","￥6,000代",0,,,,,,,,
2002-07-19,ナツメ,メダロットGカブトバージョン,5,3,ACT,"￥4,800","￥5,000代",0,,,,,,,,
2002-07-19,ナツメ,メダロットGクワガタバージョン,5,3,ACT,"￥4,800","￥5,000代",0,,,,,,,,
2002-07-19,アテナ,勝負師伝説哲也～甦る伝説～,5,3,TBL,"￥5,800","￥6,000代",0,,,,,,,,
2002-07-19,カプコン,超魔界村R,5,2,ACT,"￥4,800","￥5,000代",0,,,篠原雅嗣|まついよしひろ,三並達也|山添公雄|松下進,山口真理,,藤原得郎,
2002-07-20,ユービーアイソフト,アイス・エイジ,6,2,ACT,"￥4,800","￥5,000代",0,,,,,,,,
2002-07-25,コナミ,DisneySports:AmericanFootball,5,4,SPT,"￥5,800","￥6,000代",0,,,,,,,,
2002-07-25,コナミ,DisneySports:Skateboarding,5,4,SPT,"￥5,800","￥6,000代",0,,,,,,,,
2002-07-25,アイドスインタラクティブ,ゴーストトラップ,5,3,ACT,"￥5,800","￥6,000代",0,,,,,,,,
2002-07-25,メディアカイト,バブルボブルOLD＆NEW,5,2,PZL,"￥4,800","￥5,000代",0,,,,,,,,
2002-07-26,サクセス,Vマスタークロス,5,4,CARD,"￥5,800","￥6,000代",0,,,,,,,,
2002-07-26,任天堂,カスタムロボGX,5,3,ACT,"￥4,800","￥5,000代",0,,,,,,,,
2002-07-26,スマイルソフト,ガチャステ！ダイナデバイスブルー,3,3,RPG,"￥4,800","￥5,000代",0,,,,,,,,
2002-07-26,スマイルソフト,ガチャステ！ダイナデバイスレッド,3,3,RPG,"￥4,800","￥5,000代",0,,,,,,,,
2002-07-26,キングレコード,シャーマンキングカードゲーム超・占事略決2,1,3,CARD,"￥4,800","￥5,000代",0,,,,,,,,
2002-08-02,バンプレスト,スーパーロボット大戦R,3,3,SLG,"￥5,800","￥6,000代",0,,,,,,,,
2002-08-02,タイトー,スペースインベーダーEX,5,2,SHT,"￥4,200","￥4,000代",0,,,西角友宏,西角友宏,亀井道行,,,
2002-08-06,ナムコ,風のクロノアG2ドリームチャンプ・トーナメント,5,2,ACT,"￥4,800","￥5,000代",0,,,,,,,,
2002-08-08,セガ,GREATESTNINE,1,3,SPT,"￥5,800","￥6,000代",0,,,,,,,,
2002-08-08,タカラ,コンバットチョロQアドバンス大作戦,1,2,SLG,"￥4,800","￥5,000代",0,,,,,,,,
2002-08-08,セガ,プロ野球チームをつくろう！アドバンス,1,3,SLG,"￥5,800","￥6,000代",0,,,,,,,,
2002-08-09,エム・ティー･オー,なかよしペットアドバンスシリーズ(3)かわいい子猫,5,2,SLG,"￥4,800","￥5,000代",0,,,,,,,,
2002-08-09,任天堂,ミッキーとミニーのマジカルクエスト,5,2,ACT,"￥4,800","￥5,000代",0,,,篠原雅嗣,山本尚司|大西淑文|石原雄二,山口真理|西村達也,,ノア・ダッドリー,
2002-08-10,カプコン,ロックマン＆フォルテ,5,3,ACT,"￥5,800","￥6,000代",0,,,篠原雅嗣|清水睦民|桑名正,鶴逸人|竹村学|有賀ヒトシ|岩本佳浩|出月こーじ,堀山俊彦|水田直志|海田明里,,稲船敬二,
2002-08-23,ナムコ,ミスタードリラーエースふしぎなパクテリア,1,3,PZL,"￥4,800","￥5,000代",0,,,,,,,,
2002-08-23,コーエー,遙かなる時空の中で,5,3,ADV,"￥5,800","￥6,000代",0,,,,水野十子,,ルビー・パーティー,,
2002-08-29,トンキンハウス,姫騎士物語-PrincessBlue-,1,3,ADV,"￥5,800","￥6,000代",0,,,,,,,,
2002-08-30,NECインターチャネル,BLACK/MATRIXZERO,5,3,SLG,"￥5,800","￥6,000代",0,,,,,,,,
2002-09-05,セガ,J.LEAGUEプロサッカークラブをつくろう！アドバンス,1,3,SLG,"￥5,800","￥6,000代",0,,,,,,,,
2002-09-06,任天堂,伝説のスタフィードリームチャンプ・トーナメント,1,3,ACT,"￥4,800","￥5,000代",0,,,,,,,,
2002-09-12,アクレイムジャパン,ズーキューブ,5,2,PZL,"￥4,800","￥5,000代",0,,,,,,,,
2002-09-13,マーベラス,ギャラクシーエンジェルゲームボーイアドバンス盛りだくさん天使のフルコースおかわり自由,5,4,TBL,"￥5,800","￥6,000代",0,,,,,,,,
2002-09-20,エニックス,サムライエボリューション桜国ガイスト,1,2,RPG,"￥5,980","￥6,000代",0,,,,,,,,
2002-09-20,任天堂,スーパーマリオアドバンス3,5,2,ACT,"￥4,800","￥5,000代",56,,手塚卓志|中郷俊彦|日野重文|紺野秀樹,,日野重文|野上恒|飯村正宏|黒梅知明,近藤浩治,,宮本茂,
2002-09-26,コナミ,GROOVEADVENTURERAVE光と闇の大決戦2,1,3,ACT,"￥4,800","￥5,000代",0,,,,松島晃,川井憲次,岸間信明|十川誠志|隅沢克之|時村尚|吉岡たかを,,
2002-09-26,コナミ,エアフォースデルタ2,5,2,SHT,"￥4,800","￥5,000代",0,,,,,,,,
2002-09-27,コトブキシステム,エッグマニアつかんで！まわして！どっすんぱず～る,6,2,PZL,"￥4,800","￥5,000代",0,,,,,,,,
2002-09-27,カプコン,ストリートファイターZERO3↑,5,3,ACT,"￥4,800","￥5,000代",0,,,,,,,,
2002-09-27,マーベラス,ちょびっツforGameboyAdvanceアタシだけのヒト,5,3,SLG,"￥5,800","￥6,000代",0,,,,阿部恒,高浪敬太郎,大川七瀬|金子弦二郎|大久保智康|玉井☆豪|植竹須美男|花田十輝|堀井明子,,
2002-09-27,ジョルダン,ファンシーポケット,1,2,SLG,"￥4,800","￥5,000代",0,,,,,,,,
2002-09-27,アットマーク,メタルガン・スリンガー,5,3,ACT,"￥5,200","￥5,000代",0,,,,,,,,
2002-10-03,ＧＡエンタテイメント,南の海のオデッセイ,5,2,ADV,"￥4,800","￥5,000代",0,,,,,,,,
2002-10-04,ティーディーケイコア,なかよし幼稚園すこやか園児育成ゲーム,5,2,SLG,"￥4,800","￥5,000代",0,,,,,,,,
2002-10-10,コナミ,Jリーグウイニングイレブンアドバンス2002,5,3,SPT,"￥4,800","￥5,000代",0,,,,,,,,
2002-10-17,コナミ,SILENTSCOPE,5,3,SHT,"￥4,800","￥5,000代",0,,,,,,,,
2002-10-17,コナミ,コロッケ！夢のバンカーサバイバル！,1,3,ACT,"￥4,800","￥5,000代",0,,,,,,,,
2002-10-18,カプコン,逆転裁判2,1,3,ADV,"￥4,800","￥5,000代",0,,,,,,,,
2002-10-24,ハドソン,ボンバーマンジェッターズ伝説のボンバーマン,1,3,RPG,"￥4,800","￥5,000代",0,,赤石龍彌,,水野祥司|奈良井梢,田中あや|坂東章平,,藤原茂樹,
2002-10-25,エム・ティー･オー,MotoGP,5,2,RCG,"￥4,800","￥5,000代",0,,,,,,,,
2002-10-25,メディアカイト,カードパーティ,6,3,TBL,"￥3,800","￥4,000代",0,,,,,,,,
2002-10-25,ブロッコリー,デ・ジ・キャラットでじこミュニケーション,1,3,SLG,"￥4,800","￥5,000代",0,,,,,,,,
2002-10-25,ナムコ,テイルズオブザワールドなりきりダンジョン2,5,3,RPG,"￥4,800","￥5,000代",0,,,,,,,吉積信,
2002-10-25,エンターブレイン,ベストプレイプロ野球,3,2,SLG,"￥5,800","￥6,000代",0,,,,,,,,
2002-10-25,マーベラス,モンスターファームアドバンス2,1,3,SLG,"￥5,800","￥6,000代",0,,,,,,,,
2002-10-25,任天堂,星のカービィ夢の泉デラックス,1,3,ACT,"￥4,800","￥5,000代",87,,,,,,,,
2002-10-31,キキ,シルクとコットン,1,3,ADV,"￥5,800","￥6,000代",0,,,,,,,,
2002-10-31,コナミ,ビーストシューター～めざせ闘獣王(ビーストキング)～,1,2,ACT,"￥4,800","￥5,000代",0,,,,,,,,
2002-11-01,カルチャーブレーン,ファンタジックメルヘンのケーキ屋さん物語+動物キャラナビ占い個性心理学,5,3,ADV,"￥4,800","￥5,000代",0,,,,,,,,
2002-11-14,ネットビレッジ,DANDOH！！Xi,1,3,SPT,"￥5,800","￥6,000代",0,,,,,,,,
2002-11-14,コナミ,魂斗羅ハードスピリッツ,6,2,ACT,"￥4,800","￥5,000代",0,,,,,,,大瀧詠一,
2002-11-15,バンプレスト,FromTVanimationONEPIECE～ナナツ島の大秘宝～,1,3,RPG,"￥4,800","￥5,000代",0,,,,,,,,
2002-11-15,ＰＣＣＷＪ,スキャンハンター～千年怪魚を追え！～,1,3,ACT,"￥4,800","￥5,000代",0,,,,,,,,
2002-11-15,アトラス,真・女神転生デビルチルドレン闇の書,1,3,RPG,"￥4,800","￥5,000代",0,,,,,,,,
2002-11-15,アトラス,真・女神転生デビルチルドレン光の書,1,3,RPG,"￥4,800","￥5,000代",0,,,,,,,,
2002-11-21,任天堂,ポケットモンスターサファイア,4,3,RPG,"￥4,800","￥5,000代",262,,増田順一|田尻智,渡辺哲也(メイン)|曽我部仙史(バトルシステム)|玉田荘介(フィールドシステム)|ほか|多数,増田順一|森本茂樹|西野弘二|松島賢二|太田哲司|佐藤仁美|河内丸武史|下山田照幸|大森滋|たかはし ただし|杉森建(アートディレクター)|吉田宏信(メイングラフィックデザイン)|ほか|多数,一之瀬剛|青木森一|増田順一,増田順一(プロット)|西野弘二(プロット)|松宮稔展|とみさわ昭仁(プロットとシナリオ),陣内弘之|出石武宏|鶴宏明|岩田聡|石原恒和,
2002-11-21,任天堂,ポケットモンスタールビー,4,3,RPG,"￥4,800","￥5,000代",255,,増田順一|田尻智,渡辺哲也(メイン)|曽我部仙史(バトルシステム)|玉田荘介(フィールドシステム)|ほか|多数,増田順一|森本茂樹|西野弘二|松島賢二|太田哲司|佐藤仁美|河内丸武史|下山田照幸|大森滋|たかはし ただし|杉森建(アートディレクター)|吉田宏信(メイングラフィックデザイン)|ほか|多数,一之瀬剛|青木森一|増田順一,増田順一(プロット)|西野弘二(プロット)|松宮稔展|とみさわ昭仁(プロットとシナリオ),陣内弘之|出石武宏|鶴宏明|岩田聡|石原恒和,
2002-11-22,バンプレスト,スーパーロボット大戦ORIGINALGENERATION,3,3,SLG,"￥5,800","￥6,000代",0,,,,,,,,
2002-11-22,エム・ティー･オー,ドキドキクッキングシリーズ(1)こむぎちゃんのハッピーケーキ,5,3,SLG,"￥4,800","￥5,000代",0,,,,,,,,
2002-11-23,ＥＡスクウェア,ハリー・ポッターと秘密の部屋,5,3,ADV,"￥4,800","￥5,000代",0,,,,,,,,
2002-11-28,コナミ,K-1ポケットグランプリ2,5,3,ACT,"￥4,800","￥5,000代",0,,,,,,,,
2002-11-28,タカラ,チョロQアドバンス2,1,2,RCG,"￥4,800","￥5,000代",0,,,,,,,,
2002-11-28,コナミ,実況ワールドサッカーポケット2,5,3,SPT,"￥4,800","￥5,000代",0,,,,,,,,
2002-11-29,トミー,リトルバスターQ,1,3,RPG,"￥4,800","￥5,000代",0,,,,樋上いたる|Na-Ga|飯塚晴子|(原案:樋上いたる・Na-Ga)|飯塚晴子|(原案:樋上いたる・Na-Ga),折戸伸治・麻枝准・戸越まごめ・PMMK・三輪学・水月陵・岩崎健一郎,島田満・綾奈ゆにこ,,
2002-11-29,アテナ,彼岸花,5,3,ADV,"￥4,800","￥5,000代",0,,,,,,,,
2002-12-05,コナミ,バス釣りしようぜ！～トーナメントは戦略だ！～,5,3,SPT,"￥4,800","￥5,000代",0,,,,,,,,
2002-12-06,ケムコ,ウッディ・ウッドペッカー・クレイジーキャッスル5,5,3,ACT,"￥4,800","￥5,000代",0,,,,,,,,
2002-12-06,バンプレスト,キン肉マン2世正義超人への道,5,4,ACT,"￥5,800","￥6,000代",0,,,,,,,,
2002-12-06,任天堂,くるりんパラダイス,1,3,ACT,"￥4,800","￥5,000代",0,,,,,,,,
2002-12-06,エポック社,シルバニアファミリー4めぐる季節のタペストリー,5,3,ADV,"￥4,800","￥5,000代",0,,,,,,,,
2002-12-06,エンターブレイン,ダービースタリオンアドバンス,3,2,SLG,"￥5,800","￥6,000代",0,,,,,,,,
2002-12-06,ユービーアイソフト,トゥームレイダー:プロフェシー,6,3,ACT,"￥4,800","￥5,000代",0,,,,,,,,
2002-12-06,カプコン,バトルネットワークロックマンエグゼ3,1,3,RPG,"￥4,800","￥5,000代",50,,,,,,,,
2002-12-06,ケムコ,バルダーダッシュEX,5,2,PZL,"￥4,800","￥5,000代",0,,,ピーター・リエパ|クリストファー・グレー,ピーター・リエパ|クリストファー・グレー,,,,
2002-12-06,ラディック,わたしのメイクサロン,5,2,SLG,"￥4,800","￥5,000代",0,,,,,,,,
2002-12-06,ティーディーケイコア,志村けんのバカ殿様爆笑天下統一ゲーム,5,2,TBL,"￥4,800","￥5,000代",0,,,,,,,,
2002-12-06,ブロッコリー,爆転シュートベイブレード2002激戦！チームバトル！！青龍の章ダイチ編,1,3,ACT,"￥3,980","￥4,000代",0,,,,,,,,
2002-12-06,ブロッコリー,爆転シュートベイブレード2002激戦！チームバトル！！青龍の章タカオ編,1,3,ACT,"￥3,980","￥4,000代",0,,,,,,,,
2002-12-12,コナミ,テニスの王子様-AimatTheVictory！-,1,4,RPG,"￥4,800","￥5,000代",0,,,,,,,,
2002-12-12,エンターテインメント・ソフトウェア・パブリッシング,はじめの一歩THEFIGHTING！,5,3,ACT,"￥4,800","￥5,000代",0,,,,,,,,
2002-12-12,コナミ,ミニモニ。おねがい☆お星さま！,5,3,ETC,"￥4,800","￥5,000代",0,,,,,,,,
2002-12-13,エム・ティー･オー,アオ・ゾーラと仲間たち夢の冒険,5,2,ETC,"￥4,800","￥5,000代",0,,,,,,,,
2002-12-13,ナムコ,クロノアヒーローズ伝説のスターメダル,5,4,RPG,"￥4,800","￥5,000代",0,,,,,,,,
2002-12-13,キングレコード,シャーマンキング超・占事略決3,1,4,CARD,"￥5,800","￥6,000代",0,,,,,,,,
2002-12-13,パシフィック・センチュリー・サイバーワークス・ジャパン,ダライアスR,5,2,SHT,"￥4,800","￥5,000代",0,,河野敏男,長谷川健|くりやまたかし|とみおかひであき|菅原徹|笹谷ひでのり|橋本英樹,河野敏男|藤田朗|三方一哉|きたがわてつろう|わきたよしひろ|鎗田準次|石川幸生|五十嵐恒三|栗城源也|讃岐平|おがわみつる,たなかやすひこ|小倉久佳|八木下直人|なかむらつかさ|高橋英吉|高木正彦,,河野敏男,
2002-12-13,スクウェア,チョコボランド,1,3,TBL,"￥4,800","￥5,000代",0,,,,,,,,
2002-12-13,エポック社,マジャイネーション,5,3,RPG,"￥4,800","￥5,000代",0,,,,,,,,
2002-12-13,サクセス,モンスターメーカー4キラーダイス,1,3,RPG,"￥5,800","￥6,000代",0,,,,,,,,
2002-12-13,サクセス,モンスターメーカー4フラッシュカード,1,3,RPG,"￥5,800","￥6,000代",0,,,,,,,,
2002-12-13,ジョルダン,犬っこ倶楽部～福丸の大冒険～,1,3,ADV,"￥4,800","￥5,000代",0,,,,,,,,
2002-12-19,コナミ,DisneySports:Basketball,5,4,SPT,"￥5,800","￥6,000代",0,,,,,,,,
2002-12-19,セガ,SEGARALLY(セガラリー),1,3,RCG,"￥5,800","￥6,000代",0,,,,,,,,
2002-12-19,セガ,ソニックアドバンス2,3,4,ACT,"￥5,800","￥6,000代",0,,,,,,,,
2002-12-19,コナミ,ボボボーボ・ボーボボ奥義87.5爆烈鼻毛真挙,1,3,RPG,"￥4,800","￥5,000代",0,,,,,,,,
2002-12-19,コナミ,わがまま☆フェアリーミルモでポン！～黄金マラカスの伝説～,5,2,ADV,"￥4,800","￥5,000代",0,,,,,,,宿利剛,
2002-12-20,メトロ・スリーディジャパン,アクロバットキッズ,5,2,ACT,"￥4,800","￥5,000代",0,,,,,,,,
2002-12-20,メディアカイト,エレベーターアクションOLD＆NEW,5,3,RCG,"￥4,800","￥5,000代",0,,,,,,,,
2002-12-20,カルチャーブレーン,おしゃれプリンセス2+動物キャラナビ占い個性心理学,5,3,TBL,"￥4,800","￥5,000代",0,,,,,,,,
2002-12-20,ティーディーケイコア,まんが家デビュー物語お絵描きソフト＆まんが家育成ゲーム！,5,2,SLG,"￥4,800","￥5,000代",0,,,,,,,,
2002-12-20,ナムコ,宇宙大作戦チョコベーダーウチュウからの侵略者,5,3,RPG,"￥4,800","￥5,000代",0,,,,,,,,
2002-12-20,パシフィック・センチュリー・サイバーワークス・ジャパン,闘魂ヒート,5,3,SPT,"￥5,800","￥6,000代",0,,,,,,,,
2002-12-24,カルチャーブレーン,ハムスター物語3GBA,5,3,SLG,"￥4,800","￥5,000代",0,,,,,,,,
2002-12-25,メトロ・スリーディジャパン,DUALBLADES,5,2,ACT,"￥4,800","￥5,000代",0,,,,,,,,
2002-12-25,ナツメ,メダロット弐COREカブトバージョン,5,3,RPG,"￥4,800","￥5,000代",0,,,,,,,,
2002-12-26,コナミ,スパイロアドバンス,5,3,ACT,"￥4,800","￥5,000代",0,,,,,,,,
2002-12-27,マーベラス,SAMURAIDEEPERKYO,5,3,ACT,"￥4,800","￥5,000代",0,,,,ふかざわまなぶ,樹海区狂奏楽団,十川誠志|小山田風狂子|川崎ヒロユキ|中瀬理香|田中哲生|荒川稔久,,
2002-12-27,サクセス,全日本少年サッカー大会2めざせ日本一！,3,3,SLG,"￥4,800","￥5,000代",0,,,,,,,,
2003-01-01,マーベラス,THEKINGOFFIGHTERSEX2～HOWLINGBLOOD～,5,3,ACT,"￥5,800","￥6,000代",0,,,,,,,,
2003-01-01,エム・ティー･オー,きせっこぐるみぃチェスティとぬいぐるみたちの魔法の冒険,5,3,ADV,"￥4,800","￥5,000代",0,,,,,,,,
2003-01-03,シムス,エレミックス！,5,2,ACT,"￥4,800","￥5,000代",0,,,,,,,,
2003-01-09,ＧＡエンタテイメント,不思議の国のアリス,0,2,TBL,"￥4,800","￥5,000代",0,,,,,,,,
2003-01-10,ナムコ,ことばのパズルもじぴったんアドバンス,1,3,PZL,"￥4,800","￥5,000代",0,,,,,,,,
2003-01-16,コナミ,DisneySports:Snowboarding,5,4,SPT,"￥5,800","￥6,000代",0,,,,,,,,
2003-01-16,コナミ,ムゲンボーグ,1,3,RPG,"￥4,800","￥5,000代",0,,,,,,,,
2003-01-23,コナミ,パワプロクンポケット5,1,3,SPT,"￥4,800","￥5,000代",0,,,,,,,,
2003-01-23,エイベックス,犬夜叉奈落の罠！迷いの森の招待状,1,3,TBL,"￥4,800","￥5,000代",0,,,,,,,,
2003-01-24,バンプレスト,マリー、エリー＆アニスのアトリエ～そよ風からの伝言～,5,3,RPG,"￥5,800","￥6,000代",0,,,,,,,,
2003-02-13,コナミ,DisneySports:Motocross,5,4,SPT,"￥5,800","￥6,000代",0,,,,,,,,
2003-02-14,スクウェア,ファイナルファンタジータクティクスアドバンス,3,4,SLG,"￥5,800","￥6,000代",0,,,,,,,,
2003-02-14,任天堂,メトロイドフュージョン,1,3,ACT,"￥4,800","￥5,000代",0,,坂本賀勇,,山根知美,濱野美奈子|藤原玲,坂本賀勇,出石武宏,
2003-02-14,ＥＡスクウェア,ロード・オブ・ザ・リング/二つの塔,5,4,ACT,"￥4,800","￥5,000代",0,,,,,ハワード・ショア,J・R・R・トールキン,,
2003-02-20,コナミ,テニスの王子様2003COOLBLUE,1,4,SPT,"￥4,800","￥5,000代",0,,,,,,,,
2003-02-20,コナミ,テニスの王子様2003PASSIONRED,1,4,SPT,"￥4,800","￥5,000代",0,,,,,,,,
2003-02-21,サクセス,ロードランナー,5,2,ACT,"￥4,800","￥5,000代",0,,,,ダグラス・E・スミス,,,,
2003-02-27,コナミ,ホイッスル！第37回東京都中学校総合体育サッカー大会,1,3,SLG,"￥4,800","￥5,000代",0,,,,,,,,
2003-02-27,コナミ,戦国革命外伝,1,3,ACT,"￥4,800","￥5,000代",0,,,,,,,,
2003-03-07,ナムコ,テイルズオブザワールド～サモナーズリネージ～,1,3,SLG,"￥4,800","￥5,000代",0,,MASASHI KOYANAGI,,奥村大悟(キャラクターデザイン),TAMA,,TOSHIYA HARA,
2003-03-14,任天堂,ゼルダの伝説神々のトライフォース＆4つの剣,5,3,ACT,"￥4,800","￥5,000代",0,,山田洋一(神々のトライフォース)|藤林秀麿(4つの剣),,,竹原裕子(4つの剣)|近藤浩治(4つの剣),,手塚卓志(神々のトライフォース)|船水紀孝(4つの剣)|須藤克洋(4つの剣),
2003-03-14,スクウェア,ドキドキクッキングシリーズ(2)グルメキッチン～ステキなお弁当～,5,3,SLG,"￥5,800","￥6,000代",0,,,,,,,,
2003-03-20,コナミ,GetBackers奪還屋～メトロポリス奪還作戦！～,3,3,RPG,"￥4,800","￥5,000代",0,,,,,,,,
2003-03-20,Ｄ３パブリッシャー,SIMPLE2960(つくろう)ともだちシリーズVol.1THEテーブルゲームコレクション,5,2,TBL,"￥2,960","￥3,000代",0,,,,,,,,
2003-03-20,Ｄ３パブリッシャー,SIMPLE2960(つくろう)ともだちシリーズVol.2THEブロックくずし,5,2,PZL,"￥2,960","￥3,000代",0,,,,,,,,
2003-03-20,マーベラス,シスタープリンセス～リピュア～,5,3,ADV,"￥4,800","￥5,000代",0,,,,新田靖成,I've(ストーリーズ)|岡崎律子(キャラクターズ),,,
2003-03-20,ゲームビレッジ,激闘伝説ノア～ドリームマネージメント～,5,3,SLG,"￥5,800","￥6,000代",0,,,,,,,,
2003-03-20,コナミ,遊戯王デュエルモンスターズ8破滅の大邪神,1,4,RPG,"￥4,800","￥5,000代",0,,,,,,,,
2003-03-21,任天堂,メイドインワリオ,1,3,ACT,"￥4,800","￥5,000代",65,,松岡洋史,大澤和義,清武博二|竹内高,吉冨亮二,,出石武宏,
2003-03-28,エム・ティー･オー,DancingSowrd-閃光-,5,3,ACT,"￥4,800","￥5,000代",0,,,,,,,,
2003-03-28,バンプレスト,FromTVanimationONEPIECEめざせ！キングオブベリー,1,3,ETC,"￥4,800","￥5,000代",0,,,,,,,,
2003-03-28,カルチャーブレーン,パズル＆探偵コレクション,5,3,PZL,"￥4,800","￥5,000代",0,,,,,,,,
2003-03-28,カプコン,ロックマンエグゼ3BLACK,1,3,RPG,"￥4,800","￥5,000代",0,,,,,,,,
2003-03-28,アトラス,真・女神転生,1,3,RPG,"￥4,800","￥5,000代",0,,岡田耕始,佐藤雅美|岡田耕始|國枝剛|高木秀俊,伊藤龍太郎|藤岡一樹|しまだよしあき|鈴木一也(遊企画)|佐藤佐和子|村上哲也|片岡いずみ|高島志郎|金子一馬,増子司,鈴木一也|伊藤龍太郎,新野洋右,
2003-03-29,エニックス,ドラゴンクエストモンスターズキャラバンハート,5,3,RPG,"￥5,980","￥6,000代",63,,,,,,,,
2003-04-17,コナミ,遊戯王デュエルモンスターズインターナショナルワールドワイドエディション,1,4,RPG,"￥4,800","￥5,000代",0,,,,,,,,
2003-04-18,トミー,ZOIDSSAGA2,1,3,RPG,"￥4,800","￥5,000代",0,,,,,,,,
2003-04-18,エム・ティー･オー,エンジェル☆コレクションめざせ！学園のファッションリーダー,5,3,SLG,"￥4,800","￥5,000代",0,,,,,ナオト・インティライミ(作詞・作曲),,,
2003-04-18,ナツメ,メダロット弐COREクワガタバージョン,5,3,RPG,"￥4,800","￥5,000代",0,,,,,,,,
2003-04-18,ビクター,牧場物語～ミネラルタウンのなかまたち～,1,3,SLG,"￥4,800","￥5,000代",0,,,,,,,,
2003-04-24,コナミ,HUNTER×HUNTERみんな友だち大作戦！,1,4,RPG,"￥4,800","￥5,000代",0,,,,,,,,
2003-04-24,フウキ,ZEROONE,5,4,ADV,"￥4,800","￥5,000代",0,,,,,,,,
2003-04-24,タカラ,冒険遊記プラスターワールドプラストオンGP,1,3,RCG,"￥5,800","￥6,000代",0,,,,,,,,
2003-04-24,タカラ,冒険遊記プラスターワールド伝説のプラストゲート,1,3,RPG,"￥5,800","￥6,000代",0,,おといずみたかひで,かわもとつとむ,キャラクターデザイン|神志那弘志|諏訪可奈恵フィギュア製作|アトリエ彩,橋本昌哉|ノイジークローク,藤長野火子,木村昭彦|石本隆史|なかやませい,
2003-04-24,エム・ティー･オー,魔法のパンプキン～アンとグレッグの大冒険～,5,2,ACT,"￥4,800","￥5,000代",0,,,,,,,,
2003-04-25,エンターブレイン,RPGツクールアドバンス,3,3,ETC,"￥5,800","￥6,000代",0,,,,,,,,
2003-04-25,キングレコード,あずまんが大王アドバンス,5,3,TBL,"￥5,800","￥6,000代",0,,,,浅野文彰|加藤やすひさ,栗原正己,あずまきよひこ,,
2003-04-25,コトブキシステム,キッドクラウンのクレイジーチェイス,0,0,ACT,"￥4,800","￥5,000代",0,,,しんどうこういち|かねゆききくお|まつおやすあき|T.MASUMURA,佐々木晃,ふるたしんいち|古田瑶子|折重由美子|ムジカ・プレスト,寺田憲史,,
2003-04-25,バンプレスト,サモンナイトクラフトソード物語,5,3,RPG,"￥5,800","￥6,000代",0,,,,,,,,
2003-04-25,任天堂,ファイアーエムブレム烈火の剣,1,4,SLG,"￥4,800","￥5,000代",0,,金田妙子|西村健太郎,Makoto Katayama,Sachiko Wada(メインデザイン)|樋口雅大(グラフィックチーフ),辻横由佳|春山沙樹,Ken Yokoyama|前田耕平|堀川将之(シナリオサポート),成広通|出石武宏|山上仁志(スーパーバイザー),
2003-05-01,トミー,NARUTO-ナルト-忍術全開！最強忍者大結集,1,3,ACT,"￥4,800","￥5,000代",0,,,,,,,,
2003-05-02,カプコン,ロックマンゼロ2,1,3,ACT,"￥4,800","￥5,000代",0,,,,,,,,
2003-05-08,コナミ,キャッスルヴァニア-暁月の円舞曲-,1,3,ACT,"￥4,800","￥5,000代",0,,,,,,,,
2003-05-23,任天堂,とっとこハム太郎4にじいろ大行進でちゅ,1,3,ADV,"￥4,800","￥5,000代",0,,,,,,,,
2003-05-23,カルチャーブレーン,ハムスター物語コレクション,5,3,ETC,"￥4,800","￥5,000代",0,,,,,,,,
2003-06-05,コナミ,フロッガー魔法の国の大冒険,5,3,ACT,"￥4,800","￥5,000代",0,,,,,,,,
2003-06-12,コナミ,モンスターゲート大いなるダンジョン～封印のオーブ～,1,3,RPG,"￥4,800","￥5,000代",0,,,,,,,,
2003-06-20,任天堂,MOTHER1+2,1,4,RPG,"￥4,800","￥5,000代",0,,,,,,,,
2003-06-20,ナウプロダクション,メタルマックス2改,5,2,RPG,"￥4,800","￥5,000代",0,,中本博通|井戸川孝史,田内智樹|森隆司|諏訪明久,宮岡寛|山本貴嗣,門倉聡,,桝田省治,
2003-06-27,エム・ティー･オー,みんなの飼育シリーズぼくのカブト・クワガタ,5,3,ADV,"￥4,800","￥5,000代",0,,,,,,,,
2003-07-04,ナムコ,ハチエモン,5,2,ACT,"￥4,800","￥5,000代",0,,,,山本良二・辻中達也,,,,
2003-07-11,コトブキシステム,GETボクのムシつかまえて,5,3,ADV,"￥4,800","￥5,000代",0,,,,,ノグチリョウ,飯野陽子|山田能龍|川邊優子(オフィスクレッシェンド)|金沢知樹|渡辺啓|長花枝薪,武藤淳|植田博樹|鈴木佳那子(オフィスクレッシェンド)|市山竜次(オフィスクレッシェンド)|佐井大紀,
2003-07-11,任天堂,スーパーマリオアドバンス4,4,2,ACT,"￥4,800","￥5,000代",76,,宮本茂|手塚卓志,中郷俊彦,宮本茂|手塚卓志|手塚卓志|紺野秀樹|木村浩之,近藤浩治,,宮本茂,
2003-07-11,エム・ティー･オー,なかよしペットアドバンスシリーズ4かわいい仔犬ミニわんこと遊ぼう！！小型犬,5,2,SLG,"￥4,800","￥5,000代",0,,,,,,,,
2003-07-11,アトラス,ハムスターパラダイスピュアハート,5,3,SLG,"￥4,800","￥5,000代",0,,,,,,,,
2003-07-17,コナミ,コロッケ！2闇のバンクとバン女王！,1,4,ACT,"￥4,980","￥5,000代",0,,,,,,,,
2003-07-17,セガ,ソニックピンボールパーティ,3,3,TBL,"￥4,800","￥5,000代",0,,,,,,,,
2003-07-17,コナミ,ボクらの太陽,5,4,RPG,"￥4,980","￥5,000代",0,,,,,,,,
2003-07-18,トミー,CYBERDRIVEZOIDS機獣の戦士ヒュウ,1,3,RPG,"￥5,800","￥6,000代",0,,,,,,,,
2003-07-18,バンプレスト,ドラゴンドライブワールドDブレイク,1,3,RPG,"￥4,800","￥5,000代",0,,,,,,,,
2003-07-18,ジョルダン,ハムスター倶楽部4～しげっち大脱走～,1,3,ADV,"￥4,800","￥5,000代",0,,,,,,,,
2003-07-18,カプコン,ミッキーとミニーのマジカルクエスト2,5,2,ACT,"￥4,800","￥5,000代",0,,,篠原雅嗣,,友澤眞,,ノア・ダッドレー|ゲーリー・グレイパー,
2003-07-24,セガ,シャイニング・ソウル2,3,4,RPG,"￥5,980","￥6,000代",0,,,,,,,,
2003-07-25,カプコン,OnimushaTactics,5,3,RPG,"￥4,800","￥5,000代",0,,,,,,,,
2003-07-25,コトブキシステム,トップギア・ラリーSP,5,2,RCG,"￥4,800","￥5,000代",0,,,,,かみむら周平,G2,,
2003-07-25,ティーディーケイコア,わんニャンどうぶつ病院～☆動物のお医者さん育成ゲーム☆～,5,2,SLG,"￥4,800","￥5,000代",0,,,,,,,,
2003-07-25,アトラス,真・女神転生デビルチルドレンパズルdeコール！,5,2,PZL,"￥4,800","￥5,000代",0,,,,,,,,
2003-07-25,バンプレスト,名探偵コナン～狙われた探偵～,5,3,ADV,"￥4,800","￥5,000代",0,,,,,,,,
2003-08-01,カプコン,アラジン,5,2,ACT,"￥4,800","￥5,000代",0,,,,,,,,
2003-08-01,ナムコ,テイルズオブファンタジア,5,3,RPG,"￥4,800","￥5,000代",0,,菊池栄二,,藤島康介|松竹徳幸,埜邑紀見男,金月龍之介,横山茂|原口洋一,
2003-08-01,任天堂,ポケモンピンボールルビー＆サファイア,1,3,TBL,"￥4,800","￥5,000代",0,,,,,,,,
2003-08-01,デジタルキッズ,幻想魔伝最遊記～反逆の闘神太子～,5,3,ADV,"￥5,800","￥6,000代",0,,,,,,,,
2003-08-01,カルチャーブレーン,仔犬といっしょ！～愛情物語～,0,4,SLG,"￥4,800","￥5,000代",0,,,,,,,,
2003-08-07,タカラ,DUELMASTERS,1,3,CARD,"￥4,800","￥5,000代",0,,,,,,神先史土(シナリオ)|真木孝一郎(テクニカルアドバイザー),,
2003-08-07,ハドソン,ボボボーボ・ボーボボマジで！！？真拳勝負,0,3,RPG,"￥4,800","￥5,000代",0,,,,,,,,
2003-08-08,バンプレスト,スーパーロボット対戦D,3,3,SLG,"￥5,800","￥6,000代",0,,,,,,,レッド→オオチヒロアキ→マツモト,
2003-08-08,ロケットカンパニー,どうぶつ島のチョビぐるみ,0,3,ETC,"￥4,800","￥5,000代",0,,,,,,,,
2003-08-08,カプコン,ロックマンエグゼバトルチップGP,1,3,CARD,"￥4,800","￥5,000代",0,,,,,,,,
2003-08-22,カルチャーブレーン,おしゃれプリンセス3,0,3,SLG,"￥4,800","￥5,000代",0,,,,,,,,
2003-08-29,スクウェア・エニックス,新約聖剣伝説,0,4,RPG,"￥5,800","￥6,000代",0,,石井浩一,吉枝悟,北瀬佳範|大橋悟朗|渋谷員子,伊藤賢治,北瀬佳範,,
2003-09-04,コナミ,GetBackers奪還屋～邪眼封印！～,0,4,RPG,"￥4,980","￥5,000代",0,,,,,,,,
2003-09-05,エム・ティー･オー,おじゃる丸～月光町さんぽでおじゃる～,0,4,ACT,"￥4,800","￥5,000代",0,,,,,,,,
2003-09-05,マーベラス,新きせかえ物語,0,3,ADV,"￥4,800","￥5,000代",0,,,,,,,,
2003-09-05,任天堂,伝説のスタフィー2,0,4,ACT,"￥4,800","￥5,000代",0,,,,,,,,
2003-09-11,コナミ,わがまま☆フェアリーミルモでポン！～対戦！まほうだま～,0,3,PZL,"￥5,800","￥6,000代",0,,,,,,,,
2003-09-12,トミー,NARUTO―ナルト―木の葉戦記,0,3,ADV,"￥4,800","￥5,000代",0,,,,,,,,
2003-09-12,アトラス,真・女神転生デビルチルドレン炎の書,0,3,RPG,"￥4,800","￥5,000代",0,,,,,,,,
2003-09-12,アトラス,真・女神転生デビルチルドレン氷の書,0,3,RPG,"￥4,800","￥5,000代",0,,,,,,,,
2003-09-18,コナミ,探偵学園Q名探偵はキミだ！,0,4,ADV,"￥4,980","￥5,000代",0,,,,,,,,
2003-09-19,カルチャーブレーン,かわいいペット！ゲームギャラリー,0,3,ETC,"￥3,300","￥3,500代",0,,,,,,,,
2003-09-26,スターフィッシュ,バトル×バトル～巨大魚伝説～,0,2,SPT,"￥4,800","￥5,000代",0,,,,,,,,
2003-09-26,アトラス,真・女神転生2,0,3,RPG,"￥4,800","￥5,000代",0,,,,,,,,
2003-09-26,キッズステーション,絶体絶命でんじゃらすじーさん～史上最強の土下座,0,3,ADV,"￥4,800","￥5,000代",0,,,,,,,,
2003-10-09,コナミ,マーメイドメロディーぴちぴちピッチ,0,4,ACT,"￥4,980","￥5,000代",0,,,,まきだかずあき,鶴来正基,横手美智子|花森ぴんく,,
2003-10-16,ハドソン,ボンバーマンジェッターズゲームコレクション,0,3,ETC,"￥4,800","￥5,000代",0,,,,,,,,
2003-10-16,Ｊウイング,魔探偵ロキRAGNAROK～幻想のラビリンス～,0,2,ADV,"￥5,800","￥6,000代",0,,,,,,,,
2003-10-24,任天堂,オリエンタルブルー青の天外,0,4,RPG,"￥4,800","￥5,000代",0,,白水薫里,,荒井弘二(リード)|竹下功一|高原誉之|西尾香織(キャラクターデザイン)|辻野寅次郎(オリジナルキャラクターデザイン)|あいだちか(コンセプトアート),嶋倉一朗,広井王子,遠藤英俊,
2003-10-24,バンプレスト,レジェンドオブダイナミック豪翔伝崩界の輪舞曲,0,3,RPG,?,?,0,,,,,,,,
2003-10-31,サクセス,みんなのソフトシリーズZOOO,0,2,PZL,"￥3,654","￥3,500代",0,,,,,,,,
2003-10-31,エム・ティー･オー,みんなのソフトシリーズみんなの麻雀,0,2,TBL,"￥2,980","￥3,000代",0,,,,,,,,
2003-10-31,サクセス,みんなのソフトシリーズ上海,0,2,PZL,"￥3,654","￥3,500代",0,,,,,,,,
2003-11-01,トミー,サンリオピューロランドオールキャラクターズ,0,2,PZL,"￥4,800","￥5,000代",0,,,,,,,,
2003-11-13,エレクトロニック・アーツ,ハリー・ポッタークイディッチ・ワールドカップ,0,3,SPT,"￥4,800","￥5,000代",0,,,,,,,,
2003-11-14,ティーディーケイコア,こいぬちゃんのはじめてのおさんぽ～子犬のこころ育成ゲーム～,0,3,SLG,"￥4,800","￥5,000代",0,,,,,,,,
2003-11-14,スクウェア・エニックス,スライムもりもりドラゴンクエスト衝撃のしっぽ団,0,4,ADV,"￥5,800","￥6,000代",0,,,,,,,,
2003-11-21,メトロ・スリーディジャパン,パズにんうみにんのパズルでにむ,0,2,PZL,"￥4,800","￥5,000代",0,,,,,,,,
2003-11-21,任天堂,マリオ＆ルイージRPG,0,4,RPG,"￥4,800","￥5,000代",0,,前川嘉彦,,,下村陽子,窪田博之,宮本茂|水野哲夫,
2003-11-21,カプコン,ミッキーとドナルドのマジカルクエスト3,0,2,ACT,"￥4,800","￥5,000代",0,,,,,山口真理|西村達也,,,
2003-11-21,エム・ティー･オー,みんなのソフトシリーズひょっこりひょうたん島ドン・ガバチョ大活躍の巻,0,2,ACT,"￥3,980","￥4,000代",0,,,,,,,,
2003-11-27,バンダイ,SDガンダムGジェネレーションアドバンス,0,4,RPG,"￥5,800","￥6,000代",0,,,,,,,,
2003-11-28,任天堂,F-ZEROファルコン伝説,0,4,RCG,"￥4,800","￥5,000代",0,,,,芦田豊雄|大河広行|小原渉平,根岸貴幸,,,
2003-11-28,カルチャーブレーン,ハムスター物語3EX・4・スペシャル,0,0,SLG,"￥4,800","￥5,000代",0,,,,,,,,
2003-11-28,サクセス,みんなのソフトシリーズテトリスアドバンス,0,2,RPG,"￥3,654","￥3,500代",0,,,,,,,,
2003-12-04,コナミ,あしたのジョー真っ赤に燃え上がれ,0,4,ACT,"￥4,980","￥5,000代",0,,,,,,,,
2003-12-04,コナミ,クラッシュ・バンディクーアドバンス2ぐるぐるさいみん大パニック,0,3,ACT,"￥4,980","￥5,000代",0,,,,,,,,
2003-12-04,セガ,ソニックバトル,0,4,ACT,"￥4,980","￥5,000代",0,,林智之,はまのたかひろ|林智之,林智之|菊地麻比古,前田龍之|床井健一|小林秀聡,菊地麻比古,中裕司,
2003-12-04,コナミ,パワプロクンポケット6,0,3,SPT,"￥4,980","￥5,000代",0,,,,,,,,
2003-12-04,タカラ,冒険遊記プラスターワールド伝説のプラストゲートEX,0,3,RPG,"￥6,800","￥7,000代",0,,,,,,,,
2003-12-04,コナミ,みんなの王子様,0,5,ETC,"￥4,980","￥5,000代",0,,,,興村忠美,佐橋俊彦,,,
2003-12-05,エム・ティー･オー,学園戦記ムリュウ,0,3,ADV,"￥4,800","￥5,000代",0,,,,吉松孝博|井上邦彦,大野雄二,佐藤竜雄,,
2003-12-05,ロケットカンパニー,ガチャステダイナデバイス2ドラゴン,0,2,ACT,"￥4,800","￥5,000代",0,,,,,,,,
2003-12-05,ロケットカンパニー,ガチャステダイナデバイス2フェニックス,0,2,ACT,"￥4,800","￥5,000代",0,,,,,,,,
2003-12-05,イマジニア,シナモロールここにいるよ,0,2,PZL,"￥4,800","￥5,000代",0,,,,,,,,
2003-12-05,エポック社,シルバニアファミリー妖精のステッキとふしぎの木,0,3,ADV,"￥4,800","￥5,000代",0,,,,,,,,
2003-12-06,ユークス,ファインディング・ニモ,0,3,ADV,"￥4,800","￥5,000代",0,,,,,トーマス・ニューマン|ロビー・ウィリアムズ,アンドリュー・スタントン|ボブ・ピーターソン|デヴィッド・レイノルズ,,
2003-12-11,コナミ,ゲゲゲの奇太郎危機一髪妖列島,0,4,ACT,"￥4,980","￥5,000代",0,,,,,,,,
2003-12-11,アタリジャパン,ゴジラ怪獣大乱闘アドバンス,0,2,ACT,"￥4,800","￥5,000代",0,,,,,,,,
2003-12-11,コナミ,コロッケ3クラニュー王国の謎,0,4,ACT,"￥4,980","￥5,000代",0,,,,,,,,
2003-12-11,コナミ,わがままフェアリーミルモでポン8人の時の妖精,0,3,ADV,"￥6,800","￥7,000代",0,,,,,,,,
2003-12-12,ティーディーケイコア,カードキャプターさくらさくらカードDEミニゲーム！,0,2,ETC,"￥4,800","￥5,000代",0,,,,,,,,
2003-12-12,バンプレスト,金色のガッシュベルうなれ友情の電撃(ザゲル),0,3,ACT,"￥4,800","￥5,000代",0,,,,,,,,
2003-12-12,任天堂,スーパードンキーコング,0,3,ACT,"￥4,800","￥5,000代",0,,ティム・スタンパー,クリス・サザーランド|ブレンダン・ガン,グレッグ・メイレス|スティーヴ・メイルズ|ケヴィン・ベイリス|マーク・スティーヴンソン,デヴィッド・ワイズ|イーブリン・フィッシャー|ロビン・ビーンランド,,,
2003-12-12,ティーディーケイコア,ピカピカナース物語はつらつナース育成ゲーム,0,2,SLG,"￥4,800","￥5,000代",0,,,,,,,,
2003-12-12,カプコン,ロックマンエグゼ4トーナメントブルームーン,0,3,RPG,"￥4,800","￥5,000代",0,,,,,,,,
2003-12-12,カプコン,ロックマンエグゼ4トーナメントレッドサン,0,3,RPG,"￥4,800","￥5,000代",0,,,,,,,,
2003-12-12,マーベラス,牧場物語～ミネラルタウンのなかまたちforガール～,0,4,RPG,"￥4,800","￥5,000代",0,,,,,,,,
2003-12-18,セガ,ASTROBOY鉄腕アトムアトムハートの秘密,0,3,ACT,"￥4,980","￥5,000代",0,,岡野哲,八井田満,八井田満,半沢紀夫| 金子剛,岡野哲,熊谷美恵,
2003-12-18,Ｄ３パブリッシャー,SIMPLE2960ともだちシリーズVol.3THEいつでもパズルまっすぐ揃えてストローズ,0,2,PZL,"￥2,960","￥3,000代",0,,,,,,,,
2003-12-18,Ｄ３パブリッシャー,SIMPLE2960ともだちシリーズVol.4THEトランプみんなで遊べる12種類のトランプゲーム,0,2,TBL,"￥2,960","￥3,000代",0,,,,,,,,
2003-12-18,コナミ,マーメイドメロディーぴちぴちピッチぴちぴちパーティー,0,4,ACT,"￥4,980","￥5,000代",0,,,,,,,,
2003-12-18,エレクトロニック・アーツ,メダルオブオナーアドバンス,0,4,ACT,"￥4,800","￥5,000代",0,,,,,,,,
2003-12-19,エム・ティー･オー,お茶犬の部屋,0,3,TBL,"￥3,980","￥4,000代",0,,,,,,,,
2003-12-19,カルチャーブレーン,わんわん名探偵,0,3,SLG,"￥4,800","￥5,000代",0,,,,,,,,
2003-12-30,カルチャーブレーン,魔女っ子クリームちゃんのごっこシリーズ(1)「わんにゃんアイドル学園」,0,2,SLG,"￥4,800","￥5,000代",0,,,,,,,,
2004-01-08,エレクトロニック・アーツ,ロードオブザリング/王の帰還,0,4,ACT,"￥4,800","￥5,000代",0,,,,,ハワード・ショア,J・R・R・トールキン,,
2004-01-22,エレクトロニック・アーツ,ザ・シムズ,0,4,SLG,"￥4,800","￥5,000代",0,,,,,,,,
2004-01-23,カプコン,逆転裁判3,0,3,ADV,"￥4,800","￥5,000代",0,,,,,,,,
2004-01-29,任天堂,ポケットモンスターファイアレッド,0,4,RPG,"￥4,800","￥5,000代",154,,増田順一|田尻智,渡辺哲也(リーダー)|なかむら ひろゆき|田谷正夫|のはら さとし|いわさわ みゆき|ごとう だいすけ|森昭人(システム)|曽我部仙史(システム)|玉田荘介(システム),増田順一|西野弘二|太田哲司|佐藤仁美|大森滋|たかはし ただし|杉森建(アートディレクター)|海野隆雄(グラフィックデザインリーダー),一之瀬剛|増田順一,佐藤仁美|田尻智,陣内弘之|出石武宏|鶴宏明|岩田聡|石原恒和,
2004-01-29,任天堂,ポケットモンスターリーフグリーン,0,4,RPG,"￥4,800","￥5,000代",123,,増田順一|田尻智,渡辺哲也(リーダー)|なかむら ひろゆき|田谷正夫|のはら さとし|いわさわ みゆき|ごとう だいすけ|森昭人(システム)|曽我部仙史(システム)|玉田荘介(システム),増田順一|西野弘二|太田哲司|佐藤仁美|大森滋|たかはし ただし|杉森建(アートディレクター)|海野隆雄(グラフィックデザインリーダー),一之瀬剛|増田順一,佐藤仁美|田尻智,陣内弘之|出石武宏|鶴宏明|岩田聡|石原恒和,
2004-02-05,コナミ,遊☆戯☆王デュエルモンスターズエキスパート3,0,4,CARD,"￥4,800","￥5,000代",0,,,,,,,,
2004-02-11,エレクトロニック・アーツ,007エブリシングオアナッシング,0,3,ACT,"￥4,800","￥5,000代",0,,,,,,,,
2004-02-12,セガ,リリパット王国～リリモニといっしょプニ！～,0,3,ADV,"￥4,800","￥5,000代",0,,,,,,,,
2004-02-14,任天堂,ファミコンミニ01スーパーマリオブラザーズ,0,2,ACT,"￥2,000","￥2,000代",128,,宮本茂,中郷俊彦|森田和明|西田泰也,宮本茂|宮本茂|手塚卓志,近藤浩治,,山内溥|池田宏|宮本茂,
2004-02-14,任天堂,ファミコンミニ02ドンキーコング,0,1,ACT,"￥2,000","￥2,000代",0,,,,,,,,
2004-02-14,任天堂,ファミコンミニ03アイスクライマー,0,2,ACT,"￥2,000","￥2,000代",0,,,,,,,,
2004-02-14,任天堂,ファミコンミニ04エキサイトバイク,0,1,RCG,"￥2,000","￥2,000代",0,,,,,,,,
2004-02-14,任天堂,ファミコンミニ05ゼルダの伝説1,0,1,RPG,"￥2,000","￥2,000代",0,,,,,,,,
2004-02-14,ナムコ,ファミコンミニ06パックマン,0,1,ACT,"￥2,000","￥2,000代",0,,,,,,,,
2004-02-14,ナムコ,ファミコンミニ07ゼビウス,0,2,SHT,"￥2,000","￥2,000代",0,,,,,,,,
2004-02-14,ナムコ,ファミコンミニ08マッピー,0,1,ACT,"￥2,000","￥2,000代",0,,,,,,,,
2004-02-14,ハドソン,ファミコンミニ09ボンバーマン,0,1,ACT,"￥2,000","￥2,000代",0,,,,,,,,
2004-02-14,ハドソン,ファミコンミニ10スターソルジャー,0,1,SHT,"￥2,000","￥2,000代",0,,,,,,,,
2004-03-04,コナミ,探偵学園Q究極トリックに挑め！,0,4,ADV,"￥4,980","￥5,000代",0,,,,,,,,
2004-03-05,エム・ティー･オー,おしゃれワンコ,0,3,SLG,"￥5,040","￥5,000代",0,,,,,,,,
2004-03-05,アトラス,ダウンタウン熱血物語ex,0,2,RPG,"￥4,800","￥5,000代",0,,,,,,,,
2004-03-05,アトラス,ダブルドラゴン双載龍Advance,0,2,ACT,"￥4,800","￥5,000代",0,,,,,,,,
2004-03-05,ジョルダン,対決！ウルトラヒーロー,0,3,ACT,"￥4,800","￥5,000代",0,,,,,ナオト・インティライミ(作詞・作曲),,,
2004-03-11,バンダイ,ワンピースゴーイングベースボール,0,3,SPT,"￥5,040","￥5,000代",0,,,,,,,,
2004-03-18,コナミ,テニスの王子様2004GloriousGold,0,5,SPT,"￥4,980","￥5,000代",0,,,,,,,,
2004-03-18,コナミ,テニスの王子様2004StylishSilver,0,5,SPT,"￥4,980","￥5,000代",0,,,,,,,,
2004-03-18,タカラ,デュエル・マスターズ2～インビンシブル・アドバンス～,0,4,CARD,"￥4,800","￥5,000代",0,,,,,,,,
2004-03-18,コナミ,マーメイドメロディーぴちぴちピッチぴちぴちっとライブスタート！,0,5,ACT,"￥4,980","￥5,000代",0,,,,,,,,
2004-03-18,キッズステーション,絶体絶命でんぢゃらすじｰさん泣きの1回～絶対服従ばいおれんす校長わがはいが一番えらいんじゃい！！～,0,3,ADV,"￥4,800","￥5,000代",0,,,,,,,,
2004-03-18,コナミ,遊☆戯☆王双六のスゴロク,0,3,CARD,"￥4,980","￥5,000代",0,,,,,,,,
2004-03-25,ハドソン,ボボボーボ・ボーボボ9極戦士ギャグ融合,0,4,RPG,"￥4,800","￥5,000代",0,,,,,,,,
2004-03-25,カルチャーブレーン,魔女っ子クリームちゃんのごっこシリーズ2,0,3,ETC,?,?,0,,,,,,,,
2004-03-26,ティーディーケイコア,あかちゃんどうぶつ園～動物のあかちゃん飼育係育成ゲーム！！～,0,3,SLG,"￥4,800","￥5,000代",0,,,,,,,,
2004-03-26,バンプレスト,ドラゴンボールZ舞空闘劇,0,4,ACT,"￥4,800","￥5,000代",0,,,,,,,,
2004-03-26,マーベラス,ぷくぷく天然かいらんばん-恋のキューピット大作戦-,0,2,ADV,"￥4,800","￥5,000代",0,,,,,,,,
2004-03-26,マーベラス,リカちゃんのおしゃれ日記,0,3,ADV,?,?,0,,,,,,,,
2004-03-26,バンダイ,鋼の錬金術師迷走の輪舞曲,0,3,RPG,"￥4,800","￥5,000代",0,,,,,,,,
2004-04-01,バンダイ,デジモンレーシング,0,3,RCG,"￥5,040","￥5,000代",0,,,,,,,,
2004-04-01,マーベラス,東京魔人学園符咒封録,0,4,ADV,"￥6,090","￥6,000代",0,,,,,,,,
2004-04-02,カルチャーブレーン,仔犬といっしょ2～愛情物語～,0,4,SLG,"￥5,040","￥5,000代",0,,,,,,,,
2004-04-15,任天堂,星のカービィ鏡の大迷宮,0,4,ACT,"￥4,800","￥5,000代",74,,,,,,,,
2004-04-16,バンプレスト,クレヨンしんちゃん嵐を呼ぶシネマランドの大冒険！,0,4,ADV,"￥5,040","￥5,000代",0,,,,,,,,
2004-04-22,チュンソフト,シレン・モンスターズNETSAL,0,4,SPT,"￥5,040","￥5,000代",0,,,,,,,,
2004-04-22,任天堂,マリオゴルフGBAツアー,0,4,SPT,"￥4,800","￥5,000代",0,,,,,,,,
2004-04-23,NECインターチャネル,Piaキャロットへようこそ！！3.3,0,3,SLG,"￥5,900","￥6,000代",0,,,,,,,,
2004-04-23,エム・ティー･オー,カードキャプターさくら-さくらカード編-～さくらとカードとおともだち～,0,4,ADV,?,?,0,,,,樋上いたる|門之園恵美|池田和美,折戸伸治|戸越まごめ|麻枝准,志茂文彦,馬場隆博,
2004-04-23,カプコン,ロックマンZERO3,0,3,RPG,"￥5,040","￥5,000代",0,,,,,,,,
2004-04-23,キングレコード,宇宙のステルヴィア,0,3,SLG,?,?,0,,,,うのまこと|鷲尾直広,長岡成貢,XEBEC,,
2004-04-29,トミー,NARUTO-ナルト-最強忍者大結集2,0,3,ACT,"￥5,040","￥5,000代",0,,,,,,,,
2004-04-29,フウキ,ZEROONESP,0,4,ADV,"￥5,040","￥5,000代",0,,,,,,,,
2004-04-29,コナミ,ピューと吹く！ジャガービョ～と出る！メガネくん,0,3,RPG,"￥5,229","￥5,000代",0,,,,,,うすた京介,,
2004-04-29,トミー,ミッキーのポケットリゾート,0,4,ACT,"￥5,040","￥5,000代",0,,,,,,,,
2004-04-30,スターフィッシュ,鋼鉄帝国fromHOT・B,0,2,SHT,"￥5,040","￥5,000代",0,,,,,,,,
2004-05-13,バンダイ,機動戦士ガンダムSEED友と君と戦場で。,0,3,ADV,"￥5,040","￥5,000代",0,,,,,,,,
2004-05-21,任天堂,ファミコンミニ11マリオブラザーズ,0,2,ACT,"￥2,000","￥2,000代",0,,,,,,,,
2004-05-21,任天堂,ファミコンミニ12クルクルランド,0,2,ACT,"￥2,000","￥2,000代",0,,,,,,,,
2004-05-21,任天堂,ファミコンミニ13バルーンファイト,0,2,ACT,"￥2,000","￥2,000代",0,,,,,,,,
2004-05-21,任天堂,ファミコンミニ14レッキングクルー,0,2,ACT,"￥2,000","￥2,000代",0,,,,,,,,
2004-05-21,任天堂,ファミコンミニ15ドクターマリオ,0,2,PZL,"￥2,000","￥2,000代",0,,,,,,,,
2004-05-21,任天堂,ファミコンミニ16ディグダグ,0,2,ACT,"￥2,000","￥2,000代",0,,,,,,,,
2004-05-21,任天堂,ファミコンミニ17高橋名人の冒険島,0,2,ACT,"￥2,000","￥2,000代",0,,,,,,,,
2004-05-21,任天堂,ファミコンミニ18魔界村,0,2,ACT,"￥2,000","￥2,000代",0,,,,,,,,
2004-05-21,任天堂,ファミコンミニ19ツインビー,0,2,SHT,"￥2,000","￥2,000代",0,,,,,,,,
2004-05-21,任天堂,ファミコンミニ20がんばれゴエモンからくり道中,0,2,ACT,"￥2,000","￥2,000代",0,,,,,,,,
2004-05-27,ジャレコ,じゃじゃ丸Jr.伝承記～ジャレコレもあり候～,0,2,ACT,"￥5,040","￥5,000代",0,,,,,,,,
2004-05-27,任天堂,メトロイドゼロミッション,0,3,ACT,"￥4,800","￥5,000代",0,,坂本賀勇,,,山本健誌|濱野美奈子,,出石武宏,
2004-06-10,任天堂,マリオvs.ドンキーコング,0,4,ACT,"￥4,800","￥5,000代",0,,,,,,,,
2004-06-17,セガ,ソニックアドバンス3,0,4,ACT,?,?,0,,,,,,,,
2004-06-17,コナミ,フロッガー古代文明のなぞ,0,3,ACT,"￥5,229","￥5,000代",0,,,,,,,,
2004-06-24,ミコット・エンド・バサラ,BBボール,0,3,SPT,"￥6,090","￥6,000代",0,,,,,,,,
2004-06-24,カルチャーブレーン,スーパーチャイニーズ1・2アドバンス,0,2,ACT,"￥5,040","￥5,000代",0,,,,,,,,
2004-06-24,スクウェア・エニックス,ドラゴンクエストキャラクターズトルネコの大冒険3アドバンス不思議のダンジョン,0,4,RPG,"￥5,980","￥6,000代",0,,,,,,,,
2004-06-25,エム・ティー･オー,ワンコでくるりん！ワンクル,0,3,PZL,"￥5,040","￥5,000代",0,,,,,,,,
2004-06-26,エレクトロニック・アーツ,ハリー・ポッターとアズカバンの囚人,0,4,ACT,"￥5,040","￥5,000代",0,,,,,,,,
2004-07-01,任天堂,スーパードンキーコング2,0,3,ACT,"￥4,800","￥5,000代",0,,,クリス・サザーランド,グレッグ・メイレス|アンドリュー・コラード|スティーヴ・メイレス,デビッド・ワイズ,リー・ラブデー(英語版),グレッグ・メイレス(英語版),
2004-07-15,バンダイ,かいけつゾロリとまほうのゆうえんちお姫様をすくえ！,0,4,ACT,"￥5,040","￥5,000代",0,,,,,,,,
2004-07-15,ブロッコリー,でじこミュニケーション2(にょ)打倒！ブラックゲマゲマ団,0,4,SLG,?,?,0,,,,,,,,
2004-07-15,任天堂,とっとこハム太郎ハムハムスポーツ,0,4,SPT,"￥4,800","￥4,800",0,,,,,,,,
2004-07-15,ＥＲＴＡＩＮ,モンスターサマナー,0,3,SLG,?,?,0,,,,,,,,
2004-07-15,コナミ,わがまま☆フェアリーミルモでポン！夢のカケラ,0,3,SLG,"￥5,229","￥5,000代",0,,須藤典彦[注 1],,松原徳弘|亀田祥倫,やまだ豊,青山剛昌,,
2004-07-16,バンプレスト,金色のガッシュベル！！魔界のブックマーク,0,3,RPG,"￥5,040","￥5,000代",0,,中村哲冶→貝澤幸男,,大塚健,大谷幸,雷句誠,,
2004-07-16,キッズステーション,絶体絶命でんぢゃらすじーさん痛～怒りのおしおきブルース～,0,3,ACT,?,?,0,,,,,,,,
2004-07-22,コナミ,GetRide！アムドライバー閃光のヒーロー誕生！,0,4,RCG,"￥5,229","￥5,000代",0,,,,,,,,
2004-07-22,トミー,NARUTO-ナルト-ナルトRPG～受けつがれし火の意志～,0,4,RPG,"￥5,040","￥5,000代",0,,,,,,,,
2004-07-22,コナミ,コロッケ！4バンクの森の守護神,0,4,ACT,"￥5,229","￥5,000代",0,,,,,,,,
2004-07-22,タカラ,デュエルマスターズ2切札勝舞Ver.,0,3,CARD,"￥5,040","￥5,000代",0,,,,,,,,
2004-07-22,ティーディーケイコア,学校の怪談アドバンス～百妖箱の封印～,0,3,ADV,?,?,0,,,,,,,,
2004-07-22,バンダイ,鋼の錬金術師想い出の奏鳴曲,0,3,ADV,"￥5,040","￥5,000代",0,,,,,,,,
2004-07-22,コナミ,続ボクらの太陽～太陽少年ジャンゴ～,0,4,RPG,"￥5,229","￥5,000代",0,,,,,,,,
2004-07-23,バンプレスト,DRAGONBALLZTHELEGACYOFGOKUIIINTERNATIONAL,0,3,ACT,"￥5,040","￥5,000代",0,,,,,,,,
2004-07-24,セガ,ぷよぷよフィーバー,0,3,PZL,"￥5,040","￥5,000代",0,,湯田高志,,竹浪秀行(キャラクターデザイン),,,中裕司,
2004-07-29,スクウェア・エニックス,FINALFANTASYI・IIADVANCE,0,4,RPG,"￥6,090","￥6,000代",0,,,,,,,,
2004-07-29,アルゼ,ドンちゃんパズル花火でドーン！アドバンス,5,3,PZL,"￥5,040","￥5,000代",0,,,,,,,,
2004-07-29,コナミコンピュータエンタテインメントスタジオ,パワプロクンポケット1・2,0,3,SPT,"￥4,179","￥4,000代",0,,,,,,,,
2004-07-29,バンダイ,レジェンズ甦る試練の島,0,3,RPG,?,?,0,,小野勝巳,,小林一幸,安部純|武藤星児,渡辺けんじ,,
2004-07-29,アルゼ,花火百景アドバンス,2,2,SLG,"￥5,040","￥5,000代",0,,,,,,,,
2004-08-05,アトラス,B-伝説！バトルビーダマン～燃えろ！ビー魂！！～,5,3,ADV,"￥5,040","￥5,000代",0,,,,,,,,
2004-08-05,バンダイ,SDガンダムフォース,5,3,ACT,"￥5,040","￥5,000代",0,,,,木村貴宏,池頼広,矢立肇|富野由悠季,,
2004-08-05,ロケットカンパニー,ウルトラ警備隊モンスターアタック,2,3,SLG,?,?,0,,,,,,,,
2004-08-05,セガ,シャニング・フォース～黒き竜の復活～,1,3,RPG,?,?,0,,田口泰宏|折茂賢司,田口泰宏|田川佳紀|内藤寛|小寺春樹,高橋宏之|吉田英博|玉木美孝,吉村政彦,和智正喜|玉木美孝|高橋宏之,高橋宏之,
2004-08-05,ロケットカンパニー,どうぶつ島のチョビぐるみ2タマちゃん物語,0,2,ADV,?,?,0,,,,,,,,
2004-08-05,ティーディーケイコア,ひまわりどうぶつ病院～ペットのお医者さん育成ゲーム～,5,3,SLG,?,?,0,,,,,,,,
2004-08-05,任天堂,伝説のスタフィー3,1,4,ACT,"￥5,040","￥5,000代",0,,,,,,,,
2004-08-06,カプコン,ロックマンエグゼ4.5リアルオペレーション,1,3,RPG,"￥5,040","￥5,000代",0,,,,,,,,
2004-08-10,任天堂,ファミコンミニ21スーパーマリオブラザーズ2,0,2,ACT,"￥2,000","￥2,000代",0,,,,,,,,
2004-08-10,任天堂,ファミコンミニ22謎の村雨城,0,2,ACT,"￥2,000","￥2,000代",0,,,,,,,,
2004-08-10,任天堂,ファミコンミニ23メトロイド,0,2,ACT,"￥2,000","￥2,000代",0,,,,,,,,
2004-08-10,任天堂,ファミコンミニ24光神話パルテナの鏡,0,2,ACT,"￥2,000","￥2,000代",0,,,,,,,,
2004-08-10,任天堂,ファミコンミニ25リンクの冒険,0,2,RPG,"￥2,000","￥2,000代",0,,,,,,,,
2004-08-10,任天堂,ファミコンミニ26ふぁみこんむかし話新・鬼ヶ島前後編,0,2,ADV,"￥2,000","￥2,000代",0,,,,,,,,
2004-08-10,任天堂,ファミコンミニ27ファミコン探偵倶楽部消えた後継者前後編,0,2,ADV,"￥2,000","￥2,000代",0,,,,,,,,
2004-08-10,任天堂,ファミコンミニ28ファミコン探偵倶楽部PART2うしろに立つ少女前後編,0,2,ADV,"￥2,000","￥2,000代",0,,,,,,,,
2004-08-10,コナミ,ファミコンミニ29悪魔城ドラキュラ,0,2,ACT,"￥2,000","￥2,000代",0,,,,,,,,
2004-08-10,バンダイ,ファミコンミニ30SDガンダムワールドガチャポン戦士スクランブルウォーズ,0,2,SLG,"￥2,000","￥2,000代",0,,,,,,,,
2004-08-20,バンプレスト,サモンナイトクラフトソード物語2,0,4,RPG,?,?,0,,,,,,,,
2004-08-26,コナミ,クラッシュ・バンディクー爆走！ニトロカート,0,3,RCG,"￥5,040","￥5,000代",0,,,,,,,,
2004-08-26,任天堂,スーパーマリオボール,0,4,ADV,"￥4,800","￥5,000代",0,,,,,,,,
2004-09-09,ハドソン,ボボボーボ・ボーボボ爆闘ハジケ大戦,0,4,ACT,?,?,0,,,,,,,,
2004-09-16,任天堂,ポケットモンスターエメラルド,0,4,RPG,"￥4,800","￥5,000代",180,,増田順一|田尻智,渡辺哲也(メイン)|曽我部仙史(バトルシステム)|玉田荘介(フィールドシステム)|ほか|多数,増田順一|森本茂樹|西野弘二|松島賢二|太田哲司|佐藤仁美|河内丸武史|下山田照幸|大森滋|たかはし ただし|杉森建(アートディレクター)|吉田宏信(メイングラフィックデザイン)|ほか|多数,一之瀬剛|青木森一|増田順一,増田順一(プロット)|西野弘二(プロット)|松宮稔展|とみさわ昭仁(プロットとシナリオ),陣内弘之|出石武宏|鶴宏明|岩田聡|石原恒和,
2004-09-22,タカラ,DANDOH！！飛ばせ！勝利のスマイルショット！！,0,3,SPT,?,?,0,,,,,,,,
2004-09-22,トレジャー,アドバンスガーディアンヒーローズ,0,3,ACT,"￥5,040","￥5,000代",0,,前川正人|長谷川勝弘,右京雅生,菊地徹彦|右京雅生|菊地徹彦|木村幸一,鈴木勝彦|半沢紀雄,木村幸一,麻生宏,
2004-09-22,エム・ティー･オー,エンジェルコレクション2ピチモになろう,0,3,RPG,?,?,0,,,,,,,,
2004-09-24,サクセス,みんなのソフトシリーズみんなの将棋,0,2,TBL,?,?,0,,,,,,,,
2004-10-07,任天堂,ファイアーエムブレム聖魔の光石,0,4,RPG,"￥4,800","￥5,000代",0,,,,,,前田耕平,,
2004-10-14,任天堂,まわるメイドインワリオ,0,4,ACT,"￥4,800","￥5,000代",0,,阿部悟郎,大澤和義,竹内高,,,,
2004-10-21,任天堂,エフゼロクライマックス,0,4,RCG,"￥4,800","￥5,000代",0,,,,,,,,
2004-10-21,キッズステーション,戦闘員山田はじめ,0,3,ACT,"￥5,040","￥5,000代",0,,,,,,,,
2004-10-22,カルチャーブレーン,ツインシリーズ2おしゃれプリンセス4/恋愛占い大作戦,0,3,ETC,?,?,0,,,,,,,,
2004-10-28,エム・ティー・オー,お茶犬くるりん～ほんわかパズルでほっとしよ？～,0,2,PZL,?,?,0,,,,,,,,
2004-10-28,バンダイ,バトローラーX,0,2,RPG,?,?,0,,,,,,,,
2004-10-28,ティーディーケイコア,フルーツ村のどうぶつたち,0,3,SLG,"￥5,040","￥5,000代",0,,,,,,,,
2004-10-28,ジャレコ,燃えろ！！ジャレココレクション,0,2,ETC,"￥5,040","￥5,000代",0,,,,,,,,
2004-11-04,アイイーインスティテュート,□いアタマを○くする。アドバンス-漢字・計算-,0,2,ETC,?,?,0,,,,,,,,
2004-11-04,アイイーインスティテュート,□いアタマを○くする。アドバンス-国語・算数・社会・理科-,0,2,ETC,?,?,0,,,,,,,,
2004-11-04,ロケットカンパニー,スーパーリアル麻雀同窓会,0,3,TBL,?,?,0,,,,,,,,
2004-11-04,任天堂,ゼルダの伝説ふしぎのぼうし,0,4,ADV,?,?,0,,藤林秀麿,,,高野充彦,,稲船敬二,
2004-11-04,ロケットカンパニー,真・女神転生デビルチルドレンメシアライザー,0,3,RPG,"￥5,040","￥5,000代",0,,,,,,,,
2004-11-11,スクウェア・エニックス,キングダムハーツチェインオブメモリーズ,0,5,RPG,"￥6,279","￥6,500代",0,,,,,,,,
2004-11-18,バンプレスト,ドラゴンボールアドバンスアドベンチャー,0,4,ACT,"￥5,040","￥5,000代",0,,,,,,,,
2004-11-18,SNKプレイモア,メタルスラッグアドバンス,0,3,ACT,?,?,0,,,,,,,,
2004-11-18,キッズステーション,学園アリス～ドキドキ★不思議たいけん～,0,3,ADV,?,?,0,,,,,,,,
2004-11-19,ユークス,ファインディング・ニモ-新しい冒険-,0,2,ACT,?,?,0,,,,,,,,
2004-11-25,スティング,Riviera～約束の地リヴィエラ～,0,4,RPG,"￥6,090","￥6,000代",0,,,,,あり,,,
2004-11-25,エム・ティー・オー,かわいい仔犬ワンダフル,0,3,SLG,"￥5,040","￥5,000代",0,,,,,,,,
2004-11-25,バンダイ,機動戦士ガンダムSEEDDESTINY,0,3,ACT,"￥5,040","￥5,000代",0,,,,平井久司|大河原邦男|山根公利,佐橋俊彦,矢立肇|富野由悠季,,
2004-11-25,バンダイ,忘却の旋律,0,3,ADV,"￥6,090","￥6,000代",0,,,,長谷川眞也|吉成曜|宮尾佳和,桑野聖|周防義和,榎戸洋司,,
2004-11-25,任天堂,ゲームボーイウォーズアドバンス1+2,0,3,SLG,"￥4,751","￥5,000代",0,,,,,,,,
2004-11-27,アルゼ,アレックボードンアドベンチャータワー＆シャフトアドバンス,0,2,ACT,?,?,0,,,,,,,,
2004-12-02,バンダイ,Kiss×Kiss星鈴学園,0,2,SLG,"￥5,040","￥5,000代",0,,,,,,,,
2004-12-02,ディースリー・パブリッシャー,Mr.インクレディブル,0,3,ACT,"￥5,040","￥5,000代",0,,,,,マイケル・ジアッキーノ,ブラッド・バード,,
2004-12-02,エレクトロニック・アーツ,ザ・アーブズシムズ・イン・ザ・シティ,0,5,ADV,"￥5,040","￥5,000代",0,,,,,,,,
2004-12-02,イマジニア,シナモンゆめの大冒険,0,5,ACT,?,?,0,,,,,,,,
2004-12-02,エポック社,シルバニアファミリーファッションデザイナーになりたい！くるみリスの女の子,0,3,SLG,"￥5,040","￥5,000代",0,,須藤典彦[注 1],,松原徳弘|亀田祥倫,やまだ豊,青山剛昌,,
2004-12-02,コナミ,パワプロクンポケット7,0,3,SPT,"￥5,229","￥5,000代",0,,,,,,,,
2004-12-09,ビベンディ ユニバーサル ゲームズ,クラッシュ・バンディクーアドバンスわくわく友ダチ大作戦！,0,4,ACT,"￥5,040","￥5,000代",0,,,,,,,,
2004-12-09,サンライズインタラクティブ,ケロロ軍曹対決！激走ケロンプリ大作戦であります！！,0,2,RCG,"￥5,040","￥5,000代",0,,,,,,,,
2004-12-09,コナミ,コロッケ！Great時空の冒険者,0,4,RPG,"￥5,040","￥5,000代",0,,,,,,,,
2004-12-09,ビベンディ ユニバーサル ゲームズ,スパイロアドバンスわくわく友ダチ大作戦！,0,4,ACT,"￥5,040","￥5,000代",0,,,,,,,,
2004-12-09,ティーディーケイコア,ハロー！アイドルデビュー～キッズアイドル育成ゲーム～,0,3,SLG,?,?,0,,,,,,,,
2004-12-09,マーベラスインタラクティブ,ぷくぷく天然かいらんばんようこそ！イリュージョンランドへ,0,3,ADV,?,?,0,,,,,,,,
2004-12-09,バンダイ,ふたりはプリキュアありえな～い！夢の国は大迷宮,0,2,ACT,"￥5,040","￥5,000代",0,,西尾大介,,稲上晃,佐藤直紀,東堂いづみ,,
2004-12-09,アガツマ・エンタテインメント,ポケいぬ,0,3,?,?,?,0,,,,,,,,
2004-12-09,任天堂,ヨッシーの万有引力,0,3,ACT,"￥4,800","￥5,000代",0,,,,,,,,
2004-12-09,カプコン,ロックマンエグゼ5チーム・オブ・ブルース,0,3,RPG,"￥4,990","￥5,000代",0,,,,,,,,
2004-12-09,バンダイ,陰陽大戦記零式,0,3,RPG,"￥5,040","￥5,000代",0,,,,,,,,
2004-12-10,カルチャーブレーン,ツインシリーズVol.3「ムシモン王者決定戦昆虫モンスター/スーパーチャイニーズラビリンス」,0,3,ETC,"￥5,040","￥5,000代",0,,,,,,,,
2004-12-10,カルチャーブレーン,ツインシリーズVol.4「ハムハムモンスターEX/ファンタジーパズルハムスター物語魔法の迷宮1.2.3」,0,4,ETC,"￥4,599","￥4,500代",0,,,,,,,,
2004-12-10,カルチャーブレーン,ツインシリーズVol.5「わんわん名探偵EX/魔法の国のケーキ屋さん物語」,0,4,ETC,"￥4,599","￥4,500代",0,,,,,,,,
2004-12-10,カルチャーブレーン,ツインシリーズVol.6「わんにゃんアイドル学園/仔犬といっしょスペシャル」,0,3,ETC,"￥4,599","￥4,500代",0,,,,,,,,
2004-12-16,コナミ,GetRide！アムドライバー出撃！バトルパーティー,0,4,ACT,"￥5,040","￥5,000代",0,,,,,,,,
2004-12-16,トミー,ZOIDSSAGAフューザーズ,0,3,RPG,"￥5,040","￥5,000代",0,,,,,,,,
2004-12-16,アトラス,デュエル・マスターズ3,0,3,CARD,"￥5,040","￥5,000代",0,,,,平岡正幸|長森佳容|伊東英樹|伊東英樹(第1 - 50話)|平岡正幸|薮本陽輔|野田康行(第1・2期)|越貴文(第3期)|越貴文|橋詰力,坂部剛,松本しげのぶ(原作)| 金林洋(作画),,
2004-12-16,エム・ティー・オー,リトルパティシエケーキのお城,0,3,SLG,"￥5,040","￥5,000代",0,,,,,,,,
2004-12-16,コナミ,わがまま☆フェアリーミルモでポン！なぞのカギと真実のトビラ,0,3,ACT,"￥4,725","￥4,500代",0,,,,,,,,
2004-12-16,ティーディーケイコア,わんこ・みっくす,0,3,RPG,?,?,0,,,,,,,,
2004-12-16,イマジニア,真型メダロット(カブトバージョン),0,3,RPG,?,?,0,,,,,,,Terukado,
2004-12-16,イマジニア,真型メダロット(クワガタバージョン),0,3,RPG,?,?,0,,,,,,,Terukado,
2004-12-16,キッズステーション,絶体絶命でんぢゃらすじーさん3～果てしなき魔物語～,0,3,ACT,?,?,0,,,,,,,,
2004-12-17,カルチャーブレーン,かわいいペットゲームギャラリー2,0,3,ETC,"￥3,654","￥3,500代",0,,,,,,,,
2004-12-17,カルチャーブレーン,ツインパズル,0,2,ETC,"￥3,599","￥3,500代",0,,,,,,,,
2004-12-22,エレクトロニック・アーツ,ロード・オブ・ザ・リング中つ国第三紀,0,4,RPG,"￥5,040","￥5,000代",0,,,,,ハワード・ショア,J・R・R・トールキン|『指輪物語』,,
2004-12-22,バンプレスト,金色のガッシュベル！！うなれ！友情の電撃2,0,4,ACT,"￥5,040","￥5,000代",0,,,,,,,,
2004-12-23,コナミ,幻星神ジャスティライザー装着！地球の戦士たち,0,4,ACT,"￥5,040","￥5,000代",0,,,,,,,,
2004-12-30,コナミ,遊戯王デュエルモンスターズインターナショナル2,0,4,CARD,"￥5,040","￥5,000代",0,,,,,,,,
2005-01-06,ナムコ,テイルズオブザワールドなりきりダンジョン3,0,4,RPG,"￥5,040","￥5,000代",0,,,,桝田省治,,前田圭士,吉積信,
2005-01-13,任天堂,マリオパーティアドバンス,0,3,ETC,"￥4,800","￥5,000代",0,,,,,,,,
2005-01-14,サクセス,みんなのソフトシリーズハッピートランプ20,0,2,TBL,"￥3,129","￥3,000代",0,,,,,,,,
2005-01-20,コナミ,ホビットの冒険ロードオブザリングはじまりの物語,0,4,RPG,?,?,0,,,,,,,,
2005-01-20,バンダイ,冒険王ビィトバスターズロード,0,4,RPG,?,?,0,,,,,,,,
2005-01-27,バンダイ,がんばれ！ドッジファイターズ,0,2,ACT,"￥5,040","￥5,000代",0,,,,,,,,
2005-01-27,コーエー,三國志英傑伝,0,2,RPG,"￥5,040","￥5,000代",0,,,,,吉田明永,,フクザワ・エイジ,
2005-01-27,コーエー,三國志孔明伝,0,3,RPG,"￥5,040","￥5,000代",0,,,,,,,フクザワ・エイジ,
2005-01-27,マーベラスインタラクティブ,探偵神宮寺三郎白い影の少女,0,3,ADV,?,?,0,,石川浩一,近藤隆,寺田克也|今野恵美,"馳見 ""Ace"" 大地",中島良|中村誠|石川泰之,西山英一,
2005-02-03,バンプレスト,スーパーロボット大戦ORIGINALGENERATION2,0,4,RPG,?,?,0,,,,,,,,
2005-02-17,バンダイ,レジェンズサインオブネクロム,0,4,RPG,"￥6,279","￥6,500代",0,,小野勝巳,,小林一幸,安部純|武藤星児,渡辺けんじ,,
2005-02-24,カプコン,ロックマンエグゼ5チームオブカーネル,0,3,RPG,?,?,0,,,,,,,,
2005-03-10,tasuke,めざせ！甲子園！,0,3,SPT,?,?,0,,,,,,,古橋由依子|林絵里,
2005-03-10,任天堂,千年家族,0,4,SLG,"￥4,800","￥5,000代",0,,,,,,,,
2005-03-17,コナミ,カッパの飼い方-HowTobreedkappas-かぁたん大冒険,0,3,ACT,"￥5,040","￥5,000代",0,,,,,,,,
2005-03-24,エム・ティー・オー,にゃんにゃんにゃんこのにゃんコレクション,0,3,TBL,?,?,0,,,,,,,,
2005-03-24,コーエー,真・三國無双アドバンス,0,4,ACT,"￥5,040","￥5,000代",0,,,,,,,,
2005-03-31,タイトー,シャーク・テイル,0,3,ACT,"￥5,040","￥5,000代",0,,,,,ハンス・ジマー,ロブ・レターマン|マイケル・J・ウィルソン,,
2005-04-21,カプコン,ロックマンゼロ4,0,4,ACT,?,?,0,,,,,,,,
2005-04-21,コナミ,傑作選！がんばれゴエモン1.2ゆき姫とマッギネス,0,4,ACT,"￥3,990","￥4,000代",0,,,,,,,,
2005-04-21,バンプレスト,名探偵コナン暁のモニュメント,0,3,ADV,"￥5,040","￥5,000代",0,,,,,,,,
2005-04-28,バンダイ,ONEPIECEドラゴンドリーム！,0,4,RPG,"￥5,040","￥5,000代",0,,,,,,,,
2005-04-28,任天堂,TheTowerSP,0,3,SLG,"￥4,800","￥5,000代",0,,,,,,,,
2005-04-28,エム・ティー・オー,お茶犬の夢冒険,0,3,ACT,"￥4,410","￥4,500代",0,,,,,,,,
2005-04-28,イマジニア,リラックマなまいにち,0,2,ACT,"￥5,040","￥5,000代",0,,,,,,,,
2005-05-03,カルチャーブレーン,昆虫モンスター・バトルスタジアム,0,3,SLG,"￥5,040","￥5,000代",0,,,,,,,,
2005-05-03,カルチャーブレーン,昆虫モンスター・バトルマスター,0,3,SLG,"￥5,040","￥5,000代",0,,,,,,,,
2005-05-19,バンダイ,ファンタジックチルドレン,0,3,ADV,"￥5,040","￥5,000代",0,,,,なかむらたかし,上野耕路,なかむらたかし(原案),,
2005-05-19,任天堂,ぶらぶらドンキー,0,3,ACT,"￥3,800","￥4,000代",0,,,,,,,,
2005-06-16,任天堂,のののパズルちゃいリアン,0,3,PZL,"￥3,800","￥4,000代",0,,,,,,,,
2005-06-23,マーベラスインタラクティブ,魔法先生ネギま！プライベートレッスンだめですぅ♥図書館島,0,4,RPG,?,?,0,,,,,,,,
2005-06-30,コナミ,メルヘヴン～KNOCKIN'ONHEAVEN'SDOOR～,0,4,RPG,"￥5,040","￥5,000代",0,,,,小丸敏之|蝦名康哲(第1話 - 第51話)|→今野幸一(第52話 - 第102話)(ÄRMデザイン),池田大介,安西信行,,
2005-06-30,セガ,甲虫王者ムシキング～グレイテストチャンピオンへの道～,0,5,RPG,"￥5,040","￥5,000代",64,,,,,,,,
2005-06-30,ハドソン,桃太郎電鉄G～ゴールド・デッキを作れ！,0,4,TBL,"￥5,040","￥5,000代",0,,さくまあきら(ゲーム監督),,柴尾英令(ゲーム演出)|土居孝幸,関口和之|池毅|宮路一昭,,,
2005-07-07,トミー,エレメンタルジェレイド～封印されし謳～,0,3,ADV,"￥5,040","￥5,000代",0,,,,堀たえ子|桝田浩史,梶浦由記,東まゆみ,,
2005-07-07,カルチャーブレーン,おしゃれプリンセス5,0,3,TBL,"￥5,040","￥5,000代",0,,,,,,,,
2005-07-07,アイドス,レゴスター・ウォーズ,0,4,ACT,"￥5,040","￥5,000代",0,,,,,,,,
2005-07-21,セガ,BLEACHアドバンス紅に染まる尸魂界,0,5,ACT,"￥5,040","￥5,000代",0,,,,,,,,
2005-07-21,ディースリー・パブリッシャー,キム・ポッシブル,0,3,ACT,"￥5,040","￥5,000代",0,,,,スティーブン・シルバー,アダム・ベリー,ボブ・スクーリー|マーク・マッコール,,
2005-07-21,ディースリー・パブリッシャー,リロアンドスティッチ,0,3,ACT,"￥5,040","￥5,000代",0,,,,,アラン・シルヴェストリ,クリス・サンダース|ディーン・デュボア,,
2005-07-21,バンダイ,機動劇団はろ一座ハロのぷよぷよ,0,3,ACT,"￥5,040","￥5,000代",0,,,,,,,,
2005-07-28,バンダイ,ふたりはプリキュアマックスハートマジ？マジ？！ファイトdeINじゃない,0,3,ACT,"￥5,040","￥5,000代",0,,,,,,,,
2005-07-28,ビベンディ ユニバーサル ゲームズ,ロボッツ,0,0,ADV,"￥4,515","￥4,500代",0,,,,,ジョン・パウエル,ローウェル・ガンツ|ババルー・マンデル|デヴィッド・リンゼイ=アベアー,,
2005-07-28,バンプレスト,金色のガッシュベル！！THECARDBATTLEforGBA,0,4,CARD,"￥5,040","￥5,000代",0,,,,,,,,
2005-07-28,コナミ,新・ボクらの太陽～逆襲のサバタ～,0,4,RPG,"￥5,229","￥5,000代",0,,,,,,,,
2005-08-04,アトラス,B-伝説！バトルビーダマン～炎魂(ファイヤースピリッツ)～,0,0,ACT,"￥5,040","￥5,000代",0,,,,,,,,
2005-08-11,カルチャーブレーン,プロ麻雀「兵」GBA,0,2,TBL,?,?,0,,,,,,,,
2005-08-11,バンダイ,マダガスカル,0,0,ADV,"￥5,040","￥5,000代",0,,,,,,,,
2005-08-11,カルチャーブレーン,昆虫の森の大冒険～ふしぎな世界の住人達～,0,0,ACT,"￥5,040","￥5,000代",0,,,,,,,,
2005-08-25,アトラス,くにおくん熱血コレクション1,0,0,ACT,"￥5,040","￥5,000代",0,,,,,,,,
2005-09-08,ディースリー・パブリッシャー,ティム・バートンナイトメア・ビフォア・クリスマスパンプキン・キング,0,0,ADV,"￥5,040","￥5,000代",0,,,,,,,,
2005-09-08,コナミ,わがまま☆フェアリーミルモでポン！どきどきメモリアルパニック,0,0,ADV,"￥5,040","￥5,000代",0,,,,音地正行(第1・2・3期)|小沼克介(全期),ヒトヨシノビタ(第1・2期)|根岸貴幸(第3・4期),篠塚ひろむ 『ミルモでポン!』,,
2005-09-13,任天堂,Dr.MARIO＆パネルでポン,0,0,PZL,"￥2,000","￥2,000代",0,,,,,,,,
2005-09-13,任天堂,マリオテニスアドバンス,0,0,SPT,"￥3,800","￥4,000代",0,,,,,,,,
2005-09-15,バンプレスト,スーパーロボット大戦J,0,0,RPG,"￥6,090","￥6,000代",0,,,,,,,,
2005-09-22,任天堂,スクリューブレイカー轟振どりるれろ,0,0,ACT,"￥3,800","￥4,000代",0,,,,杉森建,一之瀬剛,とみさわ昭仁,,
2005-10-06,セガ,ガンスタースーパーヒーローズ,0,0,SHT,"￥5,040","￥5,000代",0,,,八井田満|菅波秀幸,菊池哲彦|井内洋,半沢紀夫,,,
2005-10-13,任天堂,通勤ヒトフデ,0,0,PZL,"￥2,800","￥3,000代",0,,,,,,,,
2005-10-13,コナミ,遊☆戯☆王デュエルモンスターズGX～めざせデュエルキング！～,0,0,CARD,"￥5,229","￥5,000代",0,,,,,,,,
2005-10-27,マーベラスインタラクティブ,FRONTIERSTORIES‐フロンティアストーリーズ,0,0,RPG,"￥5,040","￥5,000代",0,,,,,,,,
2005-10-27,アトラス,くにおくん熱血コレクション2,0,0,ACT,?,?,0,,,,,,,,
2005-11-03,アトラス,みらくる！ぱんぞう7つの星の宇宙海賊,0,0,ACT,?,?,0,,,,,,,,
2005-11-17,任天堂,ポケモン不思議のダンジョン赤の救助隊,0,0,RPG,"￥4,800","￥5,000代",72,,,,,,,,
2005-11-23,カプコン,ロックマンエグゼ6電脳獣グレイガ,0,0,RPG,"￥5,040","￥5,000代",0,,,,,,,,
2005-11-23,カプコン,ロックマンエグゼ6電脳獣ファルザー,0,0,RPG,"￥5,040","￥5,000代",0,,,,,,,,
2005-11-24,バンプレスト,金色のガッシュベル！！友情の電撃ドリームタッグトーナメント,0,0,ACT,"￥5,040","￥5,000代",0,,,,,,,,
2005-12-01,ロケットカンパニー,シナモンふわふわ大作戦,0,0,ACT,"￥5,040","￥5,000代",0,,,,,,,,
2005-12-01,任天堂,スーパードンキーコング3,0,0,ACT,"￥3,800","￥4,000代",0,,,マーク・ウィルソン,アンドリュー・コラード|ポール・ウェイバー|マーク・スティーヴンソン,イーブリン・フィッシャー|デビッド・ワイズ,,アンドリュー・コラード,
2005-12-08,バンプレスト,サモンナイトクラフトソード物語はじまりの石,0,0,RPG,"￥5,040","￥5,000代",0,,,,,,,,
2005-12-08,バンダイ,シュガシュガルーンハートがいっぱい萌黄学園,0,0,ADV,"￥5,040","￥5,000代",0,,,,,,,,
2005-12-09,カルチャーブレーン,超人ウルトラベースボールGBA,0,0,SPT,?,?,0,,,,,,,,
2005-12-15,スクウェア・エニックス,FINALFANTASYIVADVANCE,0,0,RPG,"￥5,040","￥5,000代",0,,,,,,,,
2005-12-15,ディースリー・パブリッシャー,チキン・リトル,0,0,ACT,?,?,0,,,,,,スティーヴ・ベンチック|ロン・J・フリードマン|ロン・アンダーソン,,
2005-12-22,ディースリー・パブリッシャー,HiHi！PuffyAmiYumi史上最大のワールドツアー！,0,0,ACT,?,?,0,,,,,,,,
2005-12-22,コナミ,アニマル横町～どき☆どき救出大作戦！の巻～,0,0,ADV,"￥5,229","￥5,000代",0,,,,,,,,
2005-12-22,エム・ティー・オー,お茶犬の冒険島～ほんわか夢のアイランド～,0,0,ACT,"￥4,410","￥4,500代",0,,,,,,,,
2005-12-22,ハドソン,ハドソンベストコレクションVol.1ボンバーマンコレクション,0,0,ACT,"￥2,940","￥3,000代",0,,,,,,,,
2005-12-22,ハドソン,ハドソンベストコレクションVol.2ロードランナーコレクション,0,0,PZL,"￥2,940","￥3,000代",0,,,,,,,,
2005-12-22,ハドソン,ハドソンベストコレクションVol.3アクションコレクション,0,0,ACT,"￥2,940","￥3,000代",0,,,,,,,,
2005-12-22,ハドソン,ハドソンベストコレクションVol.4謎解きコレクション,0,0,ACT,"￥2,940","￥3,000代",0,,,,,,,,
2006-01-19,ハドソン,ハドソンベストコレクションVol.5シューティングコレクション,0,0,SHT,"￥2,940","￥3,000代",0,,,,,,,,
2006-01-19,ハドソン,ハドソンベストコレクションVol.6冒険島コレクション,0,0,ACT,"￥2,940","￥3,000代",0,,,,,,,,
2006-01-26,セガ,ダブルパックソニックアドバンス＆チューチューロケット,0,0,PZL,?,?,0,,,,,,,,
2006-01-26,セガ,ダブルパックソニックバトル＆ソニックアドバンス,0,0,PZL,?,?,0,,,,,,,,
2006-01-26,セガ,ダブルパックソニックピンボールパーティ＆ソニックバトル,0,0,PZL,?,?,0,,,,,,,,
2006-02-09,セガ,Mr.インクレディブル～強敵アンダーマイナー登場～,0,0,ACT,"￥5,040","￥5,000代",0,,,,,,,,
2006-02-09,マーベラスインタラクティブ,川のぬしづり3＆4,0,0,RPG,?,?,0,,,,,,,,
2006-02-16,アトラス,くにおくん熱血コレクション3,0,0,ACT,?,?,0,,,,,,,,
2006-02-23,コナミ,遊戯王デュエルモンスターズエキスパート2006,0,0,CARD,"￥5,229","￥5,000代",0,,,,,,,,
2006-03-02,バンプレスト,うえきの法則神器炸裂！能力者バトル,0,0,ACT,"￥5,040","￥5,000代",0,,,,,,,,
2006-03-03,カルチャーブレーン,闘牌伝説「アカギ」～闇に舞い降りた天才～,0,0,TBL,"￥5,040","￥5,000代",0,,,,梅原隆弘,タニウチヒデキ,高屋敷英夫|筆安一幸|浦畑達彦|広田光毅,,
2006-03-23,バンプレスト,クレヨンしんちゃん伝説を呼ぶオマケの都ショックガーン！,0,0,ACT,?,?,0,,,,,,,,
2006-03-23,コナミ,パワポケダッシュ,0,0,SPT,"￥5,229","￥5,000代",0,,,,,,,,
2006-03-23,スティング,ユグドラ・ユニオン,0,0,RPG,"￥6,090","￥6,000代",0,,伊藤真一,,きゆづきさとこ|戸部淑,足立美奈子|林茂樹,,,
2006-03-23,マーベラスインタラクティブ,魔法先生ネギま！プライベートレッスン2お邪魔しますうパラサイトでチュ～,0,0,RPG,?,?,0,,,,,,,,
2006-04-06,任天堂,アイシールド21DEVILBATSDEVILDAYS,0,0,ADV,"￥3,800","￥4,000代",0,,,,,,,,
2006-04-06,サクセス,みんなのソフトシリーズナンプレアドバンス,0,0,PZL,?,?,0,,,,,,,,
2006-04-20,任天堂,MOTHER3,0,0,RPG,"￥4,800","￥5,000代",0,,井上信行,平石有孝|相京正樹,糸井重里|今川伸浩,酒井省吾,糸井重里,亀岡慎一|田邊賢輔|寺崎啓祐,
2006-05-18,コナミデジタルエンタテインメント,アニマル横町～どき☆どき進級試験！の巻～,0,0,PZL,"￥4,179","￥4,000代",0,,,,,,,,
2006-05-18,任天堂,カルチョビット,0,0,SLG,"￥3,800","￥4,000代",0,,,,,,,,
2006-07-06,THQジャパン,カーズ,0,0,RCG,"￥3,990","￥4,000代",0,,,,,,,,
2006-07-13,任天堂,bitGenerationsシリーズ1ダイアルヘックス,0,0,PZL,"￥2,000","￥2,000代",0,,,,,,,,
2006-07-13,任天堂,bitGenerationsシリーズ1ドットストリーム,0,0,RCG,"￥2,000","￥2,000代",0,,,,,,,,
2006-07-13,任天堂,bitGenerationsシリーズ1バウンディッシュ,0,0,ACT,"￥2,000","￥2,000代",0,,,,,,,,
2006-07-27,任天堂,bitGenerationsシリーズ2オービタル,0,0,ACT,"￥2,000","￥2,000代",0,,,,,,,,
2006-07-27,任天堂,bitGenerationsシリーズ2カラリス,0,0,PZL,"￥2,000","￥2,000代",0,,,,,,,,
2006-07-27,任天堂,bitGenerationsシリーズ2サウンドボイジャー,0,0,ACT,"￥2,000","￥2,000代",0,,,,,,,,
2006-07-27,任天堂,bitGenerationsシリーズ2テジドライブ,0,0,ACT,"￥2,000","￥2,000代",0,,,,,,,,
2006-08-03,任天堂,リズム天国,0,0,ETC,"￥3,800","￥4,000代",0,,大澤和義,大澤和義,竹内高,つんく♂|米政美,,つんく♂|坂本賀勇,
2006-10-02,スクウェア・エニックス,FINALFANTASYVADVANCE,0,0,RPG,"￥5,040","￥5,000代",0,,,,,,,,
2006-11-30,スクウェア・エニックス,FINALFANTASYVIADVANCE,0,0,RPG,"￥5,040","￥5,000代",0,,,,,,,,
