発売日,メーカー,タイトル,ハード,容量(bit),ジャンル,価格,ジョブカテゴリ,カウント,👥クリエイターズ👨‍💼👨‍💻🎨,👨‍💼ディレクター,👨‍💻プログラマー,🎨デザイナー/美術,🎵音楽,📝シナリオ,💼プロデューサー,
1989-04-21,任天堂,アレイウェイ,1,1,PZL,"￥2,600","￥2,500代",0,,,,横井軍平,山本健誌,,,
1989-04-21,任天堂,スーパーマリオランド,1,2,ACT,"￥2,600","￥2,500代",419,,岡田智,山本雅央|原田貴裕,松岡洋史|真下雅彦,田中宏和,,横井軍平,
1989-04-21,任天堂,ベースボール,1,2,SPT,"￥2,600","￥2,500代",0,,,,,,,,
1989-04-21,任天堂,役満,1,1,TBL,"￥2,600","￥2,500代",128,,,,,,,,
1989-05-29,任天堂,テニス,1,1,SPT,"￥2,600","￥2,500代",0,,,,,,,,
1989-06-14,任天堂,テトリス,1,1,PZL,"￥2,600","￥2,500代",424,,,,,,,,
1989-07-28,HAL研究所,上海,1,1,PZL,"￥2,980","￥3,000代",0,,,,,,,,
1989-09-01,ポニーキャニオン,倉庫番,1,1,PZL,"￥3,090","￥3,000代",0,,,,今林宏行,,,,
1989-09-05,ケムコ,ミッキーマウス,1,2,ACT,"￥2,980","￥3,000代",0,,,,,,,,
1989-09-20,コナミ,モトクロスマニアックス,1,1,RCG,"￥2,900","￥3,000代",0,,,,,,,,
1989-09-21,バンダイ,ハイパーロードランナー,1,1,ACT,"￥2,800","￥3,000代",0,,,,,,,,
1989-10-18,HAL研究所,ピンボール66匹のワニ大行進,1,2,TBL,"￥2,980","￥3,000代",0,,,,,,,,
1989-10-27,コナミ,ドラキュラ伝説,1,2,ACT,"￥3,300","￥3,500代",0,,,山田善朗|前川正人,中里伸也|木村幸一,半沢紀雄|船内秀浩|福武茂,,,
1989-10-31,トンキンハウス,シーサイドバレー,1,2,SPT,"￥2,980","￥3,000代",0,,,,,,,,
1989-11-24,アトラス,パズルボーイ,1,1,PZL,"￥2,980","￥3,000代",0,,,,,増子司,,,
1989-11-28,任天堂,ゴルフ,1,3,SPT,"￥2,600","￥2,500代",0,,,,,,,,
1989-12-08,ココナッツジャパンエンターテイメント,パチンコタイム,1,2,ETC,"￥3,280","￥3,500代",0,,,,,,,,
1989-12-15,スクウェア,魔界塔士SaGa,1,3,RPG,"￥3,500","￥3,500代",110,,河津秋敏,おきたかし|岡部直樹,河津秋敏|時田貴司,植松伸夫,河津秋敏|石井浩一|伊藤裕之|時田貴司,,
1989-12-19,ポニーキャニオン,将棋,1,3,TBL,"￥3,400","￥3,500代",0,,,,,,,,
1989-12-22,セタ,Qビリオン,1,1,PZL,"￥2,980","￥3,000代",0,,,,,,,,
1989-12-22,ユース,海戦ゲームNAVYBLUE,1,2,SLG,"￥3,400","￥3,500代",0,,,,,,,,
1989-12-22,東映動画,北斗の拳凄絶十番勝負,1,3,ACT,"￥3,500","￥3,500代",0,,,,,フランク・ワイルドホーン,高橋亜子,,
1989-12-27,アスミック,てけてけ！アスミッくんワールド,1,2,ACT,"￥3,090","￥3,000代",0,,,,,,,,
1989-12-28,ケムコ,セレクション選ばれし者,1,3,RPG,"￥3,090","￥3,000代",0,,,,,,,,
1989-12-28,ユタカ,マスターカラテカ,1,1,ACT,"￥2,900","￥3,000代",0,,,,ジョーダン・メックナー|ジーン・ポートウッド|ローレン・エリオット,,,,
1990-01-12,ジャレコ,ヒーロー大集合！！ピンボールパーティ,1,2,TBL,"￥2,980","￥3,000代",0,,,,,多和田吏,,,
1990-01-13,アテナ,ワールドボウリング,1,1,SPT,"￥3,090","￥3,000代",0,,,,,,,,
1990-01-14,メルダック,平安京エイリアン,1,1,ACT,"￥3,000","￥3,000代",0,,,,TSG,,,,
1990-01-26,任天堂,ソーラーストライカー,1,2,SHT,"￥2,600","￥2,500代",0,,岡田智|寺崎啓祐,K.SUGIMOTO,,長田達,,横井軍平,
1990-02-09,河田,オセロ,1,1,TBL,"￥2,980","￥3,000代",0,,,,,,,,
1990-02-23,コナミ,ネメシス,1,3,SHT,"￥3,500","￥3,500代",0,,,,,,,,
1990-02-23,トーワチキ,対局連珠,1,2,TBL,"￥2,980","￥3,000代",0,,,,,,,,
1990-03-15,ジャレコ,ベースボールキッズ,1,3,SPT,"￥3,300","￥3,500代",0,,,,,宮澤謙,椎名勲,,
1990-03-16,コナミ,クォース,1,2,PZL,"￥3,300","￥3,500代",0,,,WADA 891006|石田和彦,井内洋|鮫島宗治|高野泰,半澤一雄,,,
1990-03-16,タイトー,フリップル,1,1,PZL,"￥3,090","￥3,000代",0,,,,,古川典裕,,,
1990-03-21,ポニーキャニオン,ペンギンランド,1,1,PZL,"￥3,090","￥3,000代",0,,,,,,,,
1990-03-23,ビクター音楽産業,フラッピースペシャル,1,1,PZL,"￥3,300","￥3,500代",0,,,,,,,,
1990-03-24,バンダイ,SD戦国伝国盗り物語,1,3,SLG,"￥3,500","￥3,500代",0,,,,,,,,
1990-03-29,パック・イン・ビデオ,トランプボーイ,1,1,TBL,"￥3,090","￥3,000代",0,,,,,,,,
1990-03-30,タイトー,スペースインベーダーズ,1,1,SHT,"￥3,090","￥3,000代",0,,,,,岩垂徳行,,,
1990-03-30,アスキー,ペンギンくんwarsvs.,1,2,ACT,"￥3,090","￥3,000代",0,,,,,,,,
1990-04-06,ナグザット,かこむん蛇,1,1,PZL,"￥3,090","￥3,000代",0,,,,,本山淳弘,,,
1990-04-13,バンプレスト,SDルパン3世金庫破り大作戦,1,2,PZL,"￥3,300","￥3,500代",0,,,,,,,,
1990-04-13,任天堂,クイックス,1,2,ACT,"￥2,600","￥2,500代",0,,,,ランディ・ファイファー|サンディ・ファイファー,,,,
1990-04-13,サン電子,バットマン,1,2,ACT,"￥3,400","￥3,500代",0,,,,,,,,
1990-04-13,エポック社,爆裂戦士ウォーリア,1,2,PZL,"￥3,090","￥3,000代",0,,,,,,,,
1990-04-20,カルチャーブレーン,スーパーチャイニーズランド,1,2,ACT,"￥3,300","￥3,500代",0,,,,,,,,
1990-04-20,コピアシステム,デットヒートスクランブル,1,2,RCG,"￥3,300","￥3,500代",0,,,,,,,,
1990-04-20,トンキンハウス,ブロディア,1,2,PZL,"￥3,000","￥3,000代",0,,,,,,,,
1990-04-20,シグマ商事,ポパイ,1,3,PZL,"￥3,500","￥3,500代",0,,,,,,,,
1990-04-20,ビック東海,冒険！パズルロード,1,1,PZL,"￥2,980","￥3,000代",0,,,,,,,,
1990-04-27,エピック・ソニーレコード,サッカーボーイ,1,2,SPT,"￥3,000","￥3,000代",0,,,,,,,,
1990-04-27,メルダック,天神怪戦,1,3,SHT,"￥3,500","￥3,500代",0,,,,,中潟憲雄,,,
1990-04-28,ケムコ,スヌーピーマジックショー,1,2,PZL,"￥2,980","￥3,000代",0,,,,,,,,
1990-05-02,カプコン,レッドアリーマー魔界村外伝,1,3,ACT,"￥3,300","￥3,500代",0,,,,成瀬憲史,藤田晴美|下村陽子,,藤原得郎,
1990-05-11,データイースト,ロックンチェイス,1,2,PZL,"￥3,300","￥3,500代",0,,,,,,,,
1990-05-18,トンキンハウス,ボクシング,1,2,SPT,"￥3,000","￥3,000代",0,,,,,,,,
1990-05-25,セタ,あやかしの城,1,2,RPG,"￥3,500","￥3,500代",0,,,,米田仁士,,,,
1990-05-26,バンダイ,ウルトラマン倶楽部敵怪獣ヲ発見セヨ,1,2,SLG,"￥3,300","￥3,500代",0,,,,,,,,
1990-06-01,アスク講談社,ピットマン,1,1,PZL,"￥2,980","￥3,000代",0,,,,,,,,
1990-06-08,アトラス,コスモタンク,1,3,SHT,"￥3,500","￥3,500代",0,,,,,,,,
1990-06-15,ココナッツジャパンエンターテイメント,カードゲーム,1,2,TBL,"￥3,400","￥3,500代",0,,,,,,,,
1990-06-15,トミー,メカ生体ゾイドゾイド伝説,1,2,SHT,"￥3,090","￥3,000代",0,,,,,,,,
1990-06-15,SNK,ファニーフィールド,1,2,PZL,"￥3,090","￥3,000代",0,,,,,,,,
1990-06-22,ポニーキャニオン,倉庫番2,1,1,PZL,"￥3,090","￥3,000代",0,,,,今林宏行,,,,
1990-06-27,タイトー,ブライファイターデラックス,1,2,SHT,"￥3,400","￥3,500代",0,,,,,,,,
1990-06-29,東映動画,バリーファイア,1,1,SHT,"￥3,200","￥3,000代",0,,,,,,,,
1990-07-03,BPS,パイプドリーム,1,1,PZL,"￥3,090","￥3,000代",0,,アキラ・レッドマー,アキラ・レッドマー|ステファン・L・バトラー,アキラ・レッドマー|ステファン・L・バトラー|ゲイリー・ウィニック|マーク・J・フェラーリ|スティーヴ・パーセル|マイク・エバート|エリック・ジョンストン,ジョン・デール,,,
1990-07-13,アイレム,四川省,1,1,PZL,"￥3,090","￥3,000代",0,,,,,,,,
1990-07-20,テクノスジャパン,ダブルドラゴン,1,3,ACT,"￥3,500","￥3,500代",0,,,,,,,,
1990-07-27,ポニーキャニオン,タスマニア物語,1,1,ACT,"￥3,090","￥3,000代",0,,,,,久石譲,金子成人,,
1990-07-27,任天堂,ドクターマリオ,1,1,PZL,"￥2,600","￥2,500代",208,,,原田貴裕,原田貴裕,田中宏和,,横井軍平,
1990-07-28,バンプレスト,らんま1/2かくれんぼデスマッチ,1,2,ACT,"￥3,300","￥3,500代",0,,,,荻原しょう子|中野彰子|荻原しょう子,岩崎元是,まいた菜穂,,
1990-07-31,タイトー,パズニック,1,2,PZL,"￥3,400","￥3,500代",0,,,,,,,,
1990-08-02,アスキー,石道,1,1,PZL,"￥3,090","￥3,000代",0,,,,,,,,
1990-08-03,コナミ,TMNT,1,3,ACT,"￥3,500","￥3,500代",0,,,,,,,,
1990-08-04,ユタカ,魁！！男塾冥凰島決戦,1,3,ACT,"￥3,500","￥3,500代",0,,,,,,,,
1990-08-08,ナツメ,おさわがせ！ペンギンBOY,1,2,PZL,"￥3,090","￥3,000代",0,,,大田博久,大田博久|にしやまともゆき,水谷郁|やまにしこういち,,,
1990-08-10,ユース,VSバトラー,1,2,ACT,"￥3,400","￥3,500代",0,,,,,,,宮崎鉄平|金佐智絵|鈴木浩史|工藤江美子|桐谷太一|三浦淳(CP),
1990-08-11,徳間書店,香港,1,1,PZL,"￥2,900","￥3,000代",0,,,,,,,,
1990-08-12,エポック社,ドラゴンスレイヤー1,1,1,RPG,"￥3,090","￥3,000代",0,,,,,,,,
1990-08-24,バップ,パワーミッション,1,3,SLG,"￥3,500","￥3,500代",0,,,,,,,,
1990-08-25,ユタカ,機動警察パトレイバー狙われた街1990,1,3,ADV,"￥3,500","￥3,500代",0,,,,,,,,
1990-08-31,クエスト,バトルピンポン,1,2,SPT,"￥3,300","￥3,500代",0,,,,,,,,
1990-08-31,ハドソン,ボンバーボーイ,1,3,ACT,"￥3,500","￥3,500代",0,,,蝦名寿昌|芳賀孝宏,蝦名寿昌|芳賀孝宏|松浦浩司|岡田寿夫|瓜田智昭,福田裕彦(ボンバーボーイモード)|竹間淳(ボンバーマンモード),,小山俊典|KAPPY MATSUNAGA,
1990-09-14,ナムコ,ファミスタ,1,3,SPT,"￥3,500","￥3,500代",0,,,,,,,,
1990-09-14,ヒューマン,プロレス,1,3,SPT,"￥3,500","￥3,500代",0,,,,,,,,
1990-09-21,データイースト,サイドポケット,1,2,TBL,"￥3,300","￥3,500代",0,,,,,,,,
1990-09-21,カプコン,ダックテールズ,1,2,ACT,"￥3,300","￥3,500代",0,,,,ティモシー・M・モーエン,ドミニク・ルイス,カール・バークス|ジーマン・メイゴン|マット・ヤングバーグ|フランシスコ・アンゴネス,,
1990-09-21,ビクター音楽産業,バルダーダッシュ,1,2,PZL,"￥3,400","￥3,500代",0,,,ピーター・リエパ|クリストファー・グレー,ピーター・リエパ|クリストファー・グレー,,,,
1990-09-21,パック・イン・ビデオ,ルナランダー,1,3,ACT,"￥3,500","￥3,500代",0,,,,,,,,
1990-09-28,アスク講談社,F-1ボーイ,1,2,RCG,"￥3,300","￥3,500代",0,,,,,,,,
1990-09-28,ジャレコ,おいらじゃじゃ丸！世界大冒険,1,3,ACT,"￥3,400","￥3,500代",0,,,,,,,,
1990-10-05,トーワチキ,うぉーズ,1,2,ACT,"￥3,090","￥3,000代",0,,,,,,,,
1990-10-06,バンダイ,SDガンダム外伝ラクロアンヒーローズ,1,3,RPG,"￥3,800","￥4,000代",0,,,きよのみつとし,飯田和憲|きよのみつとし|きちじょうじひゅうま|かたおかやすゆき,和久田貴浩,飯田和憲,,
1990-10-10,光栄,信長の野望ゲームボーイ版,1,3,SLG,"￥5,800","￥6,000代",0,,,,,菅野よう子|山本光男,,シブサワ・コウ,
1990-10-12,アイ・ジー・エス,アストロラビー,1,2,ACT,"￥3,300","￥3,500代",0,,吉川昇一|藪崎久也,,風間浩|吉川昇一,,,,
1990-10-12,コナミ,ツインビーだ！！,1,3,SHT,"￥3,500","￥3,500代",0,,,上田英生,小玉紀年,福武茂|具志堅典子|大内正徳,,,
1990-10-12,ホット・ビィ,パラメデス,1,1,PZL,"￥3,300","￥3,500代",0,,,,,,,,
1990-10-16,HAL研究所,ゴーストバスターズ2,1,3,ACT,"￥3,400","￥3,500代",0,,,,,ランディ・エデルマン,ダン・エイクロイド|ハロルド・ライミス,,
1990-10-19,バリエ,モンスタートラック,1,2,ACT,"￥3,200","￥3,000代",0,,,,,,,,
1990-10-19,トンキンハウス,ロードスター,1,3,RCG,"￥3,300","￥3,500代",0,,,,,,,,
1990-10-23,ココナッツジャパンエンターテイメント,アミーダくん阿弥陀,1,1,PZL,"￥2,980","￥3,000代",0,,,,,,,,
1990-10-23,任天堂,海戦ゲームレーダーミッション,1,3,SLG,"￥2,600","￥2,500代",0,,,,,,,,
1990-10-26,NCS,アフターバースト,1,2,ACT,"￥3,090","￥3,000代",0,,,,,,,,
1990-10-26,サミー工業,ベリウスローランの魔獣,1,2,RPG,"￥3,300","￥3,500代",0,,,,,,,,
1990-11-09,任天堂,F-1レース,1,3,RCG,"￥2,600","￥2,500代",0,,三木研次,副島康成|岩田聡,宮本茂|三木研次,金指英樹,,山内溥|上村雅之,
1990-11-09,パック・イン・ビデオ,トランプボーイ2,1,2,TBL,"￥3,500","￥3,500代",0,,,,,,,,
1990-11-09,ジャレコ,ふしぎなブロビープリンセスブロブを救え！,1,2,ACT,"￥3,400","￥3,500代",0,,,,デイビッド・クレイン |Juan Sanchez|Mark Klein,Mark Van Hecke|Alex Demeo,,,
1990-11-16,やのまん,アレサ,1,3,RPG,"￥3,800","￥4,000代",0,,,,,,,,
1990-11-16,ナムコ,パックマン,1,2,ACT,"￥3,500","￥3,500代",0,,,舟木茂雄,岩谷徹|山下正,石村繁一|甲斐敏夫,,,
1990-11-16,エポック社,パラソルヘンべえ虹の大冒険,1,2,ACT,"￥3,300","￥3,500代",0,,,,,,,,
1990-11-30,コピアシステム,GO！GO！TANK,1,2,ACT,"￥3,400","￥3,500代",0,,,,,,,,
1990-11-30,ヘクト,キャデラック2,1,2,PZL,"￥3,300","￥3,500代",0,,,,,,,,
1990-11-30,セタ,バトルブル,1,3,ACT,"￥3,500","￥3,500代",0,,,,,,,,
1990-12-07,ユース,海戦ゲームNAVYBLUE'90,1,3,SLG,"￥3,500","￥3,500代",0,,,,,,,,
1990-12-07,キングレコード,ころダイス,1,1,PZL,"￥3,300","￥3,500代",0,,,,,,,,
1990-12-07,東映動画,スコットランドヤード,1,3,TBL,"￥3,300","￥3,500代",0,,,,,,,,
1990-12-07,タカラ,ちびまる子ちゃんおこづかい大作戦,1,2,RPG,"￥3,400","￥3,500代",0,,,,,,,,
1990-12-07,タイトー,バブルボブル,1,3,ACT,"￥3,600","￥3,500代",0,,,藤末一郎|NISHIYORI,三辻富貴朗,君島正,,,
1990-12-07,シグマ商事,ペインターモモピー,1,2,ACT,"￥3,300","￥3,500代",0,,,H.TAHARA|H.YAMADA|こぼりじゅんや,CHIBIMARUTA|佐藤元,砂原良徳,,,
1990-12-07,テクモ,ヘッドオン,1,2,ACT,"￥3,300","￥3,500代",0,,,,,,,,
1990-12-07,テクノスジャパン,熱血硬派くにおくん番外乱闘編,1,3,ACT,"￥3,500","￥3,500代",0,,,よしはらまさひろ|きくちひろゆき,斉藤伸一|根立克行,うらかわさとし,,,
1990-12-08,バンプレスト,鬼忍降魔禄ONI,1,3,RPG,"￥3,800","￥4,000代",0,,,,,,,,
1990-12-11,アイレム,スパルタンX,1,2,ACT,"￥3,500","￥3,500代",0,,,,,キース・モリソン,エドワード・タン|ジョニー・リー,,
1990-12-12,サン電子,プリプリ,1,2,PZL,"￥3,200","￥3,000代",0,,,,,,,,
1990-12-13,アイマックス,ドラゴンテール,1,3,ACT,"￥3,500","￥3,500代",0,,,,,,,,
1990-12-14,スクウェア,SaGa2秘宝伝説,1,4,RPG,"￥4,800","￥5,000代",0,,河津秋敏,岡部直樹|穴澤友樹,藤岡勝利,植松伸夫|伊藤賢治,河津秋敏|田中弘道,,
1990-12-14,ハドソン,クラックス,1,1,PZL,"￥3,500","￥3,500代",0,,,デヴィッド・エーカース,マーク・スティーブン・ピアス,ブラッド・フラー,,,
1990-12-14,ケムコ,ネコジャラ物語,1,3,RPG,"￥3,300","￥3,500代",0,,,,,,,,
1990-12-14,アトラス,ポケットスタジアム,1,2,SPT,"￥3,300","￥3,500代",0,,,,,,,,
1990-12-14,ホット・ビィ,カード＆パズルコレクション銀河,1,2,PZL,"￥3,500","￥3,500代",0,,,,,,,,
1990-12-18,東宝,ゴジラくん怪獣大行進,1,3,ACT,"￥3,500","￥3,500代",0,,,,,,,,
1990-12-20,ナグザット,ポン太とヒナ子の珍道中友情編,1,2,ACT,"￥3,400","￥3,500代",0,,,,,,,,
1990-12-21,カプコン,カプコンクイズハテナ？の大冒険,1,4,ETC,"￥3,500","￥3,500代",0,,,,,,,,
1990-12-21,サン電子,グレムリン2新・種・誕・生,1,3,ACT,"￥3,400","￥3,500代",0,,,,,ジェリー・ゴールドスミス,チャーリー・ハース,,
1990-12-21,ジャレコ,バトルユニットZEOTH,1,3,SHT,"￥3,400","￥3,500代",0,,,白戸学|RIKA'S KNIGHTS|猪ヶ倉康雄,KANA EBIO,はやしあきひと,,,
1990-12-21,ポニーキャニオン,バブルゴースト,1,1,ACT,"￥3,090","￥3,000代",0,,,,,,,,
1990-12-21,ポニーキャニオン,石田芳夫の詰碁パラダイス,1,2,TBL,"￥3,400","￥3,500代",0,,,,,,,,
1990-12-22,ソフエル,モンスターメーカー,1,3,RPG,"￥3,500","￥3,500代",0,,,,,,,,
1990-12-22,カルチャーブレーン,飛龍の拳外伝,1,3,ACT,"￥3,500","￥3,500代",0,,,,,,,,
1990-12-23,トミー,アメリカ横断ウルトラクイズ,1,4,ETC,"￥3,980","￥4,000代",0,,,,,,,高橋靖二(第12回 - 第16回)|篠崎安雄(第12回・第13回)|城朋子(“今世紀最後”)|※全てCP,
1990-12-31,エンジェル,ドルアーガの塔,1,3,RPG,"￥3,500","￥3,500代",0,,,内藤智,遠藤雅伸|篠崎雄一郎,小沢純子,,,
1991-01-08,コナミ,コントラ,1,3,ACT,"￥3,500","￥3,500代",0,,,,,,,,
1991-01-08,HAL研究所,突撃！ポンコツタンク,1,3,SHT,"￥3,300","￥3,500代",0,,,,,,,,
1991-01-11,タイトー,タイトーチェイスHQ,1,3,ACT,"￥3,600","￥3,500代",0,,,,酒匂弘幸,浅野孝已,,,
1991-01-25,アトラス,突撃ばれいしょんず,1,2,ACT,"￥3,300","￥3,500代",0,,,,,,,,
1991-02-08,日本物産,ライサンダー,1,3,ACT,"￥3,600","￥3,500代",0,,,A.DADADA,K.KAWAHARA|H.WADA,吉田健志,,,
1991-02-08,ココナッツジャパンエンターテイメント,鬼ヶ島パチンコ店,1,3,PZL,"￥3,500","￥3,500代",0,,,,,,,,
1991-02-15,アスク講談社,三毛猫ホームズの騎士道,1,3,ADV,"￥3,500","￥3,500代",0,,,,,,,,
1991-02-15,データイースト,バーガータイムデラックス,1,2,ACT,"￥3,300","￥3,500代",0,,,,,,,,
1991-02-26,ジャレコ,怒りの要塞,1,3,ACT,"￥3,400","￥3,500代",0,,,,,,,,
1991-02-28,コナミ,F-1スピリット,1,3,RCG,"￥3,500","￥3,500代",0,,,,,,,,
1991-02-28,アイレム,レーシング魂,1,2,RCG,"￥3,500","￥3,500代",0,,,,,,,,
1991-03-01,エポック社,ドラえもん対決ひみつ道具,1,3,SHT,"￥3,500","￥3,500代",0,,堀江正幸,あそまさあき|池田慎一,葭原智|沖山潤|平井勝人,沓掛隆志,とらじまいっかくじゅう,宮原貞夫|蛇谷秀明,
1991-03-01,エピック・ソニーレコード,ロボコップ,1,3,ACT,"￥3,500","￥3,500代",0,,,,,ベイジル・ポールドゥリス,エドワード・ニューマイヤー|マイケル・マイナー,,
1991-03-08,ハドソン,スーパー桃太郎電鉄,1,4,TBL,"￥4,500","￥4,500代",0,,さくまあきら,飛田雅宏,土居孝幸,関口和之,,すずきとよじ,
1991-03-08,UPL,戦国忍者くん,1,3,RPG,"￥3,800","￥4,000代",0,,,,,,,,
1991-03-15,マインドスケープ,ループス,1,1,PZL,"￥3,090","￥3,000代",0,,,,,真心ブラザーズ,,,
1991-03-19,アイレム,R-TYPE,1,3,SHT,"￥3,600","￥3,500代",0,,,SUM|MISACHIN,ABIKO|AKIO|YOSHIGE,石崎正人,,,
1991-03-20,バップ,ファーステストラップ,1,3,RCG,"￥3,800","￥4,000代",0,,,,,,,,
1991-03-29,ビック東海,ジェムジェム,1,2,PZL,"￥3,800","￥4,000代",0,,,,,,,,
1991-03-29,ナムコ,ファミリージョッキー,1,3,RCG,"￥3,500","￥3,500代",0,,,T.FUKUMOTO|宇田川治久|はなおかくみ,,小沢純子,,,
1991-04-05,テクモ,ソロモンズ倶楽部,1,2,PZL,"￥3,300","￥3,500代",0,,,,,,,,
1991-04-05,コナミ,パロディウスだ！！,1,4,SHT,"￥3,800","￥4,000代",0,,,徳田典,GAKINCHO|TOUYOU SYOUTAROU|三好威正|MORY-WANDAYU|MIKACHAN,村岡一樹,,,
1991-04-12,東映動画,ファイナルリバース,1,2,SHT,"￥3,400","￥3,500代",0,,,,,,,,
1991-04-12,アテナ,ワールドアイスホッケー,1,3,SPT,"￥3,500","￥3,500代",0,,,,,,,,
1991-04-19,コナミ,カーブノア,1,3,RPG,"￥3,800","￥4,000代",0,,,岩碕一男,岩碕一男|寺田一友,田坂真二|萩原善之,,,
1991-04-19,徳間書店,リトルマスターライクバーンの伝説,1,3,SLG,"￥4,200","￥4,000代",0,,川野忠仁,ONITAMA,川野忠仁|山本浩史|後藤滋,やまだゆうじ,,たなかさとし,
1991-04-19,ヒューマン,茶々丸パニック,1,2,ACT,"￥2,900","￥3,000代",0,,,おもてみえこ|M.IMAFUKU|手島照之,かたおかやすゆき|H.ITOH,,,矢野了也,
1991-04-20,バンプレスト,スーパーロボット大戦,1,3,SLG,"￥3,980","￥4,000代",0,,,高宮成光,阪田雅彦|戸田篤樹,大西康成|こにしまさ,,じっぱひとからげ,
1991-04-26,ケムコ,ミッキーマウス2,1,3,ACT,"￥3,090","￥3,000代",0,,,,,,,,
1991-04-26,A-WAVE,ミニバット,1,2,SPT,"￥3,400","￥3,500代",0,,,,,,,,
1991-04-26,ナツメ,ラッキーモンキー,1,2,ACT,"￥3,090","￥3,000代",0,,,,,,,,
1991-04-26,アイマックス,相撲ファイター東海道場所,1,3,ACT,"￥3,500","￥3,500代",0,,,,,,,,
1991-04-26,テクノスジャパン,熱血高校サッカー部ワールドカップ編,1,3,SPT,"￥3,500","￥3,500代",0,,,,,,,,
1991-04-27,ユタカ,からくり剣豪伝ムサシロード,1,3,ACT,"￥3,500","￥3,500代",0,,,,二宮常雄|下田正美,川井憲次,MIND,,
1991-04-27,セタ,トーピドー・レンジ,1,3,ACT,"￥3,800","￥4,000代",0,,,,,,,,
1991-05-10,ココナッツジャパンエンターテイメント,キッチンパニック,1,3,ACT,"￥3,800","￥4,000代",0,,,,,,,,
1991-05-11,キャラクターソフト,サンリオカーニバル,1,2,PZL,"￥3,296","￥3,500代",0,,,,,,,,
1991-05-17,キングレコード,ラブルセイバー,1,3,ACT,"￥3,500","￥3,500代",0,,,,,,,,
1991-05-17,アスミック,一発逆転！！DX馬券王,1,3,SLG,"￥5,900","￥6,000代",0,,,,,,,,
1991-05-18,バンダイ,SDコマンドガンダムG-ARMSオペレーションガンダム,1,3,ACT,"￥3,500","￥3,500代",0,,,,,,,,
1991-05-21,任天堂,ゲームボーイウォーズ,1,4,SLG,"￥3,500","￥3,500代",0,,,,,,,,
1991-05-24,アスミック,アスミッくんワールド2,1,3,ACT,"￥3,900","￥4,000代",0,,,,,,,,
1991-05-24,ナグザット,スノーブラザーズジュニア,1,3,ACT,"￥3,800","￥4,000代",0,,,,,,,,
1991-05-31,クエスト,レジェンド明日への翼,1,3,RPG,"￥4,500","￥4,500代",0,,,,,,,,
1991-06-07,トンキンハウス,サッカー,1,3,SPT,"￥3,500","￥3,500代",0,,,,,,,,
1991-06-12,ヒロ,大戦略,1,3,SLG,"￥4,800","￥5,000代",0,,,,,,,,
1991-06-15,バンダイ,マジカル☆タルるートくん,1,3,ACT,"￥3,500","￥3,500代",0,,山内重保,,大倉雅彦,横山菁児,江川達也,,
1991-06-21,ポニーキャニオン,ジャングルウォーズ,1,4,RPG,"￥4,800","￥5,000代",0,,さくまあきら(監修),富沢賢一|瓦吹隆|なりたりゅういち,木村初|富沢賢一|土居孝幸,岡本智郎,木村初,有元和彦,
1991-06-21,ビクター音楽産業,チョップリフター2,1,3,SHT,"￥3,400","￥3,500代",0,,,,ダン・ゴーリン,,,,
1991-06-28,ビック東海,エアロスター,1,3,SHT,"￥3,300","￥3,500代",0,,,,,,,,
1991-06-28,タカラ,人生ゲーム伝説,1,3,RPG,"￥3,980","￥4,000代",0,,,,,,,,
1991-06-28,スクウェア,聖剣伝説ファイナルファンタジー外伝,1,4,RPG,"￥4,800","￥5,000代",0,,石井浩一,吉枝悟,北瀬佳範|大橋悟朗|渋谷員子,伊藤賢治,北瀬佳範,,
1991-07-11,アイレム,元祖！！ヤンチャ丸,1,3,ACT,"￥3,600","￥3,500代",0,,,,,,,,
1991-07-12,アイ・ジー・エス,ヴァトルギウス,1,3,SHT,"￥3,900","￥4,000代",0,,,,,,,,
1991-07-12,コナミ,ドラキュラ伝説2,1,3,ACT,"￥3,800","￥4,000代",0,,,山田善朗|前川正人,中里伸也|木村幸一,半沢紀雄|船内秀浩|福武茂,,,
1991-07-16,東映動画,紫禁城,1,2,PZL,"￥3,500","￥3,500代",0,,,,,,,,
1991-07-19,BPS,ハットリス,1,2,PZL,"￥3,500","￥3,500代",0,,,,アレクセイ・パジトノフ|ウラジーミル・ポヒルコ,,,,
1991-07-21,ポニーキャニオン,恋は駆け引き,1,1,PZL,"￥3,090","￥3,000代",0,,,,,,,,
1991-07-26,ジャレコ,バニシングレーサー,1,3,ACT,"￥3,500","￥3,500代",0,,,猪ヶ倉康雄,滝下尚史|面谷知志,鈴木康行,,,
1991-07-26,カプコン,ロックマンワールド,1,4,ACT,"￥3,500","￥3,500代",0,,,篠原雅嗣|吉田幸司|金子清巳,加治勇人|稲船敬二,いけだやすし|友澤眞|梶野俊夫,,藤原得郎,
1991-08-02,アトラス,パズルボーイ2,1,2,PZL,"￥2,980","￥3,000代",0,,,,,増子司,,,
1991-08-02,アスキー,フリートコマンダーVS.,1,4,SLG,"￥4,635","￥4,500代",0,,,,,,,宮崎鉄平|金佐智絵|鈴木浩史|工藤江美子|桐谷太一|三浦淳(CP),
1991-08-02,ヒューマン,茶々丸冒険記3アビスの塔,1,3,RPG,"￥3,900","￥4,000代",0,,,,,,,,
1991-08-03,バンプレスト,ペケとポコのダルマンバスターズ,1,2,ACT,"￥3,300","￥3,500代",0,,,,,,,,
1991-08-09,タイトー,エレベーターアクション,1,2,ACT,"￥3,400","￥3,500代",0,,,,,今村善雄,,,
1991-08-09,コナミ,ネメシス2,1,4,SHT,"￥3,800","￥4,000代",0,,,,,,,,
1991-08-09,ノバ,バトルシティ,1,1,ACT,"￥3,090","￥3,000代",0,,,大久保良一,兵藤岳史|小野浩,小沢純子,,,
1991-08-09,アスミック,メガリット,1,3,PZL,"￥3,900","￥4,000代",0,,,,,,,,
1991-08-09,徳間書店,東尾修監修プロ野球スタジアム'91,1,3,SPT,"￥4,200","￥4,000代",0,,,,,,,,
1991-08-23,サン電子,ボンバーキングシナリオ2,1,3,ACT,"￥3,400","￥3,500代",0,,DA.T,岡坂道夫,朝茂之,瀬谷辰宇,,吉田喜春,
1991-09-13,タカラ,ちびまる子ちゃん2デラックスまる子ワールド,1,3,ADV,"￥3,800","￥4,000代",0,,,,,,,,
1991-09-13,タイトー,ナイトクエスト,1,3,RPG,"￥3,600","￥3,500代",0,,,,,,,,
1991-09-13,ハドソン,時空戦記ムー,1,4,RPG,"￥4,500","￥4,500代",0,,,白谷守,金子良馬|野村郁朋|寺岡大介|おちよしひこ,坂本慎一|わたなべひろみつ,,上田和敏|小崎整,
1991-09-20,NCS,ウイナーズホース,1,3,ETC,"￥4,000","￥4,000代",0,,,,,,,,
1991-09-27,やのまん,アレサ2,1,4,RPG,"￥4,800","￥5,000代",0,,,,,,,,
1991-09-27,テクモ,テクモボウルGB,1,4,SPT,"￥3,800","￥4,000代",0,,,,,,,,
1991-09-27,タカラ,少年アシベゆうえんちパニック,1,3,RPG,"￥3,800","￥4,000代",0,,,,,,,,
1991-10-01,アスキー,ウィザードリィ外伝1女王の受難,1,4,RPG,"￥4,635","￥4,500代",0,,,,,,,,
1991-10-18,ビック東海,ザードの伝説,1,3,RPG,"￥3,980","￥4,000代",0,,澤田芳明|ウラトリマクリマン8,,はしうりゆき,玉山文人,ウルフやまき|きどころひとみ|野村十稔,四条いくお,
1991-10-25,エピック・ソニーレコード,ドラゴンズ・レア,1,3,ACT,"￥3,500","￥3,500代",0,,,マイケル・クナウアー|ヴィンス・リー,リック・ダイアー|ビクター・ペンマン|マーティ・フォールガー|ダーリーン・ウォディントン|ドン・ブルース,クリストファー・ストーン,,,
1991-11-01,コナミ,コナミックゴルフ,1,3,SPT,"￥3,800","￥4,000代",0,,,,,,,,
1991-11-08,テクノスジャパン,熱血高校ドッジボール部強敵！闘球戦士の巻,1,3,SPT,"￥3,600","￥3,500代",0,,,,,,,,
1991-11-15,コナミ,TMNT2,1,4,ACT,"￥3,800","￥4,000代",0,,,,,,,,
1991-11-22,シグマ商事,ポパイ2,1,3,PZL,"￥3,500","￥3,500代",0,,,,,,,,
1991-11-22,ヨネザワ,秘伝陰陽気功法図式謎遊戯華佗,1,2,PZL,"￥3,500","￥3,500代",0,,,,,,,,
1991-11-29,エピック・ソニーレコード,アルタードスペース,1,3,PZL,"￥3,500","￥3,500代",0,,,,,,,,
1991-11-29,カルチャーブレーン,スーパーチャイニーズランド2宇宙大冒険,1,4,RPG,"￥3,980","￥4,000代",0,,,,,,,,
1991-12-03,ナムコ,ナムコクラシック,1,3,SPT,"￥3,500","￥3,500代",0,,,,,,,,
1991-12-06,トンキンハウス,ドッジボーイ,1,3,SPT,"￥3,500","￥3,500代",0,,,,,,,,
1991-12-13,パック・イン・ビデオ,マインスウィーパー掃海艇,1,1,SLG,"￥3,500","￥3,500代",0,,,,,,,,
1991-12-13,スクウェア,SaGa3時空の覇者[完結編],1,4,RPG,"￥4,900","￥5,000代",0,,,,,,,,
1991-12-13,タイトー,サーガイア,1,3,SHT,"￥3,600","￥3,500代",0,,河野敏男,長谷川健|くりやまたかし|とみおかひであき|菅原徹|笹谷ひでのり|橋本英樹,河野敏男|藤田朗|三方一哉|きたがわてつろう|わきたよしひろ|鎗田準次|石川幸生|五十嵐恒三|栗城源也|讃岐平|おがわみつる,たなかやすひこ|小倉久佳|八木下直人|なかむらつかさ|高橋英吉|高木正彦,,河野敏男,
1991-12-13,ココナッツジャパンエンターテイメント,パチンコ西遊記,1,3,ETC,"￥3,900","￥4,000代",0,,,,,,,,
1991-12-13,メルダック,バトルオブキングダム,1,3,TBL,"￥3,800","￥4,000代",0,,,,,,,,
1991-12-13,アイ・ジー・エス,ワールドビーチバレー1991GBカップ,1,3,SPT,"￥3,900","￥4,000代",0,,,,,,,,
1991-12-13,テクモ,忍者龍剣伝GB摩天楼決戦,1,3,ACT,"￥3,800","￥4,000代",0,,,いしはらかずひこ,谷口俊一,水谷郁|山西浩一,,,
1991-12-14,ポニーキャニオン,ウルティマ失われたルーン,1,3,RPG,"￥4,800","￥5,000代",0,,,,,,,,
1991-12-14,ユタカ,きんぎょ注意報！わぴ子のわくわくスタンプラリー！,1,3,ETC,"￥3,500","￥3,500代",0,,,,,,,,
1991-12-14,任天堂,ヨッシーのたまご,1,2,PZL,"￥2,600","￥2,500代",0,,田尻智,新改裕二|郡山昭仁,丸山傑規|杉森建,増田順一,,宮本茂,
1991-12-20,トミー,アメリカ横断ウルトラクイズPART2,1,4,ETC,"￥3,980","￥4,000代",0,,,,,,,,
1991-12-20,トミー,モノポリー,1,4,TBL,"￥3,980","￥4,000代",0,,,,チャールズ・B・ダロウ (en) ,,,,
1991-12-20,カプコン,ロックマンワールド2,1,4,ACT,"￥3,500","￥3,500代",0,,,,,山崎憲司,,,
1991-12-20,アイレム,太陽の勇者ファイバードGB,1,3,SHT,"￥3,800","￥4,000代",0,,,,,,,,
1991-12-25,コナミ,がんばれゴエモンさらわれたエビス丸,1,4,ACT,"￥3,800","￥4,000代",0,,,岩碕一男|後藤保|福井康文,寺田一友|寺田一友|中坂昇,田坂真二|萩原善之|十一谷明広,,,
1991-12-26,ハドソン,桃太郎伝説外伝,1,4,RPG,"￥4,500","￥4,500代",0,,さくまあきら,,土居孝幸,関口和之,さくまあきら(貧乏神伝説|浦島伝説)|山口宏(夜叉姫伝説),,
1991-12-27,NCS,ジャンケンマン,1,2,ACT,"￥3,600","￥3,500代",0,,,,はばらのぶよし|深沢幸司(サブ)|はばらのぶよし(メイン)|植田洋一|深沢幸司(サブ),安藤高弘,あかほりさとる|遠藤徹哉,,
1991-12-27,KANEKO,ピータン,1,3,PZL,"￥3,600","￥3,500代",0,,,,,,,,
1991-12-27,バリエ,中嶋悟監修F-1HEROGBWORLDCHAMPIONSHIP'91,1,3,RCG,"￥3,500","￥3,500代",0,,,,,,,,
1991-12-28,トミー,絶対無敵ライジンオー,1,2,ACT,"￥3,200","￥3,000代",0,,,,武内啓|やまだたかひろ,田中公平,矢立肇,,
1991-12-29,ベック,ウルトラマン,1,3,FTG,"￥3,500","￥3,500代",0,,,,,,金城哲夫 ほか,,
1992-01-08,タカラ,機甲警察メタルジャック,1,3,SLG,"￥3,800","￥4,000代",0,,,,内田順久|牧野行洋,岩崎文紀,矢立肇,,
1992-01-10,ヒューマン,トキオ戦記英雄列伝,1,3,SLG,"￥4,500","￥4,500代",0,,おおはしひろゆき,,アネックス|いいやんさんすー|加藤三千代|神崎ひろこ,ミント,,飯田和憲,
1992-01-14,ジャレコ,Q-bert,1,2,PZL,"￥4,200","￥4,000代",0,,,,,,,,
1992-01-18,バンダイ,SD戦国伝2天下統一編,1,4,SLG,"￥4,800","￥5,000代",0,,,,,,,,
1992-01-21,任天堂,メトロイド2リターンオブサムス,1,4,ACT,"￥3,500","￥3,500代",0,,,,,,,,
1992-01-24,バップ,しっぽでブン！！,1,2,ACT,"￥3,800","￥4,000代",0,,,,,,,,
1992-01-24,ナムコ,雀卓ボーイ,1,3,TBL,"￥3,500","￥3,500代",0,,,,,,,,
1992-01-31,アテナ,TWIN,1,3,RPG,"￥3,900","￥4,000代",0,,,,,,,,
1992-02-01,コナミ,タイニートゥーンアドベンチャーズ,1,3,ACT,"￥3,500","￥3,500代",0,,,,,ブルース・ブロートン,ポール・ディニ,,
1992-02-14,ホット・ビィ,WWFスーパースターズ,1,3,SPT,"￥3,900","￥4,000代",0,,,,,,,,
1992-02-14,ヒロ,トラックミート目指せバルセロナ,1,3,SPT,"￥3,800","￥4,000代",0,,,,,,,,
1992-02-21,サミー工業,ベリウス2復讐の邪神,1,3,RPG,"￥4,200","￥4,000代",0,,,,,,,,
1992-02-21,ジャレコ,怒りの要塞2,1,3,ACT,"￥3,900","￥4,000代",0,,,,,,,,
1992-02-28,バンプレスト,ONI2隠忍伝説,1,4,RPG,"￥4,980","￥5,000代",0,,,,,,,,
1992-02-28,バリエ,新世紀GPXサイバーフォーミュラ,1,3,TBL,"￥3,980","￥4,000代",0,,,,いのまたむつみ(原案)|吉松孝博|河森正治|いのまたむつみ(原案)|久行宏和,佐橋俊彦,矢立肇,,
1992-02-28,ナムコ,平成天才バカボン,1,3,ACT,"￥3,500","￥3,500代",0,,,,岸義之,本間勇輔,赤塚不二夫,,
1992-03-06,エポック社,ドラゴンスレイヤー外伝眠りの王冠,1,3,RPG,"￥4,500","￥4,500代",0,,,,,,,,
1992-03-06,キングレコード,ラブルセイバー2,1,2,ACT,"￥3,800","￥4,000代",0,,,,,,,,
1992-03-06,ハドソン,高橋名人の冒険島2,1,3,ACT,"￥3,800","￥4,000代",0,,,,,,,,
1992-03-13,エピック・ソニーレコード,ハドソン・ホーク,1,3,ACT,"￥3,500","￥3,500代",0,,,,,マイケル・ケイメン|ロバート・クラフト,スティーヴン・E・デ・スーザ|ダニエル・ウォーターズ,,
1992-03-13,メルダック,読本夢五誉身天神怪戦2,1,4,ACT,"￥4,500","￥4,500代",0,,,,,,,,
1992-03-19,バップ,スーパーストリートバスケットボール,1,3,SPT,"￥4,200","￥4,000代",0,,,,,,,,
1992-03-19,エピック・ソニーレコード,ロボコップ2,1,3,ACT,"￥3,500","￥3,500代",0,,,,,レナード・ローゼンマン,キャラクター創造|エドワード・ニューマイヤー|マイケル・マイナー,,
1992-03-27,テクモ,キャプテン翼VS,1,4,SLG,"￥4,200","￥4,000代",0,,,,,山岸継司|斎藤幹雄|おかむらまゆこ,,,
1992-03-27,アトラス,チキチキマシーン猛レース,1,3,RCG,"￥3,900","￥4,000代",0,,,,,Hoyt Curtin,Larz Bourne Dalton Sandifer Tom Dagenais Michael Maltese,ウィリアム・ハンナ ジョセフ・バーベラ,
1992-03-27,タカラ,ちびまる子ちゃん3めざせ！ゲーム大賞,1,3,ETC,"￥3,800","￥4,000代",0,,,,,,,,
1992-03-27,イマジニア,プロサッカー,1,3,SPT,"￥3,800","￥4,000代",0,,,,,,,,
1992-03-27,徳間書店インターメディア,リトルマスター2雷光の騎士,1,4,SLG,"￥4,800","￥5,000代",0,,川野忠仁,ONITAMA,川野忠仁|山本浩史|後藤滋,やまだゆうじ,,たなかさとし,
1992-03-27,サミー工業,雀四郎,1,2,TBL,"￥3,800","￥4,000代",0,,,,,,,,
1992-03-28,サン電子,バットマンリターンオブザジョーカー,1,3,ACT,"￥3,800","￥4,000代",0,,,,,,,,
1992-04-03,エピック・ソニーレコード,HOOK,1,3,ACT,"￥3,500","￥3,500代",0,,,,,,,,
1992-04-17,アスミック,DX馬券王Z,1,3,ETC,"￥5,900","￥6,000代",0,,,,,,,,
1992-04-24,ハドソン,炎の闘球児ドッジ弾平,1,4,SPT,"￥4,500","￥4,500代",0,,,,はしもとかつみ|郷敏治,勝又隆一,こしたてつひろ,,
1992-04-24,アクレイムジャパン,ミグレイン,1,1,PZL,"￥3,980","￥4,000代",0,,,,,,,,
1992-04-27,任天堂,星のカービィ,1,4,ACT,"￥2,900","￥3,000代",172,,桜井政博,岩田聡(SUNDAY RAIN),桜井政博|MOGAMI KURANO,石川淳,,金井誠,
1992-04-28,シグマ商事,ポケットバトル,1,3,SLG,"￥3,500","￥3,500代",0,,,,,,,,
1992-04-28,アルトロン,レッドオクトーバーを追え,1,3,SHT,"￥4,500","￥4,500代",0,,,,,ベイジル・ポールドゥリス,トム・クランシー|『レッド・オクトーバーを追え』,,
1992-05-02,ケムコ,スパイVSスパイとらっぱーず天国,1,3,ACT,"￥3,800","￥4,000代",0,,,,,,,,
1992-05-02,エポック社,パネルの忍者ケサマルサラ姫お助け申す！の巻,1,2,PZL,"￥3,500","￥3,500代",0,,,,,,,,
1992-05-29,任天堂,X(エックス),1,4,SHT,"￥3,900","￥4,000代",0,,,,,タイラー・ベイツ|チェルシー・ウルフ(英語版),タイ・ウェスト,,
1992-06-26,イマジニア,スーパーハンチバック,1,3,ACT,"￥3,800","￥4,000代",0,,,,,,,,
1992-06-26,ヘクト,ソリテア,1,2,PZL,"￥3,900","￥4,000代",0,,,,,,,,
1992-06-26,アルトロン,ホーム・アローン,1,3,ACT,"￥4,500","￥4,500代",0,,,,,ジョン・ウィリアムズ,ジョン・ヒューズ,,
1992-07-03,やのまん,うる星やつらミス友引を捜せ！,1,4,RPG,"￥5,200","￥5,000代",0,,,,,,,,
1992-07-10,バンダイ,マジカル☆タルるートくん2ライバーゾーンパニック！！,1,3,ACT,"￥3,500","￥3,500代",0,,,,,,,,
1992-07-17,コナミ,コナミックスポーツインバルセロナ,1,3,SPT,"￥3,500","￥3,500代",0,,,,,,,,
1992-07-17,バンプレスト,らんま1/2熱烈格闘編,1,4,RPG,"￥3,980","￥4,000代",0,,,,,,,,
1992-07-17,ベック,宇宙戦艦ヤマト,1,4,SLG,"￥3,900","￥4,000代",0,,,,岡迫亘弘|松本零士|スタジオぬえ,宮川泰,藤川桂介|田村丸|山本暎一,,
1992-07-17,徳間書店インターメディア,東尾修監修プロ野球スタジアム'92,1,4,SPT,"￥4,800","￥5,000代",0,,,,,,,,
1992-07-24,テクノスジャパン,ダウンタウン熱血行進曲どこでも運動会,1,4,ACT,"￥3,800","￥4,000代",0,,,,,,,,
1992-07-24,カプコン,バイオニックコマンドー,1,4,ACT,"￥3,500","￥3,500代",0,,,,,,,,
1992-07-24,NCS,プリンス・オブ・ペルシャ,1,3,ACT,"￥3,980","￥4,000代",0,,,ジョーダン・メックナー,ジョーダン・メックナー,フランシス・メックナー,,ブライアン・エーラー,
1992-07-30,ナムコ,ファミスタ2,1,3,SPT,"￥3,500","￥3,500代",0,,,,,,,,
1992-07-31,やのまん,ペンタドラゴン,1,4,SHT,"￥4,800","￥5,000代",0,,,,,,,,
1992-07-31,アイレム,大工の源さんゴーストビルディングカンパニー,1,4,ACT,"￥3,800","￥4,000代",0,,,,,,,Max Matsuura,
1992-08-07,タカラ,クイズ世界はSHOWBYショーバイ！！,1,4,ETC,"￥3,980","￥4,000代",0,,,,,,,小松原登|小杉善信|吉田真,
1992-08-07,ココナッツジャパンエンターテイメント,シーザースパレス,1,3,TBL,"￥3,980","￥4,000代",0,,,,,,,,
1992-08-07,タカラ,ちびまる子ちゃん4これが日本だよ！王子さま,1,3,ETC,"￥3,800","￥4,000代",0,,,,,,,,
1992-08-07,コナミ,ゲームボーイ電子手帳ナノノート,1,3,ETC,"￥4,500","￥4,500代",0,,,,,,,,
1992-08-07,バンプレスト,バーサスヒーロー格闘王への道,1,3,FTG,"￥3,980","￥4,000代",0,,,,,,,,
1992-08-07,トンキンハウス,マサカリ伝説金太郎アクション編,1,4,ACT,"￥3,980","￥4,000代",0,,,,,,,,
1992-08-11,バリエ,中嶋悟監修F-1HEROGB'92THEGRADEDDRIVER,1,4,RCG,"￥3,980","￥4,000代",0,,,,,,,,
1992-08-28,ホット・ビィ,ハイパーブラックバス,1,4,SPT,"￥4,500","￥4,500代",0,,,,,,,,
1992-09-04,バンダイ,SDガンダムSD戦国伝3新SD戦国伝地上最強編,1,4,SLG,"￥4,800","￥5,000代",0,,,,,,,,
1992-09-04,ケムコ,セレクション2暗黒の封印,1,4,RPG,"￥4,800","￥5,000代",0,,,,,,,,
1992-09-12,ユタカ,キン肉マンザ☆ドリームマッチ,1,3,FTG,"￥3,500","￥3,500代",0,,,,,富樫則彦,,,
1992-09-14,任天堂,カエルの為に鐘は鳴る,1,5,RPG,"￥3,900","￥4,000代",0,,大澤徹,佐藤成希,真下雅彦|山根知美,戸高一生,坂本賀勇,加納誠,
1992-09-17,ナムコ,ビタミーナ王国物語,1,4,RPG,"￥4,900","￥5,000代",0,,,,,田島勝朗,,,
1992-09-25,コナミ,コナミックバスケット,1,3,SPT,"￥3,500","￥3,500代",0,,,,,,,,
1992-09-25,ナグザット,メルヘン倶楽部,1,3,SLG,"￥3,800","￥4,000代",0,,,,,,,,
1992-09-30,光栄,三国志GB版,1,4,SLG,"￥6,800","￥7,000代",0,,,,,,,,
1992-10-09,ココナッツジャパンエンターテイメント,パチンコかぐや姫,1,3,ETC,"￥3,864","￥4,000代",0,,,,,,,,
1992-10-16,ヘクト,3分予想馬番倶楽部,1,2,ETC,"￥5,800","￥6,000代",0,,,,,,,,
1992-10-16,BPS,SPOT,1,1,PZL,"￥3,500","￥3,500代",0,,,,,,,,
1992-10-16,やのまん,アレサ3,1,4,RPG,"￥4,800","￥5,000代",0,,,,,,,,
1992-10-16,バンプレスト,バトルドッジボール,1,3,SPT,"￥4,980","￥5,000代",0,,,,,富樫則彦,,,
1992-10-21,任天堂,スーパーマリオランド26つの金貨,1,5,ACT,"￥3,900","￥4,000代",270,,清武博二|細川豪彦,原田貴裕|山中勝|小川譲,清武博二|細川豪彦|加納誠,戸高一生,,横井軍平,
1992-10-23,ミサワエンターテイメント,アダムスファミリー,1,3,ACT,"￥3,900","￥4,000代",0,,,,,,,,
1992-10-30,ヒロ,キョロちゃんランド,1,1,ACT,"￥3,980","￥4,000代",0,,,,,,,,
1992-10-30,ジャレコ,ランバート,1,3,ACT,"￥4,000","￥4,000代",0,,,,,,,,
1992-11-06,ジャレコ,ファンタズム,1,4,ACT,"￥3,900","￥4,000代",0,,,,,,,,
1992-11-13,バンダイ,セイントパラダイス最強の戦士たち,1,4,RPG,"￥4,800","￥5,000代",0,,,,,,,,
1992-11-13,ココナッツジャパンエンターテイメント,フェラーリ,1,3,RCG,"￥4,300","￥4,500代",0,,,,,,,,
1992-11-20,データイースト,タンブルポップ,1,3,ACT,"￥3,800","￥4,000代",0,,,,,,,,
1992-11-21,任天堂,ヨッシーのクッキー,1,3,PZL,"￥2,900","￥3,000代",0,,山本雅央|山上仁志|たかさごたつひろ|RYOJIN,ヂュー・リー|よしかわのなえ|山本雄一,日野重文|松本千恵子|いのうえみか,生田ノブヤ|佐藤亜希羅|TSUTOMU|西坂紀子,,横井軍平,
1992-11-27,ハドソン,GB原人,1,4,ACT,"￥3,980","￥4,000代",0,,上田和敏,竹重英樹|伊丹美裕|白谷守,金子良馬|中村孝子,高山博彦,,,
1992-11-27,トミー,アメリカ横断ウルトラクイズPART3チャンピオン大会,1,4,ETC,"￥3,500","￥3,500代",0,,,,,,,,
1992-11-27,ビーアイ,きんぎょ注意報！2ぎょぴちゃんを探せ！,1,3,ETC,"￥4,980","￥5,000代",0,,,,,,,,
1992-11-27,コナミ,コナミックアイスホッケー,1,3,SPT,"￥3,500","￥3,500代",0,,,,,,,,
1992-11-27,サンソフト,トリップワールド,1,4,ACT,"￥3,500","￥3,500代",0,,植田祐一,植田祐一,なりたとしひこ,PHASE OUT|岩田雅之|石田力|見廣篤,,,
1992-11-27,トミー,元気爆発ガンバルンガー,1,3,ACT,"￥3,800","￥4,000代",0,,,,近藤高光|やまだたかひろ,長谷川智樹,矢立肇,,
1992-12-11,アイレム,R-TYPE2,1,3,SHT,"￥3,800","￥4,000代",0,,,,AKIO|TARACHAN,石田雅彦,,,
1992-12-11,ユタカ,スーパービックリマン伝説の石版,1,4,ACT,"￥3,800","￥4,000代",0,,,,,,,,
1992-12-11,アイレム,ぬ～ぼ～,1,4,ACT,"￥3,800","￥4,000代",0,,,,,,,,
1992-12-11,トミー,ミラクルアドベンチャーエスパークス失われた聖石ペリヴァロン,1,3,ACT,"￥3,800","￥4,000代",0,,,,,,,,
1992-12-11,カプコン,ロックマンワールド3,1,4,ACT,"￥3,500","￥3,500代",0,,,,稲船敬二,村田幸史,,藤原得郎,
1992-12-15,エニックス,ダンジョンランド,1,3,SLG,"￥4,600","￥4,500代",0,,,,桜玉吉,,,,
1992-12-18,アテナ,クイズ日本昔話アテナのハテナ？,1,4,ETC,"￥3,980","￥4,000代",0,,,,,,,,
1992-12-18,ケムコ,ドクターフランケン,1,3,ACT,"￥3,900","￥4,000代",0,,,,,,,,
1992-12-18,アルトロン,トムとジェリー,1,3,ACT,"￥4,500","￥4,500代",0,,,,,,,,
1992-12-18,バップ,ひとりでできるもん！クッキング伝説,1,3,RPG,"￥3,900","￥4,000代",0,,,,,,,,
1992-12-18,ケムコ,ミッキーズチェイス,1,3,ACT,"￥3,800","￥4,000代",0,,,,,,,,
1992-12-18,ユタカ,宇宙の騎士テッカマンブレード,1,3,ACT,"￥3,500","￥3,500代",0,,,,TOlllO(設定)|佐野浩敏(原案協力)|佐山善則|中原れい,和田薫,,,
1992-12-18,T＆Eソフト,地球解放軍ZAS,1,3,SHT,"￥3,500","￥3,500代",0,,,,,,,,
1992-12-18,エンジェル,美少女戦士セーラームーン,1,3,ACT,"￥3,500","￥3,500代",0,,,,,,,,
1992-12-18,アイレム,木づちだクイズだ源さんだ！,1,4,ETC,"￥3,800","￥4,000代",0,,,,,,,,
1992-12-19,エポック社,ドラえもん2アニマル惑星伝説,1,3,ACT,"￥3,900","￥4,000代",0,,,なかばちしのぶ|小林貴樹|阿部啓太,,大高亮,,沓掛隆志|寺島徹,
1992-12-22,イマジニア,4IN1FUNPACK,1,3,TBL,"￥3,800","￥4,000代",0,,,,,,,,
1992-12-22,サン電子,LOONEYTUNESバックスバニーとゆかいな仲間たち,1,4,ACT,"￥3,600","￥3,500代",0,,,,,,,,
1992-12-25,PCMコンプリート,ゼノン2メガブラスト,1,3,SHT,"￥3,864","￥4,000代",0,,,,,,,,
1992-12-25,ナムコ,バーコードボーイバトルスペース,1,2,ACT,"￥8,300","￥8,500代",0,,,,,,,,
1992-12-25,アトラス,女神転生ラストバイブル,1,4,RPG,"￥5,300","￥5,500代",0,,,,,,,,
1992-12-26,アスキー,ウィザードリィ外伝2古代皇帝の呪い,1,4,RPG,"￥4,635","￥4,500代",0,,,,,,,,
1992-12-27,アイ・ジー・エス,Jリーグファイティングサッカー,1,3,SPT,"￥4,800","￥5,000代",0,,澤田芳明,SHILPHEED|水谷靖志|浜田康之|石原和茂|秋本義雄|吉成智,おおぬまいさむ|土居康浩,玉山文人,,いこましんいち,
1992-12-27,データイースト,ヘラクレスの栄光動き出した神々,1,4,RPG,"￥4,800","￥5,000代",0,,,,,,,,
1993-01-03,コナミ,悪魔城スペシャルぼくドラキュラくん,1,4,ACT,"￥3,800","￥4,000代",0,,,,,,,,
1993-01-08,ジャレコ,ダーティ・レーシング,1,3,RCG,"￥3,900","￥4,000代",0,,,,,,,,
1993-01-29,バリエ,新日本プロレスリング闘魂三銃士,1,3,TBL,"￥3,980","￥4,000代",0,,,,,,,,
1993-01-29,タイトー,リングレイジ,1,3,SPT,"￥3,900","￥4,000代",0,,,,,,,,
1993-02-12,ビーアイ,サンダーバード,1,3,ADV,"￥3,980","￥4,000代",0,,,,,,,,
1993-02-19,ビック東海,ザードの伝説2偽神の領域,1,5,RPG,"￥4,900","￥5,000代",0,,きどころかずみ,,野村十稔|きどころかずみ,鈴木ひめ|Thinp.UCHIBORI|玉山文人,きどころかずみ,四条いくお,
1993-02-26,バンプレスト,ONI3黒の破壊神,1,4,RPG,"￥4,980","￥5,000代",0,,,,,,,,
1993-02-26,アクレイムジャパン,バートのサバイバルキャンプ,1,3,ACT,"￥3,980","￥4,000代",0,,,,,,,,
1993-02-26,ロジーク,バーニングペーパー,1,3,ACT,"￥3,200","￥3,000代",0,,,,,,,,
1993-02-26,ハドソン,高橋名人の冒険島3,1,4,ACT,"￥3,800","￥4,000代",0,,,,,,,,
1993-03-12,バンダイ,CLUTMASTERウルトラマンに魅せられて,1,4,ETC,"￥3,800","￥4,000代",0,,,,,,,,
1993-03-19,イマジニア,GBバスケットボール,1,3,SPT,"￥3,900","￥4,000代",0,,,,,,,,
1993-03-19,アルトロン,キラートマト,1,3,ACT,"￥4,500","￥4,500代",0,,,,,,,,
1993-03-19,マイクロワールド,ザ・キックボクシング,1,4,SPT,"￥4,200","￥4,000代",0,,,,,,,,
1993-03-19,キャラクターソフト,サンリオカーニバル2,1,2,PZL,"￥3,296","￥3,500代",0,,,,,,,,
1993-03-19,バップ,ダブル役満,1,3,TBL,"￥4,500","￥4,500代",0,,,,,ナオト・インティライミ(作詞・作曲),,,
1993-03-19,ソフエル,モンスターメーカー2ウルの秘剣,1,4,RPG,"￥4,980","￥5,000代",0,,,,,石井秀仁(作詞・作曲)暗中浪漫|桜井青(作詞・作曲)初恋中毒〜BL編〜,,,
1993-03-26,ビック東海,G1キング！三匹の予想屋,1,2,ETC,"￥5,900","￥6,000代",0,,,,,,,,
1993-03-26,コナミ,アウトバースト,1,4,FTG,"￥4,000","￥4,000代",0,,櫻井正司,ながたまさつぐ,櫻井正司,萩原善之 十一谷明広,,福井博幸,
1993-03-26,ハドソン,ミロンの迷宮組曲,1,3,ACT,"￥3,800","￥4,000代",0,,,笹川敏幸,笹川敏幸,国本剛章|井上大介,笹川敏幸,,
1993-04-09,バンダイ,クレヨンしんちゃんオラとシロはお友達だよ,1,3,ACT,"￥3,500","￥3,500代",0,,,,,,,,
1993-04-16,アクレイムジャパン,NBAオールスターチャレンジ2,1,3,SPT,"￥3,900","￥4,000代",0,,,,,,,,
1993-04-16,カプコン,魔界村外伝THEDEMONDARKNESS,1,4,ACT,"￥3,500","￥3,500代",0,,,うえやまこうじ,宮崎亮|京谷有紀,里村由紀,,,
1993-04-23,ケムコ,ミッキーマウス4魔法のラビリンス,1,3,ACT,"￥3,900","￥4,000代",0,,,,,,,,
1993-05-21,アクレイムジャパン,WWFスーパースターズ2,1,3,SPT,"￥3,980","￥4,000代",0,,,,,,,,
1993-05-21,ジャレコ,妖精物語ロッドランド,1,2,ACT,"￥3,900","￥4,000代",0,,,,森谷忠明|衛藤浩二,多和田吏,,,
1993-05-28,タイトー,バブルボブルJr,1,3,ACT,"￥3,600","￥3,500代",0,,,,,,,,
1993-05-28,イマジニア,ポピュラス外伝,1,3,SLG,"￥4,900","￥5,000代",0,,,,,,,,
1993-05-28,ロジーク,鈴木亜久里F1スーパードライビング,1,4,RCG,"￥3,900","￥4,000代",0,,,,,,,,
1993-06-06,任天堂,ゼルダの伝説夢をみる島,1,5,RPG,"￥3,900","￥4,000代",0,,手塚卓志,森田和明|葛原貴光,山村康久|有本正直|日野重文|小田部羊一,濱野美奈子|石川こずえ|戸高一生,田邊賢輔|小泉歓晃,宮本茂,
1993-06-18,ココナッツジャパンエンターテイメント,パチスロキッズ,1,3,ETC,"￥3,980","￥4,000代",0,,,,,,,,
1993-06-25,イマジニア,スプリッツ似顔絵15ゲーム,1,2,PZL,"￥3,900","￥4,000代",0,,,,,,,,
1993-06-25,日本物産,ブービーボーイズ,1,4,ACT,"￥3,800","￥4,000代",0,,藤原茂樹,,藤原茂樹,吉田健志|船場洋志,,,
1993-07-09,アクレイムジャパン,エイリアン3,1,3,ACT,"￥3,980","￥4,000代",0,,,,,エリオット・ゴールデンサール,キャラクター創造|ダン・オバノン|ロナルド・シャセット,,
1993-07-16,テクノスジャパン,びっくり熱血新記録！どこでも金メダル,1,4,SPT,"￥3,800","￥4,000代",0,,,,,,,,
1993-07-16,EAビクター,マイケルジョーダンONEONONE,1,2,SPT,"￥3,900","￥4,000代",0,,,,,,,,
1993-07-20,コナミ,ゴッドメディスンファンタジー世界の誕生,1,4,RPG,"￥4,500","￥4,500代",0,,,,,,,,
1993-07-23,ジャレコ,Jカップサッカー,1,3,SPT,"￥3,900","￥4,000代",0,,,,,,,,
1993-07-23,バップ,ミステリアム,1,3,RPG,"￥4,500","￥4,500代",0,,,,,ミュージックビデオ 「Mysterious Ways」 - YouTube,,ブライアン・イーノ|ダニエル・ラノワ,
1993-07-23,アスク講談社,ああ播磨灘,1,3,SPT,"￥4,500","￥4,500代",0,,長田紀生,,新井豊,天野正道,さだやす圭,,
1993-07-23,ミサワエンターテイメント,ジミーコナーズのプロテニスツアー,1,2,SPT,"￥3,900","￥4,000代",0,,,,,,,,
1993-07-23,トミー,幽☆遊☆白書,1,4,FTG,"￥3,980","￥4,000代",0,,,,,やまだ豊,三嶋龍朗,,
1993-07-30,アイレム,主役戦隊アイレムファイター,1,4,ACT,"￥3,800","￥4,000代",0,,,,,,,masato matsuura(1-6|12曲目)|masato matsuura|tetsuya komuro(7-11曲目),
1993-07-30,日本クラリービジネス,的中ラッシュ,1,2,ETC,"￥6,900","￥7,000代",0,,,,,,,,
1993-07-30,バンプレスト,鉄球ファイト！ザ・グレイトバトル外伝,1,3,ACT,"￥3,980","￥4,000代",0,,田中健一,KEROCHAN,TAKE|守谷淳一,富樫則彦,,下道隆,
1993-08-06,ジャレコ,ソルダム,1,3,PZL,"￥3,900","￥4,000代",0,,,,,,,,
1993-08-06,バンプレスト,らんま1/2格劇問答！！,1,4,RPG,"￥3,980","￥4,000代",0,,,,,,,,
1993-08-08,ハドソン,桃太郎電劇,1,4,ACT,"￥4,500","￥4,500代",0,,さくまあきら,いとうしんいち,いとうしんいち|土居孝幸,吉田美智子,,浦敏治,
1993-08-10,ナムコ,モンスターメーカーバーコードサーガ,1,3,ETC,"￥3,800","￥4,000代",0,,,,,,,,
1993-08-19,バップ,ダブル役満Jr.,1,3,TBL,"￥4,800","￥5,000代",0,,,,,,,,
1993-08-20,ユタカ,仮面ライダーSD走れ！マイティライダーズ,1,3,ACT,"￥3,599","￥3,500代",0,,,,,,,,
1993-08-27,アクレイムジャパン,MVPベースボール,1,4,SPT,"￥4,500","￥4,500代",0,,,,,,,,
1993-08-27,ナムコ,ファミリージョッキー2名馬の血統,1,3,RCG,"￥4,500","￥4,500代",0,,,,,,,,
1993-08-27,キングレコード,勝馬予想競馬貴族,1,3,ETC,"￥5,900","￥6,000代",0,,,,,,,,
1993-09-10,バンダイ,カルトジャンプ,1,4,ETC,"￥3,800","￥4,000代",0,,,,,,,,
1993-09-17,バップ,ダブル役満2,1,3,TBL,"￥4,800","￥5,000代",0,,,,,,,,
1993-09-23,イマジニア,レミングス,1,3,PZL,"￥3,900","￥4,000代",0,,,デイブ・ジョーンズ(英語版),ゲイリー・ティモンズ|スコット・ジョンストン,ブライアン・ジョンストン|ティム・ライト(英語版),,,
1993-09-24,アスク講談社,エイリアンVSプレデター,1,3,ACT,"￥4,500","￥4,500代",0,,,,,,,,
1993-09-25,アスキー,ウィザードリィ外伝3闇の聖典-SCRIPTUREOFTHEDARK-,1,5,RPG,"￥5,150","￥5,000代",0,,,,,,,,
1993-10-08,ナムコ,カットビロード,1,3,RCG,"￥4,800","￥5,000代",0,,,,,,,,
1993-10-22,バナレックス,クレヨンしんちゃん2オラとわんぱくごっこだゾ,1,3,ACT,"￥3,500","￥3,500代",0,,,,,,,,
1993-10-29,トミー,アメリカ横断ウルトラクイズPART4,1,4,ETC,"￥3,980","￥4,000代",0,,,,,,,,
1993-10-29,ナムコ,ファミスタ3,1,4,SPT,"￥4,900","￥5,000代",0,,,,,,,,
1993-10-29,カプコン,ロックマンワールド4,1,5,ACT,"￥3,500","￥3,500代",0,,,,稲船敬二,村田幸史,,藤原得郎,
1993-11-19,ポニーキャニオン,ウルティマ失われたルーン2,1,4,RPG,"￥4,900","￥5,000代",0,,,,,,,,
1993-11-19,ココナッツジャパンエンターテイメント,パチ夫くん,1,3,ETC,"￥3,980","￥4,000代",0,,,,,,,,
1993-11-19,アトラス,女神転生ラストバイブル2,1,4,RPG,"￥5,300","￥5,500代",0,,,,,,,,
1993-11-26,コナミ,TMNT3タートルズ危機一発,1,3,ACT,"￥3,500","￥3,500代",0,,,,,,,,
1993-11-26,トミー,UNOスモールワールド,1,4,TBL,"￥3,980","￥4,000代",0,,,,,,,,
1993-11-27,任天堂,カービィのピンボール,1,4,TBL,"￥2,900","￥3,000代",112,,,,,池上正,,岩田聡,
1993-12-03,カプコン,ダックテイルズ2,1,3,ACT,"￥3,500","￥3,500代",0,,,,ティモシー・M・モーエン,ドミニク・ルイス,カール・バークス|ジーマン・メイゴン|マット・ヤングバーグ|フランシスコ・アンゴネス,,
1993-12-10,アイレム,アンダーカバーコップス破壊神ガルマァ,1,4,ETC,"￥3,800","￥4,000代",0,,,,,,,,
1993-12-10,ビーアイ,ピングー世界で1番元気なペンギン,1,4,ACT,"￥4,200","￥4,000代",0,,,,,,,,
1993-12-10,トミー,幽☆遊☆白書第2弾暗黒武術会編,1,4,FTG,"￥3,980","￥4,000代",0,,,,,,,,
1993-12-17,バンダイ,怪獣王ゴジラ,1,4,ACT,"￥3,800","￥4,000代",0,,,,,,,,
1993-12-17,アスミック,馬券王V3,1,3,ETC,"￥6,500","￥6,500代",0,,,,,,,,
1993-12-18,アイレム,最後の忍道,1,3,ACT,"￥3,800","￥4,000代",0,,,,,石田雅彦,,,
1993-12-22,コナミ,タイニートゥーンアドベンチャーズ2～バスターバニーのかっとびだいぼうけん～,1,3,ACT,"￥3,600","￥3,500代",0,,,,,,,,
1993-12-22,テクノスジャパン,ダウンタウンスペシャルくにおくんの時代劇だよ全員集合！,1,4,ACT,"￥4,800","￥5,000代",0,,吉田晄浩,南波靖一郎(メインプログラマー)|大日方忠道(背景チェック担当)|松本康宏(メニュー周り担当)|森真一(ショップ周り担当),根立克行(キャラ担当)|東郷和代(背景担当),田崎寿子,,,
1993-12-22,ケムコ,ミッキーマウス5魔法のステッキ,1,3,ACT,"￥3,900","￥4,000代",0,,,,,,,,
1993-12-24,アクレイムジャパン,モータルコンバット神拳降臨伝説,1,4,FTG,"￥4,300","￥4,500代",0,,,,,,,,
1994-01-07,メサイヤ,バトルトード,1,3,ACT,"￥4,200","￥4,000代",0,,,クリス・スタンパー|マーク・ベターリッジ,ティム・スタンパー(英語版)|クリス・スタンパー(英語版)|ケヴィン・ベイリス,デビッド・ワイズ,,ジョエル・ホッホバーグ,
1994-01-14,アルトロン,トムとジェリーPART2,1,3,ACT,"￥4,500","￥4,500代",0,,,,,,,,
1994-01-21,任天堂,スーパーマリオランド3ワリオランド,1,5,ACT,"￥3,900","￥4,000代",159,,清武博二|細川豪彦,山中勝|小川譲|平野勲|香月良昇,清武博二|細川豪彦|杉野憲一,吉冨亮二|石川こずえ,,横井軍平,
1994-02-11,ヴァージン,スポットクールアドベンチャー,1,3,ACT,"￥4,200","￥4,000代",0,,,,,,,,
1994-02-11,ココナッツジャパンエンターテイメント,バーチャルウォーズ,1,3,ACT,"￥4,900","￥5,000代",0,,,,,ジョン・ワイマン,スティーヴン・キング|『芝刈り機の男』,,
1994-02-18,ハドソン,スーパー桃太郎電鉄2,1,4,TBL,"￥4,500","￥4,500代",0,,さくまあきら|飛田雅宏,青山光(青山公士),土居孝幸,関口和之,,浦敏治,
1994-02-18,光栄,ホイホイゲームボーイ版,1,3,PZL,"￥4,800","￥5,000代",0,,,,,,,,
1994-02-18,ジャレコ,武田修宏のエースストライカー,1,4,SPT,"￥4,900","￥5,000代",0,,,,,,,,
1994-02-25,アクレイムジャパン,T-2ザ・アーケードゲーム,1,3,SHT,"￥3,890","￥4,000代",0,,,,,,,,
1994-03-03,バンダイ,ウェルカムなかよしパーク,1,4,ETC,"￥3,800","￥4,000代",0,,,,,,,,
1994-03-11,バンプレスト,ONI4鬼神の血族,1,4,RPG,"￥4,980","￥5,000代",0,,,,,,,,
1994-03-11,バンダイ,疾風！アイアンリーガー,1,3,ACT,"￥3,500","￥3,500代",0,,,,二宮常雄|大河原邦男|二宮常雄|本橋秀之,和田薫,矢立肇,,
1994-03-18,サミー工業,雀四郎2,1,3,TBL,"￥4,200","￥4,000代",0,,,,,,,,
1994-03-25,アクレイムジャパン,WWFキングオブザリング,1,3,SPT,"￥4,200","￥4,000代",0,,,,,,,,
1994-03-25,ビック東海,ルクル,1,5,PZL,"￥4,800","￥5,000代",0,,,,,,,,
1994-03-25,イマジニア,ロロの大冒険,1,3,PZL,"￥3,900","￥4,000代",0,,,,,,,,
1994-03-25,バンプレスト,剣勇伝説ヤイバ,1,4,ACT,"￥3,980","￥4,000代",0,,,,,,,,
1994-03-25,アイレム,大工の源さん～ロボット帝国の野望～,1,4,ACT,"￥3,800","￥4,000代",0,,,,,,,,
1994-03-25,エニックス,南国少年パプワくんガンマ団の野望,1,3,PZL,"￥3,900","￥4,000代",0,,,,,,,,
1994-03-26,バンダイ,クレヨンしんちゃん3オラのごきげんアスレチック,1,3,ACT,"￥3,500","￥3,500代",0,,,,,,,,
1994-04-01,タイトー,Mr.GOの馬券的中術,1,3,ETC,"￥5,900","￥6,000代",0,,,,,,,,
1994-04-02,EAV,Jリーグウィニングゴール,1,3,SPT,"￥5,980","￥6,000代",0,,,,,,,,
1994-04-08,イマジニア,詰め将棋～百番将棋～,1,2,TBL,"￥4,700","￥4,500代",0,,,,,,,,
1994-04-15,アテナ,モグラでポン！,1,1,ACT,"￥3,900","￥4,000代",0,,,,,,,,
1994-04-15,アイマックス,詰め将棋問題提供「将棋世界」,1,2,TBL,"￥4,700","￥4,500代",0,,,,,,,,
1994-04-22,ハドソン,GB原人ランドビバ！ちっくん王国,1,4,ACT,"￥3,800","￥4,000代",0,,大久保則雄,竹重英樹,松永智史|浦部勝彦,伊藤康広|田中達也,,宮本徳人,
1994-04-22,ココナッツジャパンエンターテイメント,パチ夫くんキャッスル,1,3,PZL,"￥3,980","￥4,000代",0,,,,,,,,
1994-04-22,ココナッツジャパンエンターテイメント,フィジェッツ,1,4,PZL,"￥4,300","￥4,500代",0,,,,,,,,
1994-04-22,カプコン,天地を喰らう,1,4,RPG,"￥4,600","￥4,500代",0,,,,,,,,
1994-04-22,エンジェル,美少女戦士セーラームーンR,1,4,ACT,"￥3,800","￥4,000代",0,,佐藤順一 → 幾原邦彦 → 五十嵐卓哉,,(※ 作画チーフ)|只野和子 → 伊藤郁子 → 爲我井克美,有澤孝紀,武内直子,,
1994-04-28,ビクターエンタテインメント,ノンタンといっしょくるくるぱずる,1,3,PZL,"￥3,900","￥4,000代",0,,,,,,,,
1994-04-29,サンソフト,ルーニー・トゥーンズそれゆけ！スピーディー・ゴンザレス,1,4,ACT,"￥3,900","￥4,000代",0,,,,,,,,
1994-05-27,テクノスジャパン,太陽の天使マーロー～お花畑は大パニック～,1,4,PZL,"￥3,900","￥4,000代",0,,,,,,,,
1994-06-03,トミー,幽☆遊☆白書第3弾魔界の扉編,1,4,RPG,"￥3,980","￥4,000代",0,,,,,,,,
1994-06-10,ヴィジット,ザ・心理ゲーム,1,4,ETC,"￥4,500","￥4,500代",0,,,,,,,,
1994-06-10,ココナッツジャパンエンターテイメント,パチスロキッズ2,1,3,ETC,"￥4,500","￥4,500代",0,,,,,,,,
1994-06-14,任天堂,テトリスフラッシュ,1,3,PZL,"￥2,900","￥3,000代",0,,山本雅央|山上仁志,,,高野充彦|上村みゆき,,横井軍平,
1994-06-14,任天堂,ドンキーコング,1,5,ACT,"￥3,900","￥4,000代",0,,宮本茂,駒野目裕久|飯沼実|西田充裕|村田泰裕(AC) |中郷俊彦(FC),宮本茂,兼岡行男,,山内溥|横井軍平(AC)|上村雅之(FC),
1994-06-17,ココナッツジャパンエンターテイメント,ワールドカップストライカー,1,3,SPT,"￥4,500","￥4,500代",0,,,,,,,,
1994-06-30,タカラ,熱闘サムライスピリッツ,1,5,FTG,"￥4,660","￥4,500代",0,,,,,,,,
1994-07-01,ホリ電気,ろっくん！もんすたぁ！！,1,5,PZL,"￥3,900","￥4,000代",0,,,,,,,,
1994-07-15,ビデオシステム,キテレツ大百科冒険大江戸ジュラ紀,1,4,ACT,"￥3,900","￥4,000代",0,,,,,,藤子・F・不二雄,,
1994-07-15,メサイヤ,全日本プロレスジェット,1,4,SPT,"￥4,880","￥5,000代",0,,石塚輝,川原英明|松田哲哉,えのもとじゅん|岩本紀彦,佐々木筑柴|森彰彦,,薮崎久也|石塚輝,
1994-07-22,カプコン,ロックマンワールド5,1,5,ACT,"￥3,800","￥4,000代",0,,,,稲船敬二,,,藤原得郎,
1994-07-29,サミー工業,GBパチスロ必勝法Jr.,1,3,ETC,"￥4,777","￥5,000代",0,,,,,,,,
1994-07-29,アクレイムジャパン,クリスティワールド,1,3,PZL,"￥3,980","￥4,000代",0,,,,,,,,
1994-07-29,バンダイ,ジャングルの王者ターちゃん,1,4,ACT,"￥3,980","￥4,000代",0,,,,工藤裕加|西野理恵,山田直毅|鈴木豪,,,
1994-07-29,アイマックス,パチスロワールドカップ'94,1,4,ETC,"￥4,500","￥4,500代",0,,,,,,,,
1994-07-29,サンソフト,ワールドカップUSA'94,1,3,SPT,"￥4,800","￥5,000代",0,,,,,,,,
1994-07-29,キングレコード,勝馬予想競馬貴族EX'94,1,3,ETC,"￥6,900","￥7,000代",0,,,,,,,,
1994-07-29,テクノスジャパン,熱血！ビーチバレーだよくにおくん,1,4,SPT,"￥3,800","￥4,000代",0,,,ストレートさとう,よこぺん|坪谷衛|大竹剛,澤和雄|ごとうなおき,,,
1994-07-29,タカラ,熱闘餓狼伝説2あらたなるたたかい,1,5,FTG,"￥4,660","￥4,500代",0,,,,,,,,
1994-07-31,バンプレスト,ぷよぷよ,1,4,PZL,"￥3,980","￥4,000代",0,,,,,,,,
1994-08-05,ビーアイ,3丁目のタマタマ＆フレンズ3丁目お化けパニック！！,1,3,ETC,"￥3,980","￥4,000代",0,,,,,,,,
1994-08-05,東宝・小学館プロダクション,ポコニャン！夢の大冒険,1,4,ACT,"￥4,300","￥4,500代",0,,,,,,,,
1994-08-10,ハドソン,ボンバーマンGB,1,4,ACT,"￥4,300","￥4,500代",0,,大久保則雄,緒方健次,大久保則雄|水野祥司,福田裕彦,,宮本徳人,
1994-08-11,バンダイ,TVアニメスラムダンクがけっぷちの決勝リーグ,1,4,SPT,"￥3,980","￥4,000代",0,,,,,,,,
1994-08-26,エンジェル,ウルトラマン超闘士激伝,1,4,ACT,"￥3,800","￥4,000代",0,,,,大平直樹|堀井敏之,,瑳川竜|栗原仁,,
1994-08-26,バンダイ,クレヨンしんちゃん4オラのいたずら大変身,1,3,ACT,"￥3,800","￥4,000代",0,,,,,,,,
1994-09-09,バンダイ,新SDガンダム外伝ナイトガンダム物語,1,4,RPG,"￥3,980","￥4,000代",0,,武藤仁,畠山慶輝,宮城嘉樹,J.SAITO,,稲垣浩文,
1994-09-16,バップ,スーパーストリートバスケットボール2,1,3,SPT,"￥4,800","￥5,000代",0,,,,,,,,
1994-09-16,ヴィジット,連対王,1,2,ETC,"￥5,500","￥5,500代",0,,,,,,,,
1994-09-22,バンダイ,とっても！ラッキーマンラッキークッキーみんな大好きー,1,4,TBL,"￥3,980","￥4,000代",0,,,,,,,,
1994-09-23,コナミ,魂斗羅スピリッツ,1,3,ACT,"￥3,800","￥4,000代",0,,中里伸也,八井田満|菅波秀幸,中里伸也|猿田雅之,柳沢美紀|安達昌宣|岩瀬立飛,,北上一三,
1994-09-30,ツクダオリジナル,オセロワールド,1,2,TBL,"￥3,900","￥4,000代",0,,,,,,,,
1994-09-30,アクレイムジャパン,バートのジャックと豆の木,1,3,ACT,"￥3,900","￥4,000代",0,,,,,,,,
1994-09-30,サンソフト,ルーニー・トゥーンズダフィー・ダック,1,4,ACT,"￥4,300","￥4,500代",0,,,,,,,,
1994-10-07,日本物産,本命ボーイ,1,4,ETC,"￥6,700","￥6,500代",0,,,,,,,,
1994-10-14,ヴィジット,ザ・心理ゲーム2大阪編,1,4,ETC,"￥4,500","￥4,500代",0,,,,,,,,
1994-10-19,魔法,詰め将棋神吉五段,1,3,TBL,"￥4,900","￥5,000代",0,,,,,,,,
1994-10-19,魔法,詰碁シリーズ1藤沢秀行名誉棋聖,1,3,TBL,"￥4,900","￥5,000代",0,,,,,,,,
1994-10-21,ハドソン,GB原人2,1,4,ACT,"￥3,980","￥4,000代",0,,赤羽仁,相原順子|荒居弘之,赤羽仁|青木コブ太,松前公高,,宮本徳人,
1994-10-28,ユタカ,TVチャンピオン,1,4,ETC,"￥3,980","￥4,000代",0,,,,,,,桜井卓也|永井宏明|斎藤勇 ほか,
1994-10-28,アルトロン,チェスマスター,1,2,TBL,"￥4,500","￥4,500代",0,,,,,,,,
1994-10-28,トンキンハウス,マサカリ伝説金太郎RPG編,1,5,RPG,"￥4,660","￥4,500代",0,,,,,,,,
1994-10-28,アスミック,馬券王TV'94,1,3,ETC,"￥6,500","￥6,500代",0,,,,,,,,
1994-11-11,アクレイムジャパン,モータルコンバット2究極神拳,1,4,FTG,"￥4,200","￥4,000代",0,,,,,,,,
1994-11-18,日本物産,ニチブチマージャン吉本劇場,1,4,TBL,"￥4,800","￥5,000代",0,,,,,,,,
1994-11-18,イマジニア,携帯競馬エイトスペシャル,1,3,ETC,"￥6,900","￥7,000代",0,,,,,,,,
1994-11-25,コナミ,タイニートゥーンアドベンチャーズ3～ドキドキスポーツフェスティバル～,1,3,ACT,"￥3,800","￥4,000代",0,,,,,,,,
1994-11-25,バンダイ,ドラゴンボールZ悟空飛翔伝,1,4,RPG,"￥3,800","￥4,000代",0,,飯田和憲,きよのみつとし,鎌田政宏|宇野道夫|真野仁志|高屋敷哲,山田耕治,,磯貝健夫,
1994-11-25,ココナッツジャパンエンターテイメント,パチ夫くん2,1,3,ETC,"￥4,500","￥4,500代",0,,,,,,,,
1994-11-25,イマジニア,本将棋,1,2,TBL,"￥4,980","￥5,000代",0,,,,,,,,
1994-12-09,ナムコ,パックパニック,1,3,PZL,"￥3,500","￥3,500代",0,,見城こうじ,,,荒川美恵,,,
1994-12-09,トミー,幽☆遊☆白書第4弾魔界統一編,1,4,FTG,"￥3,980","￥4,000代",0,,,,,,,,
1994-12-16,ハドソン,桃太郎電劇2,1,5,ACT,"￥4,500","￥4,500代",0,,さくまあきら(総監督)|千葉達也(監督),,土居孝幸,吉田美智子,,,
1994-12-20,四次元,スーパースネーキー,1,2,PZL,"￥3,800","￥4,000代",0,,,,,,,,
1994-12-22,ベック,ウルトラマンボール,1,3,ACT,"￥3,800","￥4,000代",0,,,,,,,,
1994-12-22,ビック東海,トコロ'SまあじゃんJr.,1,4,TBL,"￥4,800","￥5,000代",0,,,,,,,,
1994-12-23,ココナッツジャパンエンターテイメント,インディージョーンズ最後の聖戦,1,3,ACT,"￥4,300","￥4,500代",0,,,,,ジョン・ウィリアムズ,ジェフリー・ボーム,,
1994-12-23,アテナ,プロ麻雀極GB,1,3,TBL,"￥4,900","￥5,000代",0,,,,,,,,
1994-12-23,魔法,将棋最強,1,4,TBL,"￥4,980","￥5,000代",0,,,,,,,,
1994-12-23,四次元,灘麻太朗のパワフル麻雀～次の一手100題～,1,3,TBL,"￥4,800","￥5,000代",0,,,,,,,,
1995-01-03,ナムコ,パックインタイム,1,4,ACT,"￥3,800","￥4,000代",0,,オリビエ・ゴゲル,アラン・ギュイ,シリル・フォンテーヌ|フランソワ・リマッソン,フレデリック・モット,,ティエリー・ロビン,
1995-01-13,カルチャーブレーン,スーパーチャイニーズランド3,1,4,RPG,"￥4,200","￥4,000代",0,,,,,,,,
1995-01-27,マジファクト,パチスロ必勝ガイドGB,1,3,ETC,"￥4,500","￥4,500代",0,,,,,,,,
1995-01-27,バンプレスト,バトルクラッシャー,1,4,FTG,"￥3,980","￥4,000代",0,,石谷浩二,,,富樫則彦,,下道隆,
1995-01-27,バンダイ,ママレード・ボーイ,1,4,ETC,"￥3,980","￥4,000代",0,,矢部秋則,,馬越嘉彦,奥慶一,,,
1995-02-24,タカラ,熱闘ワールドヒーローズ2JET,1,5,FTG,"￥4,660","￥4,500代",0,,,,,,,,
1995-03-03,トミー,UNO2スモールワールド,1,3,TBL,"￥3,800","￥4,000代",0,,,,,,,,
1995-03-03,アトラス,アナザ・バイブル,1,5,RPG,"￥5,500","￥5,500代",0,,,,,,,,
1995-03-03,エンジェル,ガメラ大怪獣空中決戦,1,4,SLG,"￥3,980","￥4,000代",0,,,,,大谷幸,伊藤和典,,
1995-03-14,任天堂,マリオのピクロス,1,4,PZL,"￥3,900","￥4,000代",0,,,,,,,石原恒和,
1995-03-17,アクレイムジャパン,NFLクォーターバッククラブ'95,1,4,SPT,"￥3,900","￥4,000代",0,,,,,,,,
1995-03-17,バンダイ,TVアニメスラムダンク2全国へのTIPPOFF,1,5,SPT,"￥4,200","￥4,000代",0,,,,,,,,
1995-03-17,BPS,スーパーボンブリス,1,3,PZL,"￥4,500","￥4,500代",0,,,,,,,,
1995-03-21,任天堂,星のカービィ2,1,5,ACT,"￥3,900","￥4,000代",151,,下村真一,鈴木義樹|鄭志明|山根雅司,橋口茂|三浦和弥|大久保良子,安藤浩和|池上正,,岩田聡|宮本茂,
1995-03-24,バンプレスト,ONI5隠忍を継ぐ者,1,4,RPG,"￥4,980","￥5,000代",0,,,,,,,,
1995-03-24,ココナッツジャパンエンターテイメント,パチスロキッズ3,1,4,ETC,"￥4,500","￥4,500代",0,,,,,,,,
1995-03-24,ビーアイ,原人コッツ,1,4,ACT,"￥4,500","￥4,500代",0,,,,,,,,
1995-04-07,バンプレスト,蒼き伝説シュート！,1,4,SPT,"￥3,980","￥4,000代",0,,西尾大介,,荒木伸吾|姫野美智|秋山由樹子,Command S.inc,大島司,,
1995-04-14,カルチャーブレーン,SD飛龍の拳外伝,1,5,FTG,"￥4,700","￥4,500代",0,,,,,,,,
1995-04-14,キングレコード,勝馬予想競馬貴族EX'95,1,3,ETC,"￥6,900","￥7,000代",0,,,,,,,,
1995-04-21,EAV,JリーグLIVE'95,1,4,SPT,"￥5,980","￥6,000代",0,,,,,,,,
1995-04-28,Jウィング,チキチキ天国,1,1,PZL,"￥3,900","￥4,000代",0,,,,,,,,
1995-04-28,ココナッツジャパンエンターテイメント,パチ夫くん3,1,3,ETC,"￥4,800","￥5,000代",0,,,,,,,,
1995-04-28,バンダイ,空想科学世界ガリバーボーイ空想科学パズルプリッとポン,1,4,PZL,"￥3,980","￥4,000代",0,,,,,,,,
1995-04-28,トミー,赤ずきんチャチャ,1,4,RPG,"￥3,900","￥4,000代",0,,,,渡辺はじめ,佐橋俊彦|手塚理,,,
1995-04-28,タカラ,魔法陣グルグル勇者とククリの大冒険,1,4,RPG,"￥3,980","￥4,000代",0,,,,加瀬政広,中村暢之,三井秀樹,,
1995-05-26,タカラ,ちびまる子ちゃんまる子デラックス劇場,1,3,ADV,"￥3,980","￥4,000代",0,,,,,,,Max Matsuura,
1995-06-02,トミー,魔法騎士レイアース,1,4,RPG,"￥4,500","￥4,500代",0,,,,石田敦子|山根理宏(モンスター)|門之園恵美,松尾早人,CLAMP,,
1995-06-16,バンダイ,モグモグGOMBO遥かなる超料理伝説,1,4,RPG,"￥4,800","￥5,000代",0,,,,,,,,
1995-06-23,ケイエスエス,パチンコ物語外伝,1,5,ETC,"￥5,980","￥6,000代",0,,,,,,,,
1995-06-23,タカラ,人生ゲーム,1,4,TBL,"￥4,660","￥4,500代",0,,,,Bill Markham,,,,
1995-06-30,バンプレスト,スーパーパチンコ大戦,1,4,ETC,"￥3,980","￥4,000代",0,,,,,,,,
1995-06-30,バンプレスト,第2次スーパーロボット大戦G,1,5,SLG,"￥5,980","￥6,000代",0,,,庄真宏,阪田雅彦|知見浩之|阪田雅彦,田中伸一,,じっぱ ひとからげ,
1995-07-14,トミー,NINKU-忍空-,1,5,FTG,"￥4,200","￥4,000代",0,,,,,,,,
1995-07-14,ナムコ,ギャラガ＆ギャラクシアン,1,3,SHT,"￥3,800","￥4,000代",0,,,,,,,,
1995-07-14,日本物産,フリスキートム,1,3,ACT,"￥3,980","￥4,000代",0,,,,佐藤俊和|小田恭司|本田光雄,,,,
1995-07-27,任天堂,スーパードンキーコングGB,1,5,ACT,"￥3,900","￥4,000代",108,,ティム・スタンパー,クリス・サザーランド|ブレンダン・ガン,グレッグ・メイレス|スティーヴ・メイルズ|ケヴィン・ベイリス|マーク・スティーヴンソン,デヴィッド・ワイズ|イーブリン・フィッシャー|ロビン・ビーンランド,,,
1995-07-28,サンソフト,アルフレッドチキン,1,4,ACT,"￥4,300","￥4,500代",0,,,,,,,,
1995-08-04,四次元,おとぎ話大戦,1,4,RPG,"￥4,900","￥5,000代",0,,,,,,,,
1995-08-10,ハドソン,ボンバーマンGB2,1,4,ACT,"￥4,800","￥5,000代",0,,五井智久,いけだともなり,ちくだゆうこ|水野祥司|吉見直人,福田裕彦,,宮本徳人,
1995-08-11,カプコン,ストリートファイター2,1,5,FTG,"￥4,800","￥5,000代",0,,西谷亮,,西谷亮(NIN)|安田朗(AKIMAN),下村陽子|阿部功,,岡本吉起,
1995-08-25,バンプレスト,GOGOアックマン,1,4,ACT,"￥3,980","￥4,000代",0,,,,,,,,
1995-08-25,バンダイ,ドラゴンボールZ悟空激闘伝,1,5,RPG,"￥5,800","￥6,000代",0,,飯田和憲,きよのみつとし,高屋敷哲|高屋敷哲|佐原美奈子,西澤洋,,磯貝健夫,
1995-09-14,バンダイ,キャプテン翼J完全制覇への挑戦,1,5,SPT,"￥4,200","￥4,000代",0,,,,,,,,
1995-10-20,BLACKLABEL,ハイパーブラックバス'95,1,4,SPT,"￥4,500","￥4,500代",0,,,,,,,,
1995-10-27,アクレイムジャパン,NBAJAMトーナメントエディション,1,5,SPT,"￥4,800","￥5,000代",0,,,,,,,,
1995-10-27,アクレイムジャパン,ジャッジ・ドレッド,1,4,ACT,"￥4,500","￥4,500代",0,,,,,アラン・シルヴェストリ,キャラクター創造|ジョン・ワグナー|カルロス・エスクエラ,,
1995-10-27,アクレイムジャパン,バットマンフォーエバー,1,4,ACT,"￥4,200","￥4,000代",0,,,,,エリオット・ゴールデンサール,キャラクター創造|ボブ・ケイン,,
1995-10-27,アクレイムジャパン,フォアマンフォーリアル,1,4,SPT,"￥4,200","￥4,000代",0,,,,,,,,
1995-10-27,トミー,魔法騎士レイアース2ndミッシングカラーズ,1,4,RPG,"￥4,500","￥4,500代",0,,,,,,,,
1995-11-24,トミー,Jリーグビックウェイブサッカー,1,4,SPT,"￥4,800","￥5,000代",0,,,,,,,,
1995-11-24,トミー,NINKU-忍空-忍空戦争編,1,5,ETC,"￥4,800","￥5,000代",0,,,,,,,,
1995-12-08,ケイエスエス,ウェディングピーチじゃ魔ピーパニック,1,4,PZL,"￥4,980","￥5,000代",0,,,,,,,,
1995-12-14,任天堂,カービィのブロックボール,1,5,ACT,"￥3,900","￥4,000代",0,,後野尋宗,山崎武士|広尾敏文|夜野幸|下河康|朱立,城山功|湖東夕,大山助三|高木了恵,,横井軍平|宮本茂,
1995-12-22,ケムコ,P-マンGB,1,3,ACT,"￥4,200","￥4,000代",0,,,,,,,,
1995-12-22,トミー,東京ディズニーランドミッキーのシンデレラ城ミステリーツアー,1,5,ACT,"￥4,200","￥4,000代",0,,,,,,,,
1995-12-27,カルチャーブレーン,忍たま乱太郎GB,1,4,RPG,"￥4,800","￥5,000代",0,,,,,,,,
1995-12-29,POW,ブロックくずしGB,1,3,ACT,"￥3,980","￥4,000代",0,,,,,,,,
1996-02-27,任天堂,ポケットモンスター赤,1,5,RPG,"￥3,980","￥4,000代",418,,田尻智,太田健程|森本茂樹|渡辺哲也|増田順一,田尻智|杉森建|西田敦子|藤原基史|森本茂樹,増田順一,田尻智|たにぐち りょうすけ|野々村文宏|陣内弘之,宮本茂|川口孝司|石原恒和,
1996-02-27,任天堂,ポケットモンスター緑,1,5,RPG,"￥3,980","￥4,000代",404,,田尻智,太田健程|森本茂樹|渡辺哲也|増田順一,田尻智|杉森建|西田敦子|藤原基史|森本茂樹,増田順一,田尻智|たにぐち りょうすけ|野々村文宏|陣内弘之,宮本茂|川口孝司|石原恒和,
1996-02-29,タカラ,くまのプー太郎宝さがしだ大入りゲームバトル,1,4,ETC,"￥3,980","￥4,000代",0,,,,,,,Max Matsuura,
1996-03-22,タカラ,熱闘闘神伝,1,5,FTG,"￥4,660","￥4,500代",0,,,,,,,,
1996-04-26,タカラ,熱闘ザ・キング・オブ・ファイターズ'95,1,5,FTG,"￥4,500","￥4,500代",0,,,,,,,,
1996-05-17,ヘクト,連珠倶楽部五目ならべ,1,1,TBL,"￥2,480","￥2,500代",0,,,,,,,,
1996-06-21,スターフィッシュ,バスフィッシング達人手帳,1,5,SPT,"￥9,800","￥10,000代",0,,,,,,,,
1996-07-21,ナムコ,ナムコギャラリーvol.1,1,5,ETC,"￥3,980","￥4,000代",0,,,,,,,,
1996-07-21,ハドソン,ボンバーマンコレクション,1,6,ACT,"￥3,980","￥4,000代",0,,,,,,,,
1996-07-21,任天堂,モグラーニャ,1,5,PZL,"￥3,900","￥4,000代",0,,亀山雅之,星野義明|安間基夫,渡辺直樹|高橋英子|あおきのりこ,阪東太郎,,宮本茂,
1996-08-09,ハドソン,桃太郎コレクション,1,6,ETC,"￥3,980","￥4,000代",0,,,,,,,,
1996-08-23,タカラ,熱闘サムライスピリッツ斬九郎無双剣,1,6,FTG,"￥4,500","￥4,500代",0,,,,,,,,
1996-09-13,カルチャーブレーン,スーパーチャイニーズランド1・2・3,1,6,ETC,"￥3,980","￥4,000代",0,,,,,,,,
1996-09-27,カルチャーブレーン,SD飛龍の拳外伝2,1,6,FTG,"￥4,200","￥4,000代",0,,,,,,,,
1996-09-27,UBIソフト,ストリートレーサー,1,3,RCG,"￥4,980","￥5,000代",0,,,,,,,,
1996-09-27,トンキンハウス,スポーツコレクション,1,5,SPT,"￥3,980","￥4,000代",0,,,,,,,,
1996-10-15,任天堂,ポケットモンスター青,1,5,RPG,"￥3,000","￥3,000代",201,,田尻智,太田健程|森本茂樹|渡辺哲也|増田順一,田尻智|杉森建|西田敦子|藤原基史|森本茂樹,増田順一,田尻智|たにぐち りょうすけ|野々村文宏|陣内弘之,宮本茂|川口孝司|石原恒和,
1996-10-19,任天堂,ピクロス2,1,5,PZL,"￥3,000","￥3,000代",0,,石原恒和,緒方旗生|北脇啓,,上野利幸,,川口孝司|中山誠,
1996-10-26,任天堂,ヨッシーのパネポン,1,5,PZL,"￥3,000","￥3,000代",0,,,,,,,,
1996-11-01,カルチャーブレーン,パズル忍たま乱太郎,1,4,PZL,"￥3,980","￥4,000代",0,,,,,,,,
1996-11-22,ハドソン,原人コレクション,1,6,ACT,"￥3,980","￥4,000代",0,,,,,,,,
1996-11-22,チュンソフト,不思議のダンジョン風来のシレンGB～月影村の怪物～,1,5,RPG,"￥3,900","￥4,000代",0,,長畑成一郎,小川一美,冨江慎一郎|長谷川薫|田中信二,すぎやまこういち,冨江慎一郎,中村光一,
1996-11-23,任天堂,ドンキーコングランド,1,5,ACT,"￥3,000","￥3,000代",0,,,クリス・サザーランド,グレッグ・メイレス|アンドリュー・コラード|スティーヴ・メイレス,デビッド・ワイズ,リー・ラブデー(英語版),グレッグ・メイレス(英語版),
1996-11-29,ナムコ,ナムコギャラリーvol.2,1,5,ETC,"￥3,980","￥4,000代",0,,,,,,,,
1996-11-29,ココナッツジャパンエンターテイメント,パチ夫くんゲームギャラリー,1,5,ETC,"￥4,300","￥4,500代",0,,,,,,,,
1996-12-02,バンダイ,クレヨンしんちゃんオラのごきげんコレクション,1,4,ACT,"￥3,980","￥4,000代",0,,,,,吹田明仁,,磯貝健夫,
1996-12-02,ハドソン,ボンバーマンGB3,1,4,ACT,"￥3,980","￥4,000代",0,,ビル・リッチ,荒居弘之|阿部幸絵,窪田英之|水野祥司|吉見直人|佐藤梢,福田裕彦,,井上佳典,
1996-12-06,ハドソン,桃太郎コレクション2,1,6,ETC,"￥3,980","￥4,000代",0,,,,,,,,
1996-12-13,バンダイ,ゲゲゲの鬼太郎妖怪創造主現る！,1,4,RPG,"￥4,500","￥4,500代",0,,,たじませいいち,はただまなぶ|龍石堂浩二,わたなべよしお,,柳川絵奈,
1996-12-13,コンパイル,ぽけっとぷよぷよ通,1,4,PZL,"￥3,900","￥4,000代",0,,,,,,,,
1996-12-13,イマジニア,合格ボーイシリーズ英単語ターゲット1900,1,4,ETC,"￥2,050","￥2,000代",0,,,,,,,,
1996-12-21,ケムコ,スヌーピーのはじめてのおつかい,1,3,PZL,"￥3,980","￥4,000代",0,,,,,,,,
1996-12-21,トミー,みどりのマキバオー,1,4,ACT,"￥3,900","￥4,000代",0,,,,和泉成彦,松野恭平,つの丸,,
1996-12-27,ジャレコ,テトリスプラス,1,4,PZL,"￥3,980","￥4,000代",0,,,,,,,,
1996-12-27,Jウィング,ミニ4ボーイ,1,5,SLG,"￥4,980","￥5,000代",0,,,,,,,,
1996-12-27,バンダイ,名探偵コナン地下遊園地殺人事件,1,4,ADV,"￥3,980","￥4,000代",0,,,,,,,,
1996-12-28,カルチャーブレーン,スーパーチャイニーズファイターGB,1,6,ACT,"￥3,980","￥4,000代",0,,,,,,,,
1996-12-28,スターフィッシュ,スーパーブラックバスポケット,1,6,SPT,"￥4,980","￥5,000代",0,,,,,,,,
1997-01-24,イマジニア,合格ボーイシリーズセットで覚える日本史ターゲット201,1,4,ETC,"￥2,050","￥2,000代",0,,,,,,,,
1997-01-25,任天堂,カービィのきらきらきっず,1,4,PZL,"￥3,000","￥3,000代",0,,山上仁志,迫田勝弘,小澤和|能登谷哲也,石川淳|安藤浩和,,岩田聡|菅浩秋,
1997-01-31,やのまんゲームズ,ズープ,1,2,PZL,"￥2,800","￥3,000代",0,,,,,,,,
1997-02-01,任天堂,ゲームボーイギャラリー,1,4,ACT,"￥3,000","￥3,000代",0,,山上仁志,高瀬栄|広尾敏文|やまざきたけし,城山功|たちばなえいじ,水田陽子|杉田仁,,出石武宏,
1997-02-21,日本システムサプライ,チャルボ55SUPERPUZZLEACTION,1,5,RPG,"￥3,800","￥4,000代",0,,,,,,,,
1997-02-28,タイトー,タイトーバラエティパック,1,5,ETC,"￥3,800","￥4,000代",0,,,,,,,,
1997-03-28,イマジニア,合格ボーイシリーズ大学入試出る順英熟語ターゲット1000,1,4,ETC,"￥2,480","￥2,500代",0,,,,,,,,
1997-04-25,ハドソン,セームゲーム,1,4,PZL,"￥3,480","￥3,500代",0,,,,,,,,
1997-05-01,小学館,ドラえもんのスタディボーイ1小一こぐご・かん字,1,5,ETC,"￥2,850","￥3,000代",0,,,,,,,,
1997-05-01,小学館,ドラえもんのスタディボーイ2小一さんすう・けいさん,1,5,ETC,"￥2,850","￥3,000代",0,,,,,,,,
1997-05-23,アスキー,ミニ四駆GBLet's＆Go！！,1,5,SLG,"￥4,900","￥5,000代",0,,,,,,,,
1997-06-01,小学館,ドラえもんのスタディボーイ4小二国語・かん字,1,5,ETC,"￥2,850","￥3,000代",0,,,,,,,,
1997-06-01,小学館,ドラえもんのスタディボーイ5小二算数・計算,1,5,ETC,"￥2,850","￥3,000代",0,,,,,,,,
1997-06-20,スターフィッシュ,スーパーブラックバスポケット2,1,6,SPT,"￥3,980","￥4,000代",0,,,,,,,,
1997-06-27,バンダイ,ゲームで発見！！たまごっち,1,5,SLG,"￥4,500","￥4,500代",145,,,,,,,,
1997-06-27,ハドソン,ゲームボーイウォーズTURBO,1,5,SLG,"￥4,200","￥4,000代",0,,,,,,,,
1997-06-27,イマジニア,合格ボーイシリーズ高校入試でる順中学英単語1700,1,4,ETC,"￥2,480","￥2,500代",0,,,,,,,,
1997-06-27,ハドソン,ゲームボーイウォーズTurboファミ通版,1,4,?,非売品,#VALUE!,0,,,,,,,,
1997-07-11,イマジニア,Z会合格ボーイシリーズZ会究極の英単語1500,1,4,ETC,"￥2,000","￥2,000代",0,,,,,,,,
1997-07-11,バンダイ,ゲームで発見！！たまごっちピンクなTAMAGOTCHセット,1,5,SLG,"￥11,000","￥11,000代",145,,,,,,,,
1997-07-11,ハドソン,スーパービーダマンファイティングフェニックス,1,5,ACT,"￥3,980","￥4,000代",0,,,,,,,,
1997-07-18,ケムコ,それゆけ！キッド,1,3,ACT,"￥3,980","￥4,000代",0,,,,,,上原正三ほか,小泉美明(テレビ朝日)|阿部征司(東映),
1997-07-18,キッド,ポケットラブ,1,5,SLG,"￥4,800","￥5,000代",0,,なかむらまさき(中村正樹),しみずけんじ,市川久祥|ほそだたかあき(細田貴昭)|さとうひでゆき(佐藤英之)|さっぽろももこ,塩田信之,さっぽろももこ,,
1997-07-25,ナムコ,ナムコギャラリーvol.3,1,5,ETC,"￥3,980","￥4,000代",0,,,,,,,,
1997-07-25,ボトムアップ,ポケット麻雀,1,3,TBL,"￥3,980","￥4,000代",0,,,,,,,,
1997-07-25,イマジニア,合格ボーイシリーズ高校入試出る順中学英熟語3500,1,4,ETC,"￥2,480","￥2,500代",0,,,,,,,,
1997-07-25,光栄,名作シリーズ三国志ゲームボーイ版,1,4,SLG,"￥4,800","￥5,000代",0,,,,,,,,
1997-07-25,光栄,名作シリーズ信長の野望ゲームボーイ版,1,3,SLG,"￥3,980","￥4,000代",0,,,,,,,,
1997-08-08,タカラ,熱闘ザ・キング・オブ・ファイターズ'96,1,5,FTG,"￥3,980","￥4,000代",0,,,,,,,,
1997-08-08,タカラ,THEGAMEOFLIFE人生ゲーム(廉価版),1,4,TBL,"￥3,980","￥4,000代",0,,,,,,,,
1997-08-12,トミー,マッハGoGoGo,1,4,RCG,"￥4,800","￥5,000代",0,,,,須田正己|堀井敏之|小川浩|吉田すずか,稲葉光秀,竜の子プロダクション,,
1997-08-22,Jウィング,ディノブリーダー,1,4,SLG,"￥4,800","￥5,000代",0,,くれやまと,まつながちえみ|山本哲也,永島三人|ロボロフスキー|舟橋正恭|ZA-ZA KOBAYASHI,NIKAIUTA UOH,,,
1997-08-29,アテナ,マネーアイドルエクスチェンジャー,1,4,PZL,"￥3,980","￥4,000代",0,,,PIGGY,STARMAN|石田敦子,末村謙之輔|富樫則彦,,浅井健吾,
1997-08-29,イマジニア,"合格ボーイシリーズ高校入試“でる順""漢字問題の征服",1,4,ETC,"￥2,480","￥2,500代",0,,,,,,,,
1997-09-19,パック・イン・ソフト,川のぬし釣り3,1,5,RPG,"￥3,600","￥3,500代",0,,,まつもとしん,有田和博,水田陽子,,宮沢徹|石川真理子,
1997-09-25,コナミ,コナミGBコレクションvol.1,1,5,ETC,"￥3,980","￥4,000代",0,,,,,,,,
1997-09-26,イマジニア,合格ボーイシリーズ「解体英熟語」完全準拠Z会究極の英熟語1017,1,4,ETC,"￥2,000","￥2,000代",0,,,,,,,,
1997-09-26,スターフィッシュ,おやつクイズもぐもぐQTHEQUIZGAME,1,4,TBL,"￥3,500","￥3,500代",0,,,,,,,,
1997-09-26,ココナッツジャパンエンターテイメント,カードゲーム(ハッピープライス),1,2,TBL,"￥2,980","￥3,000代",0,,,,,,,,
1997-09-26,ココナッツジャパンエンターテイメント,シーザースパレス(ハッピープライス),1,3,TBL,"￥2,980","￥3,000代",0,,,,,,,,
1997-09-26,ココナッツジャパンエンターテイメント,フェラーリ(ハッピープライス),1,3,RCG,"￥2,980","￥3,000代",0,,,,,,,,
1997-09-26,Jウィング,ミニ4ボーイ2ファイナルエボリューション,1,5,RCG,"￥4,800","￥5,000代",0,,,,,,,,
1997-09-26,ココナッツジャパンエンターテイメント,ワールドカップストライカー(ハッピープライス),1,3,SPT,"￥2,980","￥3,000代",0,,,,,,,,
1997-09-26,イマジニア,合格ボーイシリーズ高校入試歴史年代あんきポイント240,1,4,ETC,"￥2,480","￥2,500代",0,,,,,,,,
1997-09-27,任天堂,ゲームボーイギャラリー2,1,5,ETC,"￥3,000","￥3,000代",0,,山上仁志,高瀬栄|広尾敏文|やまざきたけし,城山功|たちばなえいじ,水田陽子|杉田仁,,出石武宏,
1997-10-01,イマジニア,合格ボーイシリーズ高校入試理科あんきポイント250,1,4,ETC,"￥2,480","￥2,500代",0,,,,,,,,
1997-10-10,BPS,スーパーボンブリス(再版),1,3,PZL,"￥3,980","￥4,000代",0,,,,,,,,
1997-10-17,Jウィング,あにまるぶりーだー,1,5,SLG,"￥4,800","￥5,000代",0,,,,,,,,
1997-10-17,バンダイ,ゲームで発見！！たまごっち2,1,5,SLG,"￥4,286","￥4,500代",145,,,,,,,,
1997-10-17,アトラス,プリクラポケット不完全女子高校性マニュアル,1,5,ADV,"￥3,980","￥4,000代",0,,,,,,,,
1997-10-31,イマジニア,合格ボーイシリーズよく使われる英検2級レベルの会話表現333,1,4,ETC,"￥2,480","￥2,500代",0,,,,,,,,
1997-11-21,ナグザット,コレクションポケット,1,4,ETC,"￥3,980","￥4,000代",0,,,,,,,,
1997-11-27,コナミ,悪魔城ドラキュラ～漆黒たる前奏曲～,1,4,ACT,"￥3,980","￥4,000代",0,,山下幸紀,山口佳輝,内田和伸,岡田蘭|岩田陽一,,福井博幸,
1997-11-28,イマジニア,会合格ボーイシリーズ「解体英語構文」完全準拠Z会究極の英語構文285,1,4,ETC,"￥2,480","￥2,500代",0,,,,,,,,
1997-11-28,ボトムアップ,トランプコレクション,1,3,TBL,"￥3,980","￥4,000代",0,,,,,,,,
1997-11-28,イマジニア,メダロット(カブトバージョン),1,5,RPG,"￥3,980","￥4,000代",0,,,,,,,,
1997-11-28,イマジニア,メダロット(クワガタバージョン),1,5,RPG,"￥3,980","￥4,000代",0,,,,,,,,
1997-11-29,アトラス,プリクラポケット2彼氏改造大作戦,1,5,SLG,"￥3,980","￥4,000代",0,,,,,,,,
1997-12-01,小学館,ドラえもんのスタディボーイ3九九マスター,1,5,ETC,"￥2,850","￥3,000代",0,,,,,,,,
1997-12-04,コナミ,がんばれゴエモン～黒船党の謎～,1,4,ACT,"￥3,980","￥4,000代",0,,山下幸紀,近藤誠|福井博幸,永井真,岡田蘭|岩田陽一|田中理恵,,福井博幸,
1997-12-05,イマジニア,サンリオうらないパーティ,1,4,ETC,"￥2,980","￥3,000代",0,,,,,,,,
1997-12-11,コナミ,コナミGBコレクションvol.2,1,5,ETC,"￥3,980","￥4,000代",0,,,,,,,,
1997-12-12,ハドソン,ポケットボンバーマン,1,5,ACT,"￥3,980","￥4,000代",0,,,,,竹間淳(6曲)|矢野慎也,,,
1997-12-12,バンプレスト,超魔神英雄伝ワタルまぜっこモンスター,1,5,SLG,"￥3,800","￥4,000代",0,,,,,,,,
1997-12-19,スターフィッシュ,カラムー町の大事件,1,4,ACT,"￥3,800","￥4,000代",0,,,,,,,,
1997-12-19,アクセラ,スタースイープ,1,4,PZL,"￥3,800","￥4,000代",0,,,,,,,,
1997-12-19,ケムコ,バックスバニーコレクション,1,4,ACT,"￥3,480","￥3,500代",0,,,,,,,,
1997-12-19,パック・イン・ソフト,牧場物語GB,1,5,SLG,"￥3,980","￥4,000代",0,,,SHIN SHIN|おにがわらのぶやす|ちゅうそんじきよと,和田康宏|まつやまいぐさ,田中剛,,和田康宏,
1997-12-26,ココナッツジャパンエンターテイメント,パチスロキッズ(ハッピープライス),1,3,ETC,"￥2,980","￥3,000代",0,,,,,,,,
1997-12-26,ココナッツジャパンエンターテイメント,パチスロキッズ2(ハッピープライス),1,3,ETC,"￥2,980","￥3,000代",0,,,,,,,,
1998-01-01,小学館,ドラえもんのスタディボーイ6学習漢字マスター1006,1,6,ETC,"￥2,850","￥3,000代",0,,,,,,,,
1998-01-10,新学社,ポケット漢字郎,1,5,ETC,"￥3,800","￥4,000代",0,,,,,,,,
1998-01-15,バンダイ,ゲームで発見！！たまごっちオスっちとメスっち,1,5,SLG,"￥4,286","￥4,500代",145,,,,,,,,
1998-01-30,アルトロン,ニューチェスマスター,1,2,TBL,"￥4,500","￥4,500代",0,,,,,,,,
1998-01-30,イマジニア,合格ボーイシリーズ学研慣用句・ことわざ210,1,4,ETC,"￥1,990","￥2,000代",0,,,,,,,,
1998-01-30,イマジニア,合格ボーイシリーズ学研小学校高学年レベル入試に出た要点ランク順四字熟語288,1,4,ETC,"￥1,990","￥2,000代",0,,,,,,,,
1998-02-19,コナミ,コナミGBコレクションvol.3,1,5,ETC,"￥3,980","￥4,000代",0,,,,,,,,
1998-02-20,ショウエイシステム,NAVYBLUE98,1,4,SLG,"￥3,980","￥4,000代",0,,,,,,,,
1998-02-21,任天堂,ポケットカメラ,1,6,ETC,"￥5,775","￥6,000代",0,,,,,,,,
1998-02-27,ハドソン,ネクタリスGB,1,5,SLG,"￥4,200","￥4,000代",0,,,,,,,,
1998-02-27,トミー,ポケットキョロちゃん,1,4,ADV,"￥3,980","￥4,000代",0,,,,,,,,
1998-03-05,ハドソン,大貝獣物語ザ・ミラクル・オブ・ザ・ゾーン,1,5,TBL,"￥3,980","￥4,000代",0,,,,,,,,
1998-03-06,光栄,もんすたあ★レース,1,5,RPG,"￥3,980","￥4,000代",0,,,,,,,,
1998-03-06,講談社,頭文字D外伝,1,4,RCG,"￥3,980","￥4,000代",0,,,,,,,,
1998-03-13,日本テレネット,パチンコCR大工の源さんGB,1,4,ETC,"￥3,980","￥4,000代",0,,,,,,,,
1998-03-13,キッド,ポケットラブ2,1,6,SLG,"￥4,800","￥5,000代",0,,なかむらまさき,さいきただとし,市川久祥|さとうひでゆき|さっぽろももこ|じぇねらるわたなべ,やまさん,さっぽろももこ|のむら♥まりか,,
1998-03-19,コナミ,コナミGBコレクションvol.4,1,5,ETC,"￥3,980","￥4,000代",0,,,,,,,,
1998-03-20,イマジニア,合格ボーイシリーズZ会<例文で覚える>中学英単語1132,1,4,ETC,"￥2,000","￥2,000代",0,,,,,,,,
1998-03-20,アイマックス,カンヅメモンスター,1,5,SLG,"￥4,500","￥4,500代",0,,,,,,,,
1998-03-20,エポック社,ドラえもんカート,1,4,RCG,"￥3,980","￥4,000代",0,,,,,,,,
1998-03-20,イマジニア,メダロットパーツコレクション,1,5,RPG,"￥3,980","￥4,000代",0,,,,,,,,
1998-03-20,イマジニア,合格ボーイシリーズ山川一問一答世界史B用語問題集,1,5,ETC,"￥2,480","￥2,500代",0,,,,,,,,
1998-03-26,コナミ,ゴッドメディスン復刻版,1,5,RPG,"￥3,980","￥4,000代",0,,,,,,,,
1998-03-26,コナミ,パワプロGB,1,4,SPT,"￥3,980","￥4,000代",0,,,,,,,,
1998-03-27,タカラ,熱闘リアルバウト餓狼伝説スペシャル,1,5,FTG,"￥3,980","￥4,000代",0,,,,,,,,
1998-04-10,タイトー,パズルボブルGB,1,3,PZL,"￥3,500","￥3,500代",0,,,丸山尋司|野口順一郎,中久木成一|木下一洋,中山上等兵,,,
1998-04-22,イマジニア,合格ボーイシリーズ桐原書店頻出英文法・語法問題1000,1,4,ETC,"￥2,480","￥2,500代",0,,,,,,,,
1998-04-22,イマジニア,合格ボーイシリーズ山川一問一答新課程日本史B用語問題集,1,5,ETC,"￥2,480","￥2,500代",0,,,,,,,,
1998-04-24,ボトムアップ,ポケットバスフィッシング,1,3,SPT,"￥3,980","￥4,000代",0,,,,,,,,
1998-05-01,ケムコ,SELECTIONI＆II選ばれし者＆暗黒の封印,1,5,RPG,"￥3,980","￥4,000代",0,,,,,,,,
1998-05-15,Jウィング,あにまるぶりーだー2,1,5,SLG,"￥4,800","￥5,000代",0,,,,,,,,
1998-05-22,トミー,日本代表チーム栄光のイレブン,1,4,SPT,"￥3,580","￥3,500代",0,,,,,,,,
1998-05-29,イマジニア,メダロットパーツコレクション2,1,5,RPG,"￥3,980","￥4,000代",0,,,,,,,,
1998-05-29,イマジニア,合格ボーイシリーズ学研小学校高学年レベル入試に出た要点ランク順歴史512,1,4,ETC,"￥1,990","￥2,000代",0,,,,,,,,
1998-06-04,コナミ,ワールドサッカーGB,1,5,SPT,"￥3,980","￥4,000代",0,,,,,,,,
1998-06-05,Jウィング,ディノブリーダー2,1,5,SLG,"￥4,800","￥5,000代",0,,くれやまと,まつながちえみ|山本哲也,永島三人|ロボロフスキー|舟橋正恭|ZA-ZA KOBAYASHI,NIKAIUTA UOH,,,
1998-06-19,アスキー,ミニ四駆GBLet's＆Go！！オールスターバトルMAX,1,6,SLG,"￥4,800","￥5,000代",0,,,,,,,,
1998-06-19,カルチャーブレーン,忍たま乱太郎GB絵あわせチャレンジパズル,1,5,PZL,"￥3,980","￥4,000代",0,,,,,,,,
1998-06-26,イマジニア,合格ボーイシリーズ■いアタマを●くする。数字で遊ぼう算数編,1,4,ETC,"￥2,480","￥2,500代",0,,,,,,,,
1998-06-26,バンプレスト,いつでも！にゃんとワンダフル,1,4,SLG,"￥3,980","￥4,000代",0,,,,,,,,
1998-06-26,アイマックス,日刊べるとも倶楽部,1,5,SLG,"￥4,500","￥4,500代",0,,,,,,,,
1998-06-26,Jウィング,日本代表フランスでがんばれ！Jリーグサポーターサッカー,1,5,SPT,"￥5,500","￥5,500代",0,,,,,,,,
1998-07-02,コナミ,高気圧ボーイ,1,5,TBL,"￥3,980","￥4,000代",0,,,,山田信洋|田中真二|坂本充子,神尾憲一,吉川兆二,下村聡,
1998-07-10,イマジニア,合格ボーイシリーズ99年度版英単語センター1500,1,4,ETC,"￥2,480","￥2,500代",0,,,,,,,,
1998-07-10,Jウィング,GO！GO！ヒッチハイク,1,5,TBL,"￥4,800","￥5,000代",0,,,,,,,,
1998-07-10,パック・イン・ソフト,海のぬし釣り2,1,6,RPG,"￥3,600","￥3,500代",0,,,,,,,,
1998-07-17,スターフィッシュ,化石創世リボーン,1,5,RPG,"￥3,980","￥4,000代",0,,,,,,,,
1998-07-24,バンダイ,グランダー武蔵RV,1,5,SPT,"￥5,800","￥6,000代",0,,,,加瀬政広(第1期)|平岡正幸|入好さとる(RV),淡海悟郎,藤本信行,,
1998-07-24,トミー,東京ディズニーランドファンタジーツアー,1,5,ETC,"￥4,200","￥4,000代",0,,,,,,,,
1998-07-24,スターフィッシュ,爆釣列伝翔～ハイパーバスフィッシング～,1,5,SPT,"￥3,980","￥4,000代",0,,,,,,,,
1998-07-24,バンダイ,魚群探知機ポケットソナー,1,5,ETC,"￥14,800","￥15,000代",0,,,,,,,,
1998-07-31,アクレイムジャパン,ブレインドレイン,1,3,PZL,"￥3,500","￥3,500代",0,,,,,,,,
1998-07-31,ジャレコ,早押しクイズ～王座決定戦～,1,5,TBL,"￥3,980","￥4,000代",0,,,,,,,,
1998-07-31,ハドソン,桃太郎電鉄jr.全国ラーメンめぐりの旅,1,5,TBL,"￥3,980","￥4,000代",0,,さくまあきら(監督)|こまいかずお,,土居孝幸,関口和之|宮路一昭,,浦敏治,
1998-08-06,サンソフト,上海Pocket,1,4,PZL,"￥3,980","￥4,000代",0,,,,,,,,
1998-08-07,スターフィッシュ,テュロック～バイオノザウルスの戦い～,1,4,ACT,"￥3,980","￥4,000代",0,,,ロバート・コーエン,デヴィッド・ディーンストビール|アラン・D・ジョンソン|ドン・パーリン(英語版),ダレン・ミッチェル,ジェフ・ゴメス(英語版)|ボブ・レイトン(英語版),デヴィッド・ディーンストビール,
1998-08-07,バンプレスト,超魔神英雄伝ワタルまぜっこモンスター2,1,5,SLG,"￥3,980","￥4,000代",0,,,,,,,,
1998-08-07,バンダイ,名探偵コナン疑惑の豪華列車,1,4,ADV,"￥3,980","￥4,000代",0,,,,,,,,
1998-08-09,ハドソン,ポケットファミリーGB,1,5,SLG,"￥3,980","￥4,000代",0,,,,,,,,
1998-08-28,Jウィング,昆虫博士,1,5,SLG,"￥4,800","￥5,000代",0,,,,,,,,
1998-09-11,ボトムアップ,ポケット将棋,1,4,TBL,"￥3,980","￥4,000代",0,,,,,,,,
1998-09-11,アクレイムジャパン,モータルコンバット＆モータルコンバット2,1,6,FTG,"￥3,980","￥4,000代",0,,,,,,,,
1998-09-11,Jウィング,釣り先生,1,5,RPG,"￥4,800","￥5,000代",0,,,,,,,大瀧詠一,
1998-09-12,任天堂,ポケットモンスターピカチュウ,1,6,RPG,"￥3,000","￥3,000代",316,,田尻智,太田健程|森本茂樹|渡辺哲也|増田順一,田尻智|杉森建|西田敦子|藤原基史|森本茂樹,増田順一,田尻智|たにぐち りょうすけ|野々村文宏|陣内弘之,宮本茂|川口孝司|石原恒和,
1998-09-18,ハドソン,超速スピナー,1,5,ACT,"￥4,500","￥4,500代",0,,,,,,,,
1998-09-25,エニックス,ドラゴンクエストモンスターズテリーのワンダーランド,2,7,RPG,"￥4,900","￥5,000代",235,,,,堀井雄二|鳥山明,すぎやまこういち,堀井雄二|佐々木智広,千田幸信,
1998-09-25,ボトムアップ,ポケットゴルフ,1,3,SPT,"￥3,980","￥4,000代",0,,,,,,,,
1998-10-02,コーエー,もんすたあ★レースおかわり,1,5,RPG,"￥3,980","￥4,000代",0,,,,,,,,
1998-10-15,コナミ,爆釣リトリーブマスター,1,5,RPG,"￥3,980","￥4,000代",0,,,,,,,,
1998-10-16,キングレコード,新競馬貴族ポケットジョッキー,1,5,SLG,"￥5,800","￥6,000代",0,,,,,,,,
1998-10-21,NECインターチャネル,グローカルヘキサイト,2,6,TBL,"￥3,980","￥4,000代",0,,,,,,,,
1998-10-21,任天堂,テトリスデラックス,2,5,PZL,"￥3,500","￥3,500代",0,,,,,,,,
1998-10-21,任天堂,ワリオランド2盗まれた財宝,2,7,ACT,"￥3,500","￥3,500代",0,,細川豪彦,山中勝,清武博二,石川こずえ,,出石武宏,
1998-10-23,アテナ,ポケットボウリングGB,2,5,SPT,"￥3,800","￥4,000代",0,,,,,,,,
1998-10-30,ココナッツジャパンエンターテイメント,ポケット電車,1,5,SLG,"￥3,980","￥4,000代",0,,,,,,,,
1998-11-06,アイマックス,詰め将棋廉価版,1,2,TBL,"￥4,200","￥4,000代",0,,,,,,,,
1998-11-13,童,本格将棋将棋王,2,6,TBL,"￥3,980","￥4,000代",0,,,,,,,,
1998-11-20,ハドソン,ゲームボーイウォーズ2,2,6,SLG,"￥4,200","￥4,000代",0,,,,,,,,
1998-11-27,イマジニア,サンリオタイムネット過去編,2,6,RPG,"￥3,500","￥3,500代",0,,,,,,,,
1998-11-27,イマジニア,サンリオタイムネット未来編,2,6,RPG,"￥3,500","￥3,500代",0,,,,,,,,
1998-11-27,スターフィッシュ,スーパーブラックバスポケット3スターフィッシュ釣り,2,6,SPT,"￥3,980","￥4,000代",0,,,,,,,,
1998-11-27,エポック社,ドラえもんのGAMEBOYであそぼうよデラックス10,1,4,ETC,"￥3,800","￥4,000代",0,,,,,,,,
1998-11-27,コンパイル,ぽけっとぷよぷよSUN,2,6,PZL,"￥3,980","￥4,000代",0,,,,,,,,
1998-11-27,カプコン,激闘パワーモデラー,1,5,FTG,"￥3,980","￥4,000代",0,,,,,,,,
1998-12-04,ハドソン,ロボットポンコッツ(星バージョン),2,6,RPG,"￥3,980","￥4,000代",0,,,,,,,,
1998-12-04,ハドソン,ロボットポンコッツ(太陽バージョン),2,6,RPG,"￥3,980","￥4,000代",0,,,,,,,,
1998-12-11,スターフィッシュ,カラムー町は大さわぎ！～ポリンキーズとおかしな仲間たち～,2,6,ACT,"￥3,980","￥4,000代",0,,,,,,,,
1998-12-11,ハズブロージャパン,ゲームボーイモノポリー,2,6,TBL,"￥3,980","￥4,000代",0,,,,,,,,
1998-12-11,タム,バーコード対戦バーディガン,2,6,RPG,"￥5,500","￥5,500代",0,,,,,,,,
1998-12-11,トミー,ロードス島戦記-英雄騎士伝-,2,6,TBL,"￥3,980","￥4,000代",0,,,,,,安田均(テーブルトークRPG),,
1998-12-12,任天堂,ゼルダの伝説夢をみる島DX,2,6,RPG,"￥3,500","￥3,500代",0,,手塚卓志,森田和明|葛原貴光,山村康久|有本正直|日野重文|小田部羊一,濱野美奈子|石川こずえ|戸高一生,田邊賢輔|小泉歓晃,宮本茂,
1998-12-12,イマジニア,フェアリーキティの開運辞典～妖精の国の占い修行～,2,6,ETC,"￥3,980","￥4,000代",0,,,,,,,,
1998-12-17,コナミ,遊戯王デュエルモンスターズ,1,6,TBL,"￥4,300","￥4,500代",161,,,,荒木伸吾|姫野美智|原憲一(第145話 - 第184話)|加々美高浩(第199話 - 第224話)|小海雄司,光宗信吉,高橋和希|スタジオ・ダイス,,
1998-12-18,ボトムアップ,ポケットカラーブロック,2,3,ACT,"￥3,980","￥4,000代",0,,,,,,,,
1998-12-18,ポニーキャニオン,ザ・首都高レーシング,2,3,RCG,"￥3,980","￥4,000代",0,,,,,,,,
1998-12-18,アトラス,プリクラポケット3～タレントデビュー大作戦,1,6,ETC,"￥3,980","￥4,000代",0,,,,,,,,
1998-12-18,任天堂,ポケモンカードGB,2,6,TBL,"￥3,500","￥3,500代",139,,,,,,,,
1998-12-23,Jウィング,麻雀クエスト,2,6,TBL,"￥3,980","￥4,000代",0,,,,,,,,
1998-12-24,ハドソン,ボンバーマンクエスト,2,6,RPG,"￥3,800","￥4,000代",0,,藤原茂樹|池之内武志,荘埜毅明|山下孝|ふじもとせいいち,水野祥司|佐藤梢,入江茂明|麻生美咲|植木啓示|高橋悟朗|富樫則彦|竹間淳,,猪狩寛,
1998-12-25,イマジニア,合格ボーイシリーズ「読み解き古文単語」準拠Z会<例文で覚える>究極の古文単語～古文知識・文法基礎入り～,1,4,ETC,"￥2,000","￥2,000代",0,,,,,,,,
1998-12-25,ギャップス,小島武夫・灘麻太郎の実践麻雀教室,1,3,TBL,"￥3,800","￥4,000代",0,,,,,,,,
1999-01-01,タムソフト,バーディガンライトバージョン限定スペシャルBOX！,2,6,RPG,?,#VALUE!,0,,,,,,,,
1999-01-14,コナミ,がんばれゴエモン天狗党の逆襲,2,6,RPG,"￥4,300","￥4,500代",0,,,,,,,,
1999-01-28,BOSSコミュニケーションズ,PachinkoDataCardちょ～あたる君,1,6,ETC,"￥4,980","￥5,000代",0,,,,,,,,
1999-01-29,メディアファクトリー,Bビーダマン爆外伝～ビクトリーへのみち～,2,6,RPG,"￥3,980","￥4,000代",0,,,,,,,,
1999-01-29,ケムコ,バックスバニークレイジーキャッスル3,2,6,ACT,"￥3,980","￥4,000代",0,,,,,,小山内美江子・清水有生ほか,竹之下寛次,
1999-02-11,コナミ,ときめきメモリアルPOCKETカルチャー編～木漏れ日のメロディ～,2,8,SLG,"￥4,300","￥4,500代",0,,,,,,,,
1999-02-11,コナミ,ときめきメモリアルPOCKETスポーツ編～校庭のフォトグラフ～,2,8,SLG,"￥4,300","￥4,500代",0,,,,,,,,
1999-02-12,スターフィッシュ,化石創世リボーン2～モンスターディガー～,2,6,RPG,"￥3,980","￥4,000代",0,,,,,,,,
1999-02-19,アスキー,ウィザードリィ外伝1[復刻版],1,4,RPG,"￥4,500","￥4,500代",0,,,,,,,,
1999-02-19,アスキー,ウィザードリィ外伝2[復刻版],1,4,RPG,"￥4,500","￥4,500代",0,,,,,,,,
1999-02-19,アスキー,ウィザードリィ外伝3[復刻版],1,5,RPG,"￥5,000","￥5,000代",0,,,,,,,,
1999-02-19,童,本格四人打ち麻雀麻雀王,2,6,TBL,"￥2,980","￥3,000代",0,,,,,,,,
1999-02-26,アトラス,ハムスターパラダイス,2,6,SLG,"￥3,980","￥4,000代",0,,,,,,,,
1999-02-26,ハドソン,ポヨンのダンジョンルーム,2,7,RPG,"￥3,980","￥4,000代",0,,,,,,,,
1999-03-05,アルトロン,ROX6=Six,2,4,PZL,"￥3,980","￥4,000代",0,,,,,,,,
1999-03-11,コナミ,ビートマニアGB,2,6,ETC,"￥4,300","￥4,500代",0,,,,,,,,
1999-03-12,イマジニア,合格ボーイシリーズ■いアタマを●くする。算数バトル編,1,4,ETC,"￥2,480","￥2,500代",0,,,,,,,,
1999-03-12,エポック社,おはスタやまちゃん＆レイモンド,2,4,PZL,"￥3,800","￥4,000代",0,,,,,,,,
1999-03-12,エポック社,ドラえもんカート2,2,6,RCG,"￥3,980","￥4,000代",0,,,,,,,,
1999-03-12,コーエー,もんすたあ★レース2,2,7,RPG,"￥3,980","￥4,000代",0,,,,,,,,
1999-03-12,メサイヤ,王ドロボウJINGエンジェル,2,6,RPG,"￥3,980","￥4,000代",0,,,,,,,,
1999-03-12,メサイヤ,王ドロボウJINGデビル,2,6,RPG,"￥3,980","￥4,000代",0,,,,,,,,
1999-03-12,魔法,甲子園ポケット,2,6,SPT,"￥3,980","￥4,000代",0,,,,,,,,
1999-03-19,アテナ,プロ麻雀極GB2,2,6,TBL,"￥4,200","￥4,000代",0,,,,,,,,
1999-03-19,タカラ,決闘ビーストウォーズビースト戦士最強決定戦,2,6,FTG,"￥3,680","￥3,500代",0,,,,,,,,
1999-03-19,アトラス,女神転生外伝ラストバイブル,2,6,RPG,"￥3,980","￥4,000代",0,,,,,,,,
1999-03-19,ポニーキャニオン,将棋2,2,4,TBL,"￥3,480","￥3,500代",0,,,,,,,,
1999-03-19,ハドソン,大貝獣物語ザ・ミラクル・オブ・ザ・ゾーン2,2,6,TBL,"￥3,980","￥4,000代",0,,,,,,,,
1999-03-26,魔法,クイクイ,2,6,SLG,"￥3,980","￥4,000代",0,,,,,,,,
1999-03-26,ギャップス,バーガーバーガーポケット,2,6,TBL,"￥3,800","￥4,000代",0,,,,,,,,
1999-04-01,コナミ,パワプロクンポケット,2,7,SPT,"￥4,500","￥4,500代",0,,藤岡謙治,井上秀登|西川直樹|宮岡宏司,藤岡謙治|前川恵一,砂子純子|くすのきあつし|小倉努|荒木茂,,赤田勲,
1999-04-02,ココナッツジャパンエンターテイメント,ポケット電車2,2,6,SLG,"￥3,980","￥4,000代",0,,,,,,,,
1999-04-08,任天堂,ゲームボーイギャラリー3,2,6,ACT,"￥10,000","￥10,000代",0,,山上仁志,高瀬栄|広尾敏文|やまざきたけし,城山功|たちばなえいじ,水田陽子|杉田仁,,出石武宏,
1999-04-09,カルチャーブレーン,加藤一二三九段の将棋教室,2,6,TBL,"￥3,200","￥3,000代",0,,,,,,,,
1999-04-09,コーエー,信長の野望ゲームボーイ版2,2,6,SLG,"￥4,800","￥5,000代",0,,,,,菅野よう子|山本光男,,シブサワ・コウ,
1999-04-14,任天堂,ポケモンピンボール,2,6,TBL,"￥3,800","￥4,000代",102,,,,,,,,
1999-04-16,アルトロン,チェックメイト,2,6,TBL,"￥4,500","￥4,500代",0,,,,,,,,
1999-04-16,アトラス,女神転生外伝ラストバイブル2,2,6,RPG,"￥3,980","￥4,000代",0,,,,,,,,
1999-04-23,エポック社,ゴルフDEおはスタ,2,5,SPT,"￥3,980","￥4,000代",0,,,,,,大場つぐみ,,
1999-04-23,ケムコ,トップギア・ポケット,3,6,RCG,"￥4,500","￥4,500代",0,,,,,,,,
1999-04-23,タイトー,プチカラット,2,6,PZL,"￥3,800","￥4,000代",0,,藤渡尊浩,金子道明|粕谷智昭|南雲泰人,谷口敦|藤渡尊浩|前田千穂|二宮健|福崎真理|金子陽子|藤本一弘|ディスティーノブ|渡部恭久|香宗我部恭信,渡部恭久,,谷口敦,
1999-04-23,ナツメ,リアルプロ野球！セントラルリーグ編,2,5,SPT,"￥3,980","￥4,000代",0,,,,,,,,
1999-04-23,ナツメ,リアルプロ野球！パシフィックリーグ編,2,5,SPT,"￥3,980","￥4,000代",0,,,,,,,,
1999-04-23,タカラ,人生ゲーム友達たくさんつくろうよ！,2,6,TBL,"￥3,980","￥4,000代",0,,,,,,,,
1999-04-28,Jウィング,ディノブリーダー3～ガイア復活～,2,7,RPG,"￥4,800","￥5,000代",0,,くれやまと,まつながちえみ|山本哲也,永島三人|ロボロフスキー|舟橋正恭|ZA-ZA KOBAYASHI,NIKAIUTA UOH,,,
1999-04-28,イマジニア,パズルコレクションハローキティのマジカルミュージアム,2,6,PZL,"￥3,980","￥4,000代",0,,,,,,,,
1999-04-28,コナミ,ポケットGIステイブル,2,7,SLG,"￥4,500","￥4,500代",0,,,,,,,,
1999-04-28,コナミ,花さか天使テンテンくんのビートブレイカー,2,6,PZL,"￥4,300","￥4,500代",0,,,,,,,,
1999-04-29,スターフィッシュ,パチパチパチス郎～ニューパルサー編～,2,6,TBL,"￥3,980","￥4,000代",0,,,,,,,,
1999-04-30,カルチャーブレーン,SD飛龍の拳外伝EX,2,6,ACT,"￥3,900","￥4,000代",0,,,,,,,,
1999-05-13,コナミ,IT'sワールドラリー,2,6,RCG,"￥4,300","￥4,500代",0,,,,,,,山下達郎,
1999-05-20,エム・ティー・オー,カードキャプターさくら～いつもさくらちゃんといっしょ～,2,5,SLG,"￥3,980","￥4,000代",0,,,,,,,,
1999-05-27,スターフィッシュ,カンヅメモンスターパフェ,2,6,SLG,"￥3,980","￥4,000代",0,,,,,,,,
1999-05-28,ポニーキャニオン,ピットフォールGB,2,6,ACT,"￥3,980","￥4,000代",0,,,,,,,,
1999-05-29,コーエー,学級王ヤマザキゲームボーイ版,2,6,SLG,"￥3,980","￥4,000代",0,,,,,,,,
1999-06-03,Jウィング,漢字BOY,2,8,ETC,"￥4,800","￥5,000代",0,,,,,,,,
1999-06-04,ヘクト,パチンコCRモーレツ原始人T,2,6,ETC,"￥3,980","￥4,000代",0,,,,,,,,
1999-06-11,ボトムアップ,ポケット花札,2,4,TBL,"￥4,500","￥4,500代",0,,,,,,,,
1999-06-11,ヒューマン,ルーカのパズルで大冒険,3,5,PZL,"￥3,800","￥4,000代",0,,,,,,,,
1999-06-17,コナミ,サバイバルキッズ～孤島の冒険者,2,6,RPG,"￥4,300","￥4,500代",0,,,,,,,,
1999-06-24,Jウィング,あにまるぶり～だ～3,2,8,RPG,"￥4,800","￥5,000代",0,,,,,,小山内美江子・清水有生ほか,竹之下寛次,
1999-06-24,コナミ,ワールドサッカーGB2,2,6,SPT,"￥4,300","￥4,500代",0,,,,,,,,
1999-06-25,カルチャーブレーン,坂田吾朗九段の連珠教室,2,6,TBL,"￥3,200","￥3,000代",0,,,,,,,,
1999-07-01,コナミ,ハイパーオリンピックシリーズトラック＆フィールドGB,2,6,SPT,"￥4,300","￥4,500代",0,,,,,,,,
1999-07-08,コナミ,遊戯王デュエルモンスターズ2闇界決闘記,2,8,TBL,"￥4,500","￥4,500代",110,,,,,,,,
1999-07-09,カルチャーブレーン,プロ麻雀「兵」GB,2,6,TBL,"￥3,900","￥4,000代",0,,,,,,,,
1999-07-16,イマジニア,合格ボーイシリーズ■いアタマを●くする。社会バトル編,1,4,ETC,"￥2,480","￥2,500代",0,,,,,,,,
1999-07-16,デジタルキッズ,ゴルフ王,2,8,SPT,"￥3,980","￥4,000代",0,,,,,,,,
1999-07-16,パック・イン・ソフト,川のぬし釣り4,2,6,RPG,"￥4,200","￥4,000代",0,,,,,,,石川真理子,
1999-07-17,イマジニア,パズルコレクションハローキティのビーズ工房,2,6,PZL,"￥3,980","￥4,000代",0,,,,,,,,
1999-07-23,ケムコ,スパイVSスパイ,3,6,ACT,"￥3,980","￥4,000代",0,,,,マイケル・J・リーデル,,,,
1999-07-23,エポック社,ドラえもんあるけあるけラビリンス,2,6,ACT,"￥3,980","￥4,000代",0,,,,,,,,
1999-07-23,キングレコード,ポケットルアーボーイ,3,6,RPG,"￥3,980","￥4,000代",0,,,,,,,,
1999-07-23,イマジニア,メダロット2(カブトバージョン),2,7,RPG,"￥3,980","￥4,000代",0,,,,,,,,
1999-07-23,イマジニア,メダロット2(クワガタバージョン),2,7,RPG,"￥3,980","￥4,000代",0,,,,,,,,
1999-07-23,Jウィング,昆虫博士2,2,7,RPG,"￥4,800","￥5,000代",0,,,,,,,,
1999-07-23,ハドソン,次世代ベーゴマバトルベイブレード,3,7,RPG,"￥3,980","￥4,000代",0,,,,,,,,
1999-07-23,Jウィング,釣り先生2,2,7,RPG,"￥4,800","￥5,000代",0,,,,,,,,
1999-07-23,キッド,無頼戦士カラー,3,6,SHT,"￥3,980","￥4,000代",0,,,,,,,,
1999-07-30,キッド,ジェムジェムモンスター,2,6,RPG,"￥3,980","￥4,000代",0,,,,,,,,
1999-07-30,タカラ,チョロQカスタマブルGB,2,7,RCG,"￥3,980","￥4,000代",0,,,,,,,,
1999-07-30,コーエー,三国志ゲームボーイ版2,2,6,SLG,"￥4,800","￥5,000代",0,,,,,向谷実,,シブサワ・コウ,
1999-08-05,コナミ,アザーライフアザードリームスGB,2,6,RPG,"￥4,300","￥4,500代",0,,堀尾健一郎,函館次郎|堀尾健一郎|小木曽一公|石川和男|菊地雄治|長倉政章,堀尾健一郎|山田耕司|服部桂介,田廻弘志,山田耕司|堀尾健一郎,北上一三,
1999-08-06,ハドソン,ポケットファミリーGB2,3,7,SLG,"￥3,980","￥4,000代",0,,,,,,,,
1999-08-06,ビクターインタラクティブソフトウェア,牧場物語GB2,2,7,SLG,"￥3,980","￥4,000代",0,,,,和田康宏|まつやまいぐさ,,,和田康宏,
1999-08-10,任天堂,マリオゴルフGB,3,7,SPT,"￥3,800","￥4,000代",0,,,,,,,,
1999-08-13,ジャレコ,Get虫'倶楽部みんなの昆虫大図鑑,2,6,ETC,"￥4,400","￥4,500代",0,,,,,,,,
1999-08-13,エポック社,JリーグエキサイトステージGB,3,6,SPT,"￥3,980","￥4,000代",0,,,,,,,,
1999-08-13,ケムコ,シャドウゲイトリターン,2,6,ADV,"￥3,980","￥4,000代",0,,デヴィッド・マーシュ|カール・ローロフス,,,,,スコット・バーフィールド,
1999-08-27,コンパイル,ぷよぷよ外伝ぷよウォーズ,2,6,SLG,"￥3,980","￥4,000代",0,,,,,ナオト・インティライミ(作詞・作曲),,,
1999-08-27,アルトロン,バックギャモン,2,6,TBL,"￥3,980","￥4,000代",0,,,,,,,,
1999-09-03,パック・イン・ソフト,まじょっコマリちゃんのきせかえ物語,2,7,ETC,"￥3,800","￥4,000代",0,,,,,,,,
1999-09-10,アトラス,ぐるぐるガラクターズ,2,6,RPG,"￥4,300","￥4,500代",0,,,,,,,,
1999-09-10,スターフィッシュ,テュロック2～時空戦士～,2,6,ACT,"￥3,980","￥4,000代",0,,,,,,,,
1999-09-23,タイトー,かわいいペットショップ物語,2,6,RPG,"￥3,980","￥4,000代",0,,,,,,,,
1999-09-23,エニックス,ドラゴンクエスト1・2,2,7,RPG,"￥4,900","￥5,000代",0,,,,堀井雄二|鳥山明,すぎやまこういち,堀井雄二,青海亮太,
1999-09-24,イマジニア,合格ボーイシリーズ■いアタマを●くする。国語バトル編,1,4,ETC,"￥2,680","￥2,500代",0,,,,,,,,
1999-10-01,キッド,フロントロウ,3,6,RCG,"￥3,980","￥4,000代",0,,,,,,,,
1999-10-01,バンプレスト,スーパーロボット大戦リンクバトラー,2,6,SLG,"￥4,500","￥4,500代",0,,,,,,,,
1999-10-08,ツクダオリジナル,オセロミレニアム,2,6,TBL,"￥3,980","￥4,000代",0,,,,,,,,
1999-10-08,ボトムアップ,スーパーリアルフィッシング,3,6,SPT,"￥4,500","￥4,500代",0,,,,,,,,
1999-10-08,バンプレスト,格闘料理伝説ビストロレシピ激闘フードバトル編,2,6,RPG,"￥3,980","￥4,000代",0,,,,,,,,
1999-10-14,スパイク,V-RALLYチャンピオンシップエディション,3,6,RCG,"￥3,980","￥4,000代",0,,,,,,,,
1999-10-15,エポック社,シルバニアファミリー～おとぎの国のペンダント～,2,7,ADV,"￥3,980","￥4,000代",0,,,,,,吉田秋生,,
1999-10-15,ケムコ,ディジャブ1＆2TheCasebooksofAceHarding,3,6,ADV,"￥3,980","￥4,000代",0,,,,,,,,
1999-10-15,エム・ティー・オー,ポケットGT,3,6,RCG,"￥3,980","￥4,000代",0,,,,,高野寛|福廣秀一朗(リバイバル),遊川和彦|菅良幸|山岡潤平(リバイバル),安藤和久|河西秀幸|田端綾子,
1999-10-21,コナミ,銃鋼戦記バレットバトラー,2,7,RPG,"￥4,500","￥4,500代",0,,,,,,,,
1999-10-22,タム,アクアライフ,2,6,SLG,"￥3,980","￥4,000代",0,,,,,,,,
1999-10-22,タイトー,クイックスアドベンチャー,3,6,PZL,"￥3,980","￥4,000代",0,,,,,,,,
1999-10-22,アテナ,夜光虫GB,3,7,SLG,"￥3,800","￥4,000代",0,,,,,,,,
1999-10-29,スターフィッシュ,ウィザードリィエンパイア,3,6,RPG,"￥3,980","￥4,000代",0,,,,,,,,
1999-10-29,イマジニア,ウェットリスGB,2,6,PZL,"￥3,980","￥4,000代",0,,,,,,,,
1999-10-29,キッド,ゴルフだいすき！Let'sPlayGOLF,2,7,SPT,"￥3,980","￥4,000代",0,,,,,,,,
1999-10-29,ジョルダン,ハムスター倶楽部,2,7,SLG,"￥3,980","￥4,000代",0,,,,,,,,
1999-10-29,イマジニア,メダロット2パーツコレクション,2,7,RPG,"￥3,980","￥4,000代",0,,,,,,,,
1999-11-05,イマジニア,合格ボーイシリーズ■いアタマを●くする。理科バトル編,1,4,ETC,"￥2,680","￥2,500代",0,,,,,,,,
1999-11-05,メディアファクトリー,コラムスGB～手塚キャラクターズ～,2,5,PZL,"￥3,800","￥4,000代",0,,,,,,,,
1999-11-12,エポック社,R-TYPEDX,2,6,SHT,"￥3,980","￥4,000代",0,,,,,,,,
1999-11-12,カプコン,テトリスアドベンチャーすすめミッキーと仲間たち,3,6,PZL,"￥3,800","￥4,000代",0,,,,,,,,
1999-11-21,任天堂,ポケットモンスター金,2,6,RPG,"￥3,800","￥4,000代",353,,田尻智|増田順一(サブディレクター),渡辺哲也|森本茂樹|玉田荘介|太田健程,田尻智|西野弘二|森本茂樹|増田順一|松島賢二|杉森建|藤原基史|森本茂樹|にしだあつこ|吉田宏信|斉藤むねお|太田敏|吉川玲奈|奥谷順|岩下明日香|渡辺哲也,増田順一|一之瀬剛,松宮稔展|松島賢二,出石武宏|川口孝司|石原恒和|山内溥,
1999-11-21,任天堂,ポケットモンスター銀,2,6,RPG,"￥3,800","￥4,000代",364,,,,,,,,
1999-11-25,コナミ,ビートマニアGB2ガッチャミックス,2,6,ETC,"￥4,300","￥4,500代",0,,,,,,,,
1999-11-25,コナミ,筋肉番付GB～挑戦者はキミだ！～,2,6,ETC,"￥4,500","￥4,500代",0,,,,,,,,
1999-11-26,アルトロン,リトルマジック,3,6,ACT,"￥3,980","￥4,000代",0,,,,,,,,
1999-12-03,バンプレスト,ザ・グレイトバトルPOCKET,2,6,TBL,"￥3,980","￥4,000代",0,,,,,,,,
1999-12-03,ピノチオ,それいけ！アンパンマン不思議なニコニコアルバム,2,6,ETC,"￥4,300","￥4,500代",0,,,,,,,,
1999-12-10,BPS,スーパーボンブリスDX,2,4,PZL,"￥3,980","￥4,000代",0,,,,,,,,
1999-12-10,ボトムアップ,グランデュエル～深きダンジョンの秘宝～,3,7,RPG,"￥4,500","￥4,500代",0,,,,,,,,
1999-12-10,スターフィッシュ,スーパーブラックバス～リアル・ファイト～,3,8,SPT,"￥4,500","￥4,500代",0,,,,,,,,
1999-12-10,エム・ティー・オー,みんなの将棋-初級編-,2,6,TBL,"￥3,980","￥4,000代",0,,,,,,,,
1999-12-10,バンプレスト,格闘料理伝説ビストロレシピ～決闘★ビストガルム編～,2,6,RPG,"￥3,980","￥4,000代",0,,,,,,,,
1999-12-10,サイバーフロント,電車でGO！,3,8,SLG,"￥4,200","￥4,000代",0,,,,,,,,
1999-12-16,コナミ,がんばれゴエモン～もののけ道中飛び出せ鍋奉行！～,2,7,RPG,"￥4,500","￥4,500代",0,,堀江浩司,堂前嘉樹|片岡健一|中塚公彦,堀江浩司|片岡健一|難波和宏|叶地規代子,戸島壮太郎|岩切剛丈,,蛭子悦延,
1999-12-17,コーエー,スウィートアンジェ,2,6,ETC,"￥3,980","￥4,000代",0,,,,,,,,
1999-12-17,ケムコ,トップギア・ポケット2,3,6,RCG,"￥4,200","￥4,000代",0,,,,,,,,
1999-12-17,ボトムアップ,ポケットカラー麻雀,2,6,TBL,"￥3,980","￥4,000代",0,,,,,,,,
1999-12-17,ハドソン,ボンバーマンMAX-闇の戦士-,3,7,ACT,"￥3,980","￥4,000代",0,,,,,,,,
1999-12-17,ハドソン,ボンバーマンMAX-光の勇者-,3,7,ACT,"￥3,980","￥4,000代",0,,,,,,,,
1999-12-17,カルチャーブレーン,女流雀士に挑戦GB～私達に挑戦してネ！,2,6,TBL,"￥3,980","￥4,000代",0,,,,,,,,
1999-12-22,BOSSコミュニケーションズ,パチンコ必勝ガイドデータの王様,2,6,TBL,"￥4,980","￥5,000代",0,,Anton Prydatko(Guy),Anton Prydatko|Alexander J. Lin|Matthew Dale|Michael Miko,Character Design :|シエラ|Visual Design :|Anton Prydatko(Guy)|Sound Design :|ak+q|N²|Design Support :|Khronetic,,,Anton Prydatko(Guy),
1999-12-22,カルチャーブレーン,飛龍の拳烈伝GB,3,6,ACT,"￥3,980","￥4,000代",0,,,,,,,,
1999-12-22,ボトムアップ,ポケットカラートランプ,2,6,TBL,"￥3,980","￥4,000代",0,,,,,,,,
1999-12-23,スターフィッシュ,ハリウッドピンボール,2,6,TBL,"￥3,980","￥4,000代",0,,,,,,,,
1999-12-24,トミー,踊る天才ペット！DancingFurby,2,6,ETC,"￥3,980","￥4,000代",0,,,,,,,,
1999-12-24,カルチャーブレーン,スーパーチャイニーズファイターEX,3,6,ACT,"￥3,900","￥4,000代",0,,,,,,,,
1999-12-24,ボトムアップ,ポケットカラービリヤード,3,6,TBL,"￥3,980","￥4,000代",0,,,,,,,,
1999-12-24,テクモ,モンスターファームバトルカードGB,2,7,SLG,"￥3,980","￥4,000代",0,,,,,,,,
1999-12-24,ハドソン,ロボットポンコッツ月バージョン,2,6,RPG,"￥3,980","￥4,000代",0,,,,,,,,
1999-12-24,カプコン,爆走戦記メタルウォーカーGB～鋼鉄の友情～,2,6,RPG,"￥4,300","￥4,500代",0,,,,,,,,
1999-12-24,キングレコード,機動戦艦ナデシコルリルリ麻雀,3,7,TBL,"￥3,980","￥4,000代",0,,,,,,,,
1999-12-25,Jウィング,倉庫番伝説光と闇の国,2,6,PZL,"￥4,300","￥4,500代",0,,,,,,,,
1999-12-25,コナミ,おわらいよゐこのげえむ道～オヤジ探して三丁目～,2,6,AVG,"￥4,500","￥4,500代",0,,,,,,,,
2000-01-01,サンソフト,ダフィーダックすべってころんで大金持ち,2,6,ACT,"￥3,980","￥4,000代",0,,,,,,,,
2000-01-08,イマジニア,エリーのアトリエGB～ザールブルグの妖精錬金術師,2,7,RPG,"￥4,500","￥4,500代",0,,,,,,,,
2000-01-08,イマジニア,マリーのアトリエGB～ザールブルグの妖精錬金術師,2,7,RPG,"￥4,500","￥4,500代",0,,,,,,,,
2000-01-15,イマジニア,ジャックの大冒険～大魔王の逆襲～,2,7,RPG,"￥3,980","￥4,000代",0,,,,,,,,
2000-01-27,コナミ,ハイパーオリンピックウィンター2000,3,6,SPT,"￥4,500","￥4,500代",0,,,,,,,,
2000-01-28,任天堂,ドンキーコングGBディンキーコング＆ディクシーコング,3,6,ACT,"￥3,800","￥4,000代",0,,,マーク・ウィルソン,アンドリュー・コラード|ポール・ウェイバー|マーク・スティーヴンソン,イーブリン・フィッシャー|デビッド・ワイズ,,アンドリュー・コラード,
2000-01-28,MTO,なかよしペットシリーズ1かわいいハムスター,2,6,SLG,"￥3,980","￥4,000代",0,,浅沼穣,五反田義治,則本真樹|MEIMU,桜庭統,五反田義治,山岸功典,
2000-02-04,メディアファクトリー,Bビーダマン爆外伝Vファイナル・メガ・チューン,3,7,RPG,"￥3,980","￥4,000代",0,,,,,,,,
2000-02-11,Jウィング,語楽王TANGO！,2,6,PZL,"￥3,980","￥4,000代",0,,,,,,,,
2000-02-18,タム,ポケットビリヤードファンクthe9ボール,3,6,SPT,"￥3,980","￥4,000代",0,,,,,,,,
2000-02-18,カルチャーブレーン,本格対戦将棋『歩』,2,6,TBL,"￥3,900","￥4,000代",0,,,,,,,,
2000-02-21,任天堂,トレード＆バトルカードヒーロー,2,7,RPG,"￥3,800","￥4,000代",0,,,,,,,,
2000-02-24,ビデオシステム,F-1WORLDGRANDPRIXforGAMEBOYCOLORII,3,6,RCG,"￥4,300","￥4,500代",0,,,,,,,,
2000-02-25,カルチャーブレーン,プロ麻雀「兵」GB2,3,6,RPG,"￥3,900","￥4,000代",0,,,,,,,,
2000-02-25,サンソフト,メタファイトEX,3,6,ACT,"￥3,980","￥4,000代",0,,東谷浩明,のうつよし|やすだてつのり,KOBEBEAR,すだあきら,,浅田明弘,
2000-02-25,コーエー,メタモード,3,7,RPG,"￥4,500","￥4,500代",0,,,きただゆきひろ|古澤正紀|夏目哲宏,徳永清孝|内藤亜希子|上田聡子|こだまきこ|たはらともみ|はぬまあん|藤真つかさ,本間雅明|スタジオクリシェ,,後藤彰|うえのしょうぞう,
2000-02-25,カルチャーブレーン,本格花札GB,3,6,TBL,"￥4,500","￥4,500代",0,,,,,,,,
2000-02-25,バンプレスト,名探偵コナンからくり寺院殺人事件,2,6,AVG,"￥4,500","￥4,500代",0,,,,,,,,
2000-03-08,エポック社,ドラえもんメモリーズのび太の想い出大冒険,2,6,SLG,"￥3,980","￥4,000代",0,,,,,,,,
2000-03-08,イマジニア,メダロット・カードロボトル(カブトバージョン),2,7,TBL,"￥3,980","￥4,000代",0,,,,,,,,
2000-03-08,イマジニア,メダロット・カードロボトル(クワガタバージョン),2,7,TBL,"￥3,980","￥4,000代",0,,,,,,,,
2000-03-08,Jウィング,突撃！パッパラ隊,2,8,SHT,"￥4,500","￥4,500代",0,,,,小林ゆかり,増田隆宣,,,
2000-03-08,エポック社,プロ野球シミュレーションポケットプロ野球,3,7,SLG,"￥3,980","￥4,000代",0,,,,,,,小沢健二,
2000-03-17,イマジニア,合格ボーイGOLD■いアタマを●くする。国語算数理科社会常識の書,1,6,ETC,"￥3,800","￥4,000代",0,,,,,,,,
2000-03-17,イマジニア,合格ボーイGOLD■いアタマを●くする。国語算数理科社会難問の書,1,6,ETC,"￥3,800","￥4,000代",0,,,,,,,,
2000-03-17,アスキー,RPGツクールGB,3,7,ETC,"￥4,800","￥5,000代",0,,,,,,,,
2000-03-17,エポック社,シルバニアメロディー～森の仲間と踊りましょ！～,2,6,ETC,"￥3,980","￥4,000代",0,,,,,,,,
2000-03-17,カプコン,パズループ,2,6,PZL,"￥3,800","￥4,000代",0,,,よしむらみつお|赤石昭宏,赤石昭宏,,,,
2000-03-17,アトラス,ハムスターパラダイス2(ちゅー),3,7,SLG,"￥3,980","￥4,000代",0,,,,,,,,
2000-03-17,Jウィング,ポケットプロレスパーフェクトレスラー,3,7,SPT,"￥3,980","￥4,000代",0,,,,,,,,
2000-03-17,エポック社,マクロス7-銀河のハートを奮わせろ！-,3,7,SHT,"￥3,980","￥4,000代",0,,,,,,,,
2000-03-21,任天堂,ワリオランド3不思議なオルゴール,3,7,ACT,"￥3,800","￥4,000代",0,,細川豪彦,山中勝|山野勝也|尾崎亘洋|香月良昇,清武博二|真下雅彦|上田正二|平野勲|佐野伸也,石川こずえ,,出石武宏,
2000-03-23,コナミ,サイボーグクロちゃん～デビル復活！！～,3,6,ACT,"￥4,500","￥4,500代",0,,,,,,,,
2000-03-24,シスコンエンタテイメント,Disney'sTARZAN,3,7,ACT,"￥4,300","￥4,500代",0,,,,,,,,
2000-03-24,タイトー,さるパンチャー,2,7,SLG,"￥3,980","￥4,000代",0,,,,,,,,
2000-03-24,ビクターインタラクティブソフトウェア,じゃがいぬくん,2,6,ACT,"￥3,800","￥4,000代",0,,,,,,,,
2000-03-24,エム・ティー・オー,なかよしペットシリーズ2かわいいウサギ,2,6,SLG,"￥3,980","￥4,000代",0,,,,,,,大沢伸一,
2000-03-24,ユービーアイソフト,レイマンミスター・ダークの罠,3,8,ACT,"￥4,200","￥4,000代",0,,,,,,,,
2000-03-24,タカラ,爆球連発！！スーパービーダマン激誕！ライジングヴァルキリー！！,2,6,RPG,"￥4,500","￥4,500代",0,,,,,,,,
2000-03-30,コナミ,バトルフィッシャーズ,3,7,ACT,"￥4,500","￥4,500代",0,,,,,,,,
2000-03-30,コナミ,パワクロクンポケット2,2,7,SPT,"￥4,500","￥4,500代",0,,藤岡謙治,井上秀登|西川直樹|宮岡宏司,藤岡謙治|前川恵一,坂倉雄一|砂子純子|佐藤直之|とよはらさいこ,,赤田勲,
2000-03-30,コナミ,ポップンミュージックGB,3,6,ETC,"￥4,300","￥4,500代",0,,,,,,,,
2000-03-31,アテナ,トリックボーダーGP,3,6,SPT,"￥3,800","￥4,000代",0,,,,,,,,
2000-03-31,コンパイル,アルルの冒険まほうのジュエル,2,6,RPG,"￥4,200","￥4,000代",0,,,,,,,,
2000-03-31,ボトムアップ,スノボーチャンピオン,3,6,SPT,"￥3,980","￥4,000代",0,,,,,,,,
2000-03-31,サンソフト,必殺パチンコBOYCRモンスターハウス,3,6,TBL,"￥3,980","￥4,000代",0,,,,,,,,
2000-03-31,バンプレスト,名探偵コナン奇岩島秘宝伝説,2,6,ADV,"￥4,500","￥4,500代",0,,,,,,,,
2000-04-07,Jウィング,VSレミングス,3,8,ACT,"￥4,500","￥4,500代",0,,,,,,,,
2000-04-13,コナミ,遊戯王モンスターカプセルGB,2,6,RPG,"￥4,500","￥4,500代",0,,,,,,,,
2000-04-14,ギャップス,聖牌伝説,2,6,TBL,"￥2,800","￥3,000代",0,,石井浩一,吉枝悟,北瀬佳範|大橋悟朗|渋谷員子,伊藤賢治,北瀬佳範,,
2000-04-21,タカラ,DXモノポリーGB,2,6,TBL,"￥3,980","￥4,000代",0,,,,,,,,
2000-04-21,ギャップス,バーガーパラダイスインターナショナル,3,6,SLG,"￥2,980","￥3,000代",0,,,,,,,,
2000-04-21,ケムコ,バックスバニークレイジーキャッスル4,3,6,ACT,"￥3,980","￥4,000代",0,,,,,,,,
2000-04-27,コナミ,メタルギアGhostBabel,3,7,ACT,"￥4,500","￥4,500代",0,,,,,,,,
2000-04-28,Jウィング,ディノブリーダー4,2,7,RPG,"￥4,800","￥5,000代",0,,くれやまと,まつながちえみ|山本哲也,永島三人|ロボロフスキー|舟橋正恭|ZA-ZA KOBAYASHI,NIKAIUTA UOH,,,
2000-04-28,小学館プロダクション,ドラえもんのクイズボーイ,3,6,TBL,"￥3,800","￥4,000代",0,,,,,,,,
2000-04-28,アルトロン,パズルボブル4,2,5,PZL,"￥3,800","￥4,000代",0,,,,,,,,
2000-04-28,カルチャーブレーン,フェレット物語ディア・マイ・フレンド,3,6,SLG,"￥3,980","￥4,000代",0,,,,,,,,
2000-04-28,エクシング・エンターテイメント,ロードランナードムドム団のやぼう,2,6,PZL,"￥3,980","￥4,000代",0,,,,,,,,
2000-04-28,エム・ティー・オー,漢字deパズル,2,6,ETC,"￥4,280","￥4,500代",0,,,,,,,,
2000-04-28,ヘクト,競馬場へ行こう！ワイド,2,6,ETC,"￥3,980","￥4,000代",0,,,,,,,常田大希,
2000-04-28,バイオックス,大工の源さん～カチカチのトンカチがカチ～,2,6,ACT,"￥3,980","￥4,000代",0,,,,,,,Max Matsuura,
2000-04-28,童,麻雀女王,2,6,TBL,"￥3,980","￥4,000代",0,,,,,,,,
2000-05-19,スターフィッシュ,ゲームコンビニ21,2,6,ETC,"￥3,980","￥4,000代",0,,,,,,,,
2000-05-26,ジョルダン,タイトーメモリアルバブルボブル,2,6,ACT,"￥3,980","￥4,000代",0,,,,,,,,
2000-05-26,ジョルダン,タイトーメモリアルCHASEH.Q.,2,6,RCG,"￥3,980","￥4,000代",0,,,,,,,,
2000-06-02,ハドソン,大貝獣物語ポヨンのダンジョンルーム2,3,7,RPG,"￥3,980","￥4,000代",0,,,,,,,,
2000-06-10,イマジニア,ビックリマン2000チャージングカードGB,2,7,TBL,"￥3,980","￥4,000代",0,,,,,,,,
2000-06-15,コナミ,ハンター×ハンター～ハンターの系譜～,3,8,RPG,"￥4,500","￥4,500代",0,,,,,,,,
2000-06-29,ナムコ,ミスタードリラーGB版,2,5,PZL,"￥3,800","￥4,000代",0,,,,,,,,
2000-06-30,エム・ティー・オー,おじゃる丸～満願神社は縁日でおじゃる！～,2,6,ETC,"￥4,280","￥4,500代",0,,,,,,,,
2000-06-30,サンソフト,ムーミンの大冒険,3,7,ACT,"￥3,980","￥4,000代",0,,,,,,,,
2000-06-30,アテナ,井出洋介の麻雀教室GB,3,7,TBL,"￥3,800","￥4,000代",0,,,,,,,,
2000-06-30,Jウィング,漢字BOY2,2,6,ETC,"￥4,800","￥5,000代",0,,,,,,,,
2000-07-06,コナミ,ワールドサッカーGB2000,3,7,SPT,"￥4,500","￥4,500代",0,,,,,,,,
2000-07-13,コナミ,がんばれ！ニッポン！オリンピック2000,3,7,SPT,"￥4,500","￥4,500代",0,,,,,,,,
2000-07-13,コナミ,遊戯王デュエルモンスターズ3三聖戦神降臨,3,8,TBL,"￥4,500","￥4,500代",0,,,,,,,,
2000-07-14,トミー,あつめてあそぶくまのプーさんもりのたからもの,3,7,ADV,"￥3,980","￥4,000代",0,,,,,,,,
2000-07-14,タム,いつでもパチンコGBCRモンスターハウス,3,6,TBL,"￥3,980","￥4,000代",0,,,,,,,,
2000-07-14,サクセス,おじゃる丸～月夜が池のたからもの～,2,7,TBL,"￥3,980","￥4,000代",0,,,,,,,,
2000-07-14,アスミック,ドカボン！？ミレニアムクエスト,2,7,RPG,"￥3,980","￥4,000代",0,,,,,,,,
2000-07-19,コナミ,サバイバルキッズ2～脱出！双子島～,2,6,RPG,"￥4,500","￥4,500代",0,,,,,,,,
2000-07-19,イマジニア,ディアダニエルののスウィートアドベンチャー～キティちゃんをさがして～,2,6,ACT,"￥3,980","￥4,000代",0,,,,,,,,
2000-07-19,イマジニア,ハローキティのスウィートアドベンチャー～ダニエル君にあいたい～,2,6,ACT,"￥3,980","￥4,000代",0,,,,,,,,
2000-07-21,ナウプロダクション,データナビプロ野球,2,6,SPT,"￥4,300","￥4,500代",0,,,,,,,,
2000-07-21,キッド,爆走デコトラ伝説GBスペシャル男度胸の天下統一,3,6,RCG,"￥3,980","￥4,000代",0,,,,,,,,
2000-07-23,イマジニア,メダロット3カブトバージョン,3,8,RPG,"￥4,300","￥4,500代",0,,,,,,小山内美江子・清水有生ほか,竹之下寛次,
2000-07-23,イマジニア,メダロット3クワガタバージョン,3,8,RPG,"￥4,300","￥4,500代",0,,,,,,小山内美江子・清水有生ほか,竹之下寛次,
2000-07-27,プライムシステム,水木しげるの新・妖怪伝,3,8,ETC,"￥4,800","￥5,000代",0,,,,,,,,
2000-07-28,メディアファクトリー,サクラ大戦GB檄・花組入隊！,3,8,ADV,"￥4,800","￥5,000代",0,,,,,,,,
2000-07-28,Jウィング,華欄虎龍学園～花札・麻雀～,3,7,TBL,"￥4,800","￥5,000代",0,,,,,,,,
2000-08-03,コナミ,ダンスダンスレボリューションGB,3,7,ACT,"￥4,800","￥5,000代",0,,,,,,,,
2000-08-04,トミー,ゾイド邪神復活！～ジェノブレイカー編～,2,7,RPG,"￥4,500","￥4,500代",0,,,,,,,,
2000-08-04,マイクロキャビン,ソウルゲッター～放課後冒険RPG～,2,7,RPG,"￥3,980","￥4,000代",0,,,,,,,,
2000-08-04,メディアファクトリー,ぞくぞくヒーローズ,3,7,RPG,"￥5,980","￥6,000代",0,,中潟憲雄,むらおしんいち|むらかみひろはる,とこよだようじ|樫本学ヴ,高濱祐輔|八鍬斉|堀江睦男|金光健司,三条陸,平林久和,
2000-08-04,Jウィング,ダンジョンセイバー,2,8,RPG,"￥4,800","￥5,000代",0,,菊地宏,高見初秋,菊地宏|おおつきべるの,足立美奈子,,菊地宏,
2000-08-04,ビクターインタラクティブソフトウェア,ぬし釣りアドベンチャーカイトの冒険,3,7,RPG,"￥4,200","￥4,000代",0,,,,,,,,
2000-08-04,マイクロキャビン,マジカルチェイスGB～見習い魔法使い賢者の谷へ～,3,7,SHT,"￥3,480","￥3,500代",0,,,,,,,,
2000-08-04,マーベラスエンターテイメント,ラブひなポケット,3,7,ADV,"￥4,200","￥4,000代",0,,,,,,,,
2000-08-10,コナミ,筋肉番付GB2～目指せ！マッスルチャンピオン～,2,7,ACT,"￥4,500","￥4,500代",0,,,,,,,,
2000-08-11,アルトロン,K.O.-ザ・プロ・ボクシング-,3,6,SPT,"￥4,500","￥4,500代",0,,,,,,,,
2000-08-11,ケムコ,トゥイーティ世界一周80匹のネコをさがせ！,3,6,ACT,"￥4,200","￥4,000代",0,,,,,,,,
2000-08-11,アトラス,谷村ひとし流パチンコ攻略大作戦ドン・キホーテが行く,2,7,ETC,"￥4,500","￥4,500代",0,,,,,,,,
2000-08-11,エム・ティー・オー,なかよしペットシリーズ3かわいい仔犬,3,6,SLG,"￥3,980","￥4,000代",0,,,,,,,,
2000-08-11,タカラ,パーフェクトチョロQ,3,7,RCG,"￥3,980","￥4,000代",0,,,,,,,,
2000-08-11,ハドソン,ベイブレードFIGHTINGTOURNAMENT,3,7,RPG,"￥3,980","￥4,000代",0,,,,,,,,
2000-08-11,ダズ,海底伝説！！トレジャーワールド,2,6,ADV,"￥3,980","￥4,000代",0,,,,,,,,
2000-08-11,ナツメ,所さんの世田谷カントリークラブ,2,6,SPT,"￥3,980","￥4,000代",0,,,,,,,,
2000-08-18,ポニーキャニオン,実践役に立つ詰碁,3,4,TBL,"￥3,980","￥4,000代",0,,,,,,,,
2000-08-23,任天堂,コロコロカービィ,3,6,ACT,"￥4,500","￥4,500代",0,,鈴木利明,笠松栄弘|西川英治|能登英司|幸田清|鈴木ゆかり,井沢圭子,前川琢也|尾崎裕一|米政美,,上村雅之|谷口和彦,
2000-09-07,コナミ,ポップンミュージックGBアニメーションメロディ,3,6,ETC,"￥4,500","￥4,500代",0,,,,,,,,
2000-09-08,任天堂,とっとこハム太郎ともだち大作戦でちゅ,3,6,ETC,"￥3,800","￥4,000代",0,,,,,,,,
2000-09-21,任天堂,ポケモンでパネポン,3,7,PZL,"￥3,800","￥4,000代",0,,,,,,,,
2000-09-22,ジョルダン,ハムスター倶楽部あわせてチュー,2,6,PZL,"￥3,980","￥4,000代",0,,,,,,,,
2000-09-22,ナグザット,ぼくのキャンプ場,3,7,SLG,"￥3,980","￥4,000代",0,,,,,,,,
2000-09-22,コンパイル,ぽけっとぷよぷよ～ん,3,6,PZL,"￥3,980","￥4,000代",0,,,,,,,,
2000-09-28,コナミ,ビートマニアGBガッチャミックス2,3,7,ETC,"￥4,500","￥4,500代",0,,,,,,,,
2000-09-29,アルトロン,エレベーターアクションEX,3,6,ACT,"￥4,500","￥4,500代",0,,,,,,,,
2000-09-29,レイアップ,ゴン太のおきらく大冒険,3,6,ADV,"￥3,980","￥4,000代",0,,,,,,,Max Matsuura,
2000-09-29,タイトー,スペースインベーダーX,2,6,SHT,"￥3,980","￥4,000代",0,,,西角友宏,西角友宏,亀井道行,,,
2000-09-29,テクモ,ソロモン,3,6,ACT,"￥4,300","￥4,500代",0,,,,,,,,
2000-09-29,ナグザット,パズルデショーブヨ！ウータマちゃん,2,6,PZL,"￥3,800","￥4,000代",0,,,,,,,,
2000-09-29,キングレコード,新世紀エヴァンゲリオン麻雀補完計画,3,7,TBL,"￥3,980","￥4,000代",0,,,,,,,,
2000-09-29,ビクターインタラクティブソフトウェア,牧場物語GB3ボーイ・ミーツ・ガール,3,7,SLG,"￥4,200","￥4,000代",0,,,,和田康宏|まつやまいぐさ,,,和田康宏,
2000-10-06,エム・ティー・オー,カードキャプターさくら～友枝小学校大運動会～,3,7,ETC,"￥4,280","￥4,500代",0,,,,,,,,
2000-10-06,ヴィアール・ワン,スーパードール・リカちゃんきせかえ大作戦,3,6,ETC,"￥4,300","￥4,500代",0,,,,,,,,
2000-10-19,コナミ,サイボーグクロちゃん2～ホワイトウッズの逆襲～,3,6,ACT,"￥4,500","￥4,500代",0,,,,,,,,
2000-10-20,カプコン,ロックマンXサイバーミッション,2,6,ACT,"￥3,980","￥4,000代",0,,大小原宏治,,岡村志野|宮原健一|安藤恵介,梶野俊夫|前田早織,,三並達也,
2000-10-21,任天堂,怪人ゾナー,2,7,ADV,"￥3,800","￥4,000代",0,,,,,,,,
2000-10-27,イマジニア,合格ボーイGOLD■いアタマを●くする。立体平面図形の達人,1,6,ETC,"￥3,800","￥4,000代",0,,,,,,,,
2000-10-27,アルトロン,JETでGO！LET'SGOBYAIRLINER,3,7,SLG,"￥4,500","￥4,500代",0,,,,,,,,
2000-11-01,任天堂,マリオテニスGB,3,7,SPT,"￥3,800","￥4,000代",0,,高橋秀五,沼屋賢司,高橋宏之|高橋秀五|橋本充|三上雅史|木村明仁|松永かおり|さかもとひでとし|橋本昌之,桜庭統,,波多野信治|高橋宏之|高橋秀五,
2000-11-03,スマイルソフト,携帯電獣テレファングスピードバージョン,2,7,RPG,"￥4,700","￥4,500代",0,,,,,,,,
2000-11-03,スマイルソフト,携帯電獣テレファングパワーバージョン,2,7,RPG,"￥4,700","￥4,500代",0,,,,,,,,
2000-11-03,Jウィング,血と汗と涙の高校野球,3,6,SPT,"￥4,800","￥5,000代",0,,,,,,,,
2000-11-10,ナムコ,テイルズオブファンタジアなりきりダンジョン,2,7,RPG,"￥4,500","￥4,500代",0,,鈴木G健一,,藤島康介(キャラクターデザイン),田村信二|桜庭統|会田敏樹,新免G之進,横山茂|岡本進一郎,
2000-11-16,コナミ,DanceDanceRevolutionGB2,3,7,ETC,"￥4,800","￥5,000代",0,,,,,,,,
2000-11-17,アトラス,真・女神転生デビルチルドレン赤の書,2,7,RPG,"￥4,300","￥4,500代",0,,,,,,,,
2000-11-17,アトラス,真・女神転生デビルチルドレン黒の書,2,7,RPG,"￥4,300","￥4,500代",0,,,,,,,,
2000-11-17,エニックス,ドキドキ伝説魔法陣グルグル,3,8,RPG,"￥5,900","￥6,000代",0,,,,加瀬政広,中村暢之,衛藤ヒロユキ,,
2000-11-21,任天堂,かくれんぼバトルモンスタータクティクス,3,7,RPG,"￥3,800","￥4,000代",0,,,,,,,,
2000-11-22,コナミ,ポップンミュージックGBディズニーチューンズ,3,6,ETC,"￥4,500","￥4,500代",0,,,,,,,,
2000-11-22,コナミ,グリンチ,3,6,ACT,"￥4,500","￥4,500代",0,,,,,,,,
2000-11-22,コナミ,エアフォースデルタ,3,6,SLG,"￥4,300","￥4,500代",0,,,,,,,,
2000-11-23,タム,それいけ！アンパンマン～5つの塔の王様～,3,6,ACT,"￥4,500","￥4,500代",0,,,,,,,,
2000-11-23,エニックス,コマンドマスター,3,7,RPG,"￥5,900","￥6,000代",0,,,,,,,,
2000-11-24,イマジニア,メダロット3パーツコレクションZからの超線状,3,7,RPG,"￥4,300","￥4,500代",0,,,,,,,,
2000-11-24,バンプレスト,仙界異聞録準提大戦～TVアニメーション「仙界伝封神演義」より～,2,6,SLG,"￥3,980","￥4,000代",0,,,,,,,,
2000-11-30,コナミ,ハムナプトラ～失われた砂漠の都～,3,6,ACT,"￥4,300","￥4,500代",0,,,,,ジェリー・ゴールドスミス,スティーヴン・ソマーズ,,
2000-12-01,ユービーアイソフト,ドナルドダックデイジーを救え,3,8,ACT,"￥4,300","￥4,500代",0,,,,,,,,
2000-12-01,トミー,スーパーミメルGBミメルベアのハッピーメールタウン,3,6,ADV,"￥3,980","￥4,000代",0,,,,,,,,
2000-12-01,サンライズインタラクティブ,GBハロボッツ,3,7,RPG,"￥4,800","￥5,000代",0,,,,,,,,
2000-12-01,角川書店,六門天外モンコレナイトGB,3,7,RPG,"￥4,300","￥4,500代",0,,,,,,,,
2000-12-02,NECインターチャネル,Piaキャロットへようこそ！！2.2,3,8,SLG,"￥5,300","￥5,500代",0,,,,,あり,,,
2000-12-07,コナミ,遊戯王デュエルモンスターズ4最強決闘者戦記遊戯デッキ,3,8,TBL,"￥4,800","￥5,000代",0,,,,,,,,
2000-12-07,コナミ,遊戯王デュエルモンスターズ4最強決闘者戦記海馬デッキ,3,8,ETC,"￥4,800","￥5,000代",0,,,,,,,,
2000-12-07,コナミ,遊戯王デュエルモンスターズ4最強決闘者戦記城之内デッキ,3,8,ETC,"￥4,800","￥5,000代",0,,,,,,,,
2000-12-08,ビデオシステム,だぁ！だぁ！だぁ！とつぜん☆カードでバトルで占いで！？,3,6,ETC,"￥4,500","￥4,500代",0,,,,,,,,
2000-12-08,サイバーフロント,電車でGO！2,3,9,SLG,"￥5,200","￥5,000代",0,,,,,,,,
2000-12-08,キングレコード,でじこの麻雀パーティ,2,7,TBL,"￥3,980","￥4,000代",0,,,,,,,,
2000-12-08,エニックス,ドラゴンクエスト3そして伝説へ・・・,3,8,RPG,"￥6,400","￥6,500代",0,,,,,,,,
2000-12-14,任天堂,ポケットモンスタークリスタルバージョン,3,7,RPG,"￥3,800","￥4,000代",244,,田尻智|増田順一(サブディレクター),渡辺哲也|森本茂樹|玉田荘介|太田健程,田尻智|西野弘二|森本茂樹|増田順一|松島賢二|杉森建|藤原基史|森本茂樹|にしだあつこ|吉田宏信|斉藤むねお|太田敏|吉川玲奈|奥谷順|岩下明日香|渡辺哲也,増田順一|一之瀬剛,松宮稔展|松島賢二,出石武宏|川口孝司|石原恒和|山内溥,
2000-12-15,エム・ティー・オー,なかよしクッキングシリーズ1おいしいケーキ屋さん,3,6,SLG,"￥3,980","￥4,000代",0,,,,,,,,
2000-12-15,ナムコ,攻めCOMダンジョンドルルルアーガ,2,7,RPG,"￥4,500","￥4,500代",0,,,,,,,,
2000-12-15,ジョルダン,ハムスター倶楽部2,2,8,SLG,"￥4,300","￥4,500代",0,,,,,,,,
2000-12-15,アトラス,ハムスターパラダイス3ちゅりー,3,8,SLG,"￥4,300","￥4,500代",0,,,,,,小山内美江子・清水有生ほか,竹之下寛次,
2000-12-16,バンプレスト,金田一少年の事件簿～10年目の招待状～,2,7,ADV,"￥4,500","￥4,500代",0,,,,,,,,
2000-12-20,小学館/エポック社,ドラえもんのスタディボーイ九九ゲーム,3,6,ETC,"￥3,980","￥4,000代",0,,,,,,,,
2000-12-21,コナミ,がんばれゴエモン～星空士ダイナマイッツあらわる！！～,3,6,ACT,"￥4,800","￥5,000代",0,,カワミナミケイタ,柳原秀紀|森岳徳|前川公輝|永田正規|村上真吾,カワミナミケイタ|笹倉敦|林彰吾|松岡美和,冨田朋也,,蛭子悦延|カワミナミケイタ,
2000-12-22,タイトー,パズルボブルミレニアム,3,6,PZL,"￥4,200","￥4,000代",0,,,,田中日香里,Hajime,モリ・マサ,,
2000-12-22,エポック社,シルバニアファミリー2色づく森のファンタジー,3,7,ADV,"￥3,980","￥4,000代",0,,,,,,,,
2000-12-22,スターフィッシュ,ウィザードリィエンパイア～復活の杖～,3,6,RPG,"￥3,980","￥4,000代",0,,,,,,,,
2000-12-22,タイトー,かわいいペットショップ物語2,2,7,RPG,"￥4,200","￥4,000代",0,,,,,,,,
2000-12-22,ハドソン,グランディアパラレルトリッパーズ,3,8,RPG,"￥4,500","￥4,500代",0,,,,,,,,
2001-01-01,ハドソン,桃太郎伝説1→2,3,7,RPG,"￥4,300","￥4,500代",0,,さくまあきら(ゲーム監督)|浦敏治|駒井一夫,塩本正悟(メインプログラム),土居孝幸,関口和之|宮路一昭,,中本伸一,
2001-01-01,Jウィング,あにまるぶり～だ～4,3,8,SLG,"￥4,800","￥5,000代",0,,,,,,,,
2001-01-12,小学館/エポック社,ドラえもんのスタディボーイ学習漢字ゲーム,3,6,ETC,"￥3,980","￥4,000代",0,,,,,,,,
2001-01-21,任天堂,ドンキーコング2001,3,8,ACT,"￥3,800","￥4,000代",0,,ティム・スタンパー,クリス・サザーランド|ブレンダン・ガン,グレッグ・メイレス|スティーヴ・メイルズ|ケヴィン・ベイリス|マーク・スティーヴンソン,デヴィッド・ワイズ|イーブリン・フィッシャー|ロビン・ビーンランド,,,
2001-01-26,タカラ,ブレイブサーガ新章アスタリア,3,7,RPG,"￥4,800","￥5,000代",0,,,,,,,,
2001-01-26,マーベラスエンターテイメント,ラブひなパーティー,3,7,ADV,"￥4,500","￥4,500代",0,,,,,,,,
2001-02-02,コーエー,サムライキッド,3,6,ACT,"￥3,980","￥4,000代",0,,,,,,,,
2001-02-08,コナミ,おはスタDanceDanceRevolutionGB,3,7,ETC,"￥4,800","￥5,000代",0,,,,,,,,
2001-02-09,イマジニア,へろへろくん,3,7,RPG,"￥4,800","￥5,000代",0,,皆川博信,,かみやたかひろ,,,光澤嘉一朗|河村直哉,
2001-02-09,アテナ,勝負師伝説哲也新宿天運編,3,6,TBL,"￥4,700","￥4,500代",0,,,,,,,,
2001-02-15,コナミ,DanceDanceRevolutionGB3,3,7,ETC,"￥4,800","￥5,000代",0,,,,,,,,
2001-02-16,ジョルダン,ポップンポップ,3,6,PZL,"￥3,800","￥4,000代",0,,,,,,,,
2001-02-16,エム・ティー・オー,なかよしペットシリーズ4かわいい仔猫,3,6,SLG,"￥4,200","￥4,000代",0,,,,,,,,
2001-02-22,コナミ,筋肉番付GB3～新世紀サバイバル列伝！～,3,8,SPT,"￥4,800","￥5,000代",0,,,,,,,,
2001-02-23,アルトロン,フロントライン～TheNextMission～,3,6,ACT,"￥4,200","￥4,000代",0,,,,,,,,
2001-02-23,ナムコ,ポケットキング,2,7,SLG,"￥4,500","￥4,500代",0,,,,,,,,
2001-02-23,メディアファクトリー,スーパーロボットピンボール,3,7,TBL,"￥4,500","￥4,500代",0,,,,,,,,
2001-02-23,アスキー,ウィザードリィ,3,6,RPG,"￥4,500","￥4,500代",0,,,,,,,,
2001-02-23,アスキー,ウィザードリィIIリルガミンの遺産,3,6,RPG,"￥4,500","￥4,500代",0,,,,,,,,
2001-02-23,アスキー,ウィザードリィIIIダイアモンドの騎士,3,6,RPG,"￥4,500","￥4,500代",0,,,,,,,,
2001-02-23,カプコン,笑う犬の冒険SILLYGOLUCKY！,2,6,ETC,"￥4,300","￥4,500代",0,,,,,,,,
2001-02-27,任天堂,ゼルダの伝説ふしぎの木の実～大地の章～,3,6,ACT,"￥3,800","￥4,000代",0,,藤林秀麿,,藤林秀麿|中野祐輔,貞清弘|足立美奈子|近藤浩治,曽田博久|宮下隼一|酒井直行,船水紀孝|岡本吉起|宮本茂(ゼネラルプロデューサー)|山内博,
2001-02-27,任天堂,ゼルダの伝説ふしぎの木の実～時空の章～,3,6,ACT,"￥3,800","￥4,000代",0,,藤林秀麿,,藤林秀麿|中野祐輔,貞清弘|足立美奈子|近藤浩治,曽田博久|宮下隼一|酒井直行,船水紀孝|岡本吉起|宮本茂(ゼネラルプロデューサー)|山内博,
2001-02-27,クリーチャーズ,ちっちゃいエイリアン,3,8,ETC,"￥4,800","￥5,000代",0,,,,,,,,
2001-03-02,タイトー,ザ・ブラックオニキス,3,6,RPG,"￥4,500","￥4,500代",0,,,ボブ・ラザフォード|小林孝志|リチャード・チャールズ・ロジャース|坂本隆志,ヘンク・ブラウアー・ロジャース|ハンス・ヤンセン,,松方哲也,,
2001-03-09,アルファドリーム,コトバトル天外の守人,2,7,ETC,"￥4,500","￥4,500代",0,,,,,,,,
2001-03-09,マーベラスエンターテイメント,無敵王トライゼノン,3,7,ADV,"￥4,300","￥4,500代",0,,,,あらいずみるい(原案)|宮田奈保美|中原れい,川井憲次,ガンジス企画室,,
2001-03-09,エニックス,ドラゴンクエストモンスターズ2マルタのふしぎな鍵ルカの旅立ち,2,8,RPG,"￥6,400","￥6,500代",157,,,,,,,,
2001-03-15,コナミ,ウディウッドペッカーのゴー！ゴー！レーシング,3,6,RCG,"￥4,500","￥4,500代",0,,,,Steven Green|Jonathan Green|David Bland,Matt Furniss,,Derek Poon|Eveline Cureteau,
2001-03-16,イマジニア,スペースネットコスモレッド,3,7,RPG,"￥4,800","￥5,000代",0,,,,,,,,
2001-03-16,イマジニア,スペースネットコスモブルー,3,7,RPG,"￥4,800","￥5,000代",0,,,,,,,,
2001-03-16,エポック社,ドラえもんきみとペットの物語,2,6,RPG,"￥4,300","￥4,500代",0,,,,,,,,
2001-03-23,イマジニア,メダロット4カブトバージョン,3,8,RPG,"￥4,500","￥4,500代",0,,,,,,,,
2001-03-23,イマジニア,メダロット4クワガタバージョン,3,8,RPG,"￥4,500","￥4,500代",0,,,,,,,,
2001-03-23,Jウィング,幻想魔伝最遊記砂漠の四神,3,6,ETC,"￥4,980","￥5,000代",0,,,,,,,,
2001-03-23,ビクターインタラクティブソフトウェア ,きせかえシリーズ2おしゃれ日記,3,7,SLG,"￥4,200","￥4,000代",0,,,,,,,,
2001-03-23,アスク/ポリゴンマジック,忍たま乱太郎忍術学園に入学しようの段,3,6,RPG,"￥4,500","￥4,500代",0,,,,,,,,
2001-03-28,ポケモン,ポケモンカードGB2GR団参上！,3,7,ETC,"￥3,900","￥4,000代",0,,,,,,,,
2001-03-29,コナミ,DanceDanceRevolutionGBディズニーミックス,3,7,ETC,"￥4,800","￥5,000代",0,,,,,,,,
2001-03-30,イマジニア,ハローキティとディアダニエルのドリームアドベンチャー,3,6,ACT,"￥4,500","￥4,500代",0,,,,,,,,
2001-03-30,カプコン,ストリートファイターアルファ,3,6,ACT,"￥4,300","￥4,500代",0,,,,,,,,
2001-03-30,イマジニア,合格ボーイGOLD■いアタマを●くする。整数小数分数単位計算の達人,1,6,ETC,"￥3,800","￥4,000代",0,,,,,,,,
2001-03-30,イマジニア,合格ボーイGOLD■いアタマを●くする。読み書き筆順熟語漢字の達人,1,6,ETC,"￥3,800","￥4,000代",0,,,,,,,,
2001-03-30,メヒアファクトリー,アニマスターGB,3,7,RPG,"￥3,980","￥4,000代",0,,,,,,,,
2001-04-12,エニックス,ドラゴンクエストモンスターズ2マルタのふしぎな鍵イルの冒険,2,8,RPG,"￥6,400","￥6,500代",157,,,,,,,,
2001-04-12,ゲームビレッジ,クロスハンター～エックス・ハンターバージョン～,3,8,RPG,"￥4,800","￥5,000代",0,,,,,,,,
2001-04-12,ゲームビレッジ,クロスハンター～トレジャー・ハンターバージョン～,3,8,RPG,"￥4,800","￥5,000代",0,,,,,,,,
2001-04-12,ゲームビレッジ,クロスハンター～モンスター・ハンターバージョン～,3,8,RPG,"￥4,800","￥5,000代",0,,,,,,,,
2001-04-12,コナミ,ハンター×ハンター～禁断の秘宝～,3,6,ACT,"￥4,500","￥4,500代",0,,,,,,,,
2001-04-13,タム,おいでラスカル,3,6,ADV,"￥4,500","￥4,500代",0,,,,,,,,
2001-04-20,エム・ティー・オー,なかよしクッキングシリーズ(2)おいしいパン屋さん,3,6,SLG,"￥4,200","￥4,000代",0,,,,,,,,
2001-04-21,任天堂,とっとこハム太郎2ハムちゃんず大集合でちゅ,3,7,ADV,"￥3,800","￥4,000代",0,,,,,,,,
2001-04-21,任天堂,ゴルフランド(未発売),0,0,?,?,#VALUE!,0,,,,,,,,
2001-04-27,J・ウイング,ぐるぐるタウンはなまるくん,3,6,ETC,"￥4,980","￥5,000代",0,,,,二宮常雄,安西史孝|はなまる楽団,すぎやままさこ,,
2001-04-27,エルフ,雀級生コスプレ★パラダイス,3,8,TBL,"￥4,800","￥5,000代",0,,,,,,,,
2001-04-27,バンプレスト,FromTVanimationONEPIECE夢のルフィ海賊団誕生！,2,8,RPG,"￥4,500","￥4,500代",0,,,,,,,,
2001-04-27,サクセス,X-MENMUTANTACADEMY,3,6,ACT,"￥3,980","￥4,000代",0,,,,,,,,
2001-04-27,タカラ,DX人生ゲーム,3,7,TBL,"￥4,500","￥4,500代",0,,,,,,,,
2001-04-27,サクセス,スパイダーマン,3,6,ACT,"￥3,980","￥4,000代",0,,,,,,,,
2001-04-27,エム・ティー・オー,なかよしペットシリーズ(5)かわいいハムスター2,3,6,SLG,"￥4,200","￥4,000代",0,,,,,,,,
2001-05-01,任天堂,モバイルゴルフ,3,8,SPT,"￥5,800","￥6,000代",0,,,,,,,,
2001-05-25,メディアファクトリー,DTLordsofGenomes,2,8,ETC,"￥4,500","￥4,500代",0,,遠藤雅伸,,遠藤雅伸|一圓光太郎|松本まゆみ(キャラクター原画)|遠藤雅伸(グラフィック),,一圓光太郎(テキスト),,
2001-06-01,バンプレスト,名探偵コナン～呪われた航路～,2,7,ADV,"￥4,500","￥4,500代",0,,,,,,,,
2001-06-15,トミー,ZOIDS～白銀の獣機神ライガーゼロ～,3,7,RPG,"￥4,500","￥4,500代",0,,,,,,,,
2001-06-20,アンフォグラム ハドソン,スヌーピーテニス,3,6,SPT,"￥4,300","￥4,500代",0,,,,,,,,
2001-06-28,エニックス,スターオーシャンブルースフィア,2,8,RPG,"￥5,800","￥6,000代",0,,,,,,,,
2001-06-29,エム・ティー・オー,なかよしクッキングシリーズ(3)楽しいお弁当,3,6,SLG,"￥4,200","￥4,000代",0,,,,,,,,
2001-06-29,カプコン,ガイアマスターDUELカードアタッカーズ,3,7,ETC,"￥4,300","￥4,500代",0,,,,,,,,
2001-07-12,コナミ,ネットでゲットミニゲーム@100,3,6,ETC,"￥5,800","￥6,000代",0,,,,,,,,
2001-07-13,ナウプロダクション,データナビプロ野球2,3,6,SLG,"￥4,300","￥4,500代",0,,,,,,,,
2001-07-19,アスキー,つりいこっ！！,3,7,ETC,"￥4,500","￥4,500代",0,,,,,,,,
2001-07-19,チュンソフト,不思議のダンジョン風来のシレンGB2砂漠の魔城,3,8,RPG,"￥4,500","￥4,500代",0,,長畑成一郎,板野英史,丸田康司|長谷川薫|小泉冬彦,すぎやまこういち|松尾早人,冨江慎一郎,中村光一,
2001-07-19,カプコン,ロックマンX2ソウルイレイザー,3,6,ACT,"￥3,980","￥4,000代",0,,大小原宏治,荒川惣太郎|田中健吾|中川大洋|やすはらよしのぶ|弥富英樹|篠原雅嗣,岡村志野|戸田勝己|安藤恵介,梶野俊夫|高野充彦,,中嶋浩二|三並達也,
2001-07-20,TDKコア,マクドナルド物語ほのぼの店長育成ゲーム,3,7,SLG,"￥4,500","￥4,500代",0,,,,,,,,
2001-07-20,エポック社,Jリーグエキサイトステージタクティクス,3,7,SPT,"￥4,300","￥4,500代",0,,,,,,,,
2001-07-20,エンターブレイン,うちゅう人田中太郎でRPGツクールGB2,3,8,ETC,"￥5,200","￥5,000代",0,,,,,,,,
2001-07-26,コナミ,超GALS！寿蘭,3,8,ETC,"￥4,800","￥5,000代",0,,,,楠本祐子|田中比呂人,七瀬光,藤井みほな,,
2001-07-27,TDKコア,花より男子AnotherLoveStory,3,7,ADV,"￥4,500","￥4,500代",0,,,,,,,,
2001-07-27,アトラス,真・女神転生デビルチルドレン白の章,3,7,RPG,"￥4,500","￥4,500代",0,,,,,,,,
2001-07-27,エンターブレイン,真・女神転生トレーディングカードサマナー,3,7,RPG,"￥5,200","￥5,000代",0,,,,,,,,
2001-07-27,ブロッコリー,爆転シュートベイブレード,3,7,ADV,"￥4,800","￥5,000代",0,,,,,,,,
2001-07-30,Jウィング,昆虫博士3,3,7,RPG,"￥4,980","￥5,000代",0,,,,,,,,
2001-07-31,ハドソン,桃太郎伝説1→2HUDSONTHEBEST,3,7,RPG,"￥2,800","￥3,000代",0,,,,,,,,
2001-08-10,プライムシステム,ニセモンパズルdaモンフェロモン救出大作戦！,3,7,PZL,"￥4,800","￥5,000代",0,,,,,,,,
2001-08-10,イマジニア,バッドばつ丸ロボバトル,3,7,TBL,"￥4,500","￥4,500代",0,,,,,,,,
2001-08-10,エポック社,ちびまる子ちゃんご町内みんなでゲームだよ！,3,6,TBL,"￥4,300","￥4,500代",0,,,,,,,,
2001-08-24,Jウィング,ポケットクッキング,3,8,ETC,"￥4,800","￥5,000代",0,,,,,,,,
2001-08-30,ハドソン,ゲームボーイウォーズ3,3,6,SLG,"￥3,800","￥4,000代",0,,,,,,,,
2001-09-07,タイトー,エストポリス伝記～よみがえる伝説～,3,7,RPG,"￥4,800","￥5,000代",0,,,,,,,,
2001-09-14,サクセス,全日本少年サッカー大会めざせ日本一,3,7,SLG,"￥4,800","￥5,000代",0,,,,,,,,
2001-09-17,ジャガーインターナショナルコーポレーション,マリオファミリー(ジャガーミシン刺しゅう専用ソフト),3,7,ETC,"￥6,800","￥7,000代",0,,,,,,,,
2001-09-21,ジョルダン,ハムスター倶楽部おしえまチュー,3,7,ETC,"￥4,300","￥4,500代",0,,,,,,,,
2001-09-28,アトラス,ハムスターパラダイス4,3,8,SLG,"￥4,500","￥4,500代",0,,,,,,,,
2001-09-30,タム,きかんしゃトーマスソドーとうのなかまたち,3,6,ETC,"￥4,500","￥4,500代",0,,,,,,,,
2001-10-12,イマジニア,激走！ダンガンレーサー,3,7,SLG,"￥4,600","￥4,500代",0,,,,,,,,
2001-10-26,ビクターインタラクティブソフトウェア,ドキ×ドキさせて！！,2,7,ADV,"￥4,200","￥4,000代",0,,,,,,,,
2001-11-01,コナミ,仰天人間バトシーラードクトル・ガイの野望,3,8,RPG,"￥4,800","￥5,000代",0,,,,,,,,
2001-11-02,スマイルソフト,ネットワーク冒険記バグサイト・アルファバージョン,3,7,RPG,"￥4,800","￥5,000代",0,,,,,,,,
2001-11-02,スマイルソフト,ネットワーク冒険記バグサイト・ベータバージョン,3,7,RPG,"￥4,800","￥5,000代",0,,,,,,,,
2001-11-16,エム・ティー・オー,なかよしクッキングシリーズ(4)たのしいデザート,3,6,SLG,"￥4,200","￥4,000代",0,,,,,ミュージックビデオ 「On Your Mark」 - YouTube ライブ映像 「On Your Mark」(CONCERT TOUR 2004 two-five) - YouTube,,CHAGE&ASKA|GO YAMAZATO,
2001-11-22,シスコンエンタテイメント,チキチキマシン猛レース,3,6,RCG,"￥3,600","￥3,500代",0,,,,,Hoyt Curtin,Larz Bourne Dalton Sandifer Tom Dagenais Michael Maltese,ウィリアム・ハンナ ジョセフ・バーベラ,
2001-12-01,エレクトロニック・アーツ・スクウェア,ハリー・ポッターと賢者の石,3,8,ACT,"￥4,800","￥5,000代",0,,,,,,,,
2001-12-06,セガ,サクラ大戦GB2サンダーボルト作戦,3,8,ADV,"￥4,800","￥5,000代",0,,,,,,,,
2001-12-13,ハドソン,ミニー＆フレンズ夢の国をさがして,3,7,ADV   ,"￥4,800","￥5,000代",0,,,,,,,,
2001-12-14,シスコンエンタテイメント,LOONEYTUNESCOLLECTORマーシャンクエスト！,3,7,ACT,"￥4,500","￥4,500代",0,,,,,,,,
2001-12-14,イマジニア,メダロット5すすたけ村の転校生カブトバージョン,3,8,RPG,"￥4,800","￥5,000代",0,,,,,,,,
2001-12-14,イマジニア,メダロット5すすたけ村の転校生クワガタバージョン,3,8,RPG,"￥4,800","￥5,000代",0,,,,,,,,
2001-12-14,シスコンエンタテイメント,ルーニー・テューンズコレクターマーシャンクエスト！,3,7,ACT,"￥3,700","￥3,500代",0,,,,,,,,
2001-12-21,キラット,わたしのキッチン,3,6,SLG,"￥3,980","￥4,000代",0,,,,,,,,
2001-12-21,キングレコード,シャーマンキング超・占事略決ふんばり編,3,8,RPG,"￥3,980","￥4,000代",0,,,,,,,,
2001-12-21,キングレコード,シャーマンキング超・占事略決メラメラ編,3,8,RPG,"￥3,980","￥4,000代",0,,,,,,,,
2001-12-21,ビクター,きせかえハムスター,3,7,ETC,"￥4,200","￥4,000代",0,,,,,,,,
2001-12-21,エポック社,シルバニアファミリー3～星ふる夜のすなどけい～,3,7,ADV,"￥4,300","￥4,500代",0,,,,,,,,
2001-12-24,ポニーキャニオン,将棋3,2,4,TBL,"￥4,800","￥5,000代",0,,,,,,,,
2002-02-07,コナミ,超GALS！寿蘭2ミラクル→ゲッティング,3,8,PZL,"￥4,800","￥5,000代",0,,,,,,,,
2002-02-21,ハドソン,Dr.リンにきいてみて！恋のリン風水！,3,7,ADV   ,"￥3,980","￥4,000代",0,,,,,,,,
2002-03-01,IEインスティテュート,合格ボーイシリーズ■いアタマを●くする。算数バトル編スペシャルエディション,1,0,ETC,"￥2,680","￥2,500代",0,,,,,,,,
2002-03-01,IEインスティテュート,合格ボーイシリーズ■いアタマを●くする。社会バトル編スペシャルエディション,1,0,ETC,"￥2,680","￥2,500代",0,,,,,,,,
2002-03-01,IEインスティテュート,合格ボーイシリーズ■いアタマを●くする。国語バトル編スペシャルエディション,1,0,ETC,"￥2,680","￥2,500代",0,,,,,,,,
2002-03-01,IEインスティテュート,合格ボーイシリーズ■いアタマを●くする。理科バトル編スペシャルエディション,1,0,ETC,"￥2,680","￥2,500代",0,,,,,,,,
2002-03-01,IEインスティテュート,合格ボーイGOLD■いアタマを●くする。国語算数理科社会常識の書スペシャルエディション,1,0,ETC,"￥3,800","￥4,000代",0,,,,,,,,
2002-03-02,エム・ティー・オー,ハローキティのハッピーハウス,3,8,ETC,"￥4,500","￥4,500代",0,,,,,,,,
2002-03-08,タイトー,モン★スタートラベラー,3,8,RPG,"￥4,300","￥4,500代",0,,豊田巧,みきや|堀正明,生頼範義|ろた公,服部克久,さとうようこ,,
2002-03-29,オメガ・プロジェクト,あざらし戦隊イナズマ～どきどき大作戦！？～,3,6,ETC,"￥3,980","￥4,000代",0,,,,,,,,
2002-03-29,カプコン,バイオハザード外伝,3,7,ACT,"￥4,200","￥4,000代",0,,,キーロン・ウィーラー,ティム・ハル|加藤弘喜|ステファン・バーネット,シャヒード・アーマッド,加藤弘喜,サラ・トンプソン,
2002-04-05,エム・ティー・オー,なかよしクッキングシリーズ(5)こむぎちゃんのケーキをつくろう！,3,8,SLG,"￥4,200","￥4,000代",0,,,,,,,,
2002-04-18,グローバル・A・エンタテインメン,冒険！ドンドコ島,3,7,SLG,"￥4,300","￥4,500代",0,,,,,,,,
2002-04-26,キラット,わたしのレストラン,3,6,SLG,"￥3,980","￥4,000代",0,,,,,,,,
2002-06-28,バンプレスト,FromTVanimationONEPIECE幻のグランドライン冒険記！,2,8,RPG,"￥4,500","￥4,500代",0,,,,,,,,
2002-07-26,デジタルキッズ,昆虫ファイターズ,3,7,SLG,"￥4,200","￥4,000代",0,,,,,,,,
2002-08-09,バンプレスト,ドラゴンボールZ伝説の超戦士たち,3,7,ETC,"￥4,500","￥4,500代",0,,,,,,,,
2002-08-09,カルチャーブレーン,ハムスター物語GB+マジハームの魔法少女,3,8,ETC,"￥3,980","￥4,000代",0,,,,,,,,
2002-10-04,小学館/エポック社,ドラえもんのクイズボーイ2,3,6,ETC,"￥3,980","￥4,000代",0,,,,,,,,
2003-06-05,Jウィング,漢字BOY3,3,8,ETC,"￥4,980","￥5,000代",0,,,,,,,,
2003-07-18,小学館/エポック社,ドラえもんのスタディボーイかんじよみかきマスター,3,6,ETC,"￥3,980","￥4,000代",0,,,,,,,,
2003-09-01,IEインスティテュート,合格ボーイGOLD■いアタマを●くする。整数小数分数単位計算の達人スペシャルエディション,1,0,ETC,"￥3,800","￥4,000代",0,,,,,,,,
2003-12-01,IEインスティテュート,合格ボーイGOLD■いアタマを●くする。整数小数分数単位漢字の達人スペシャルエディション,1,0,ETC,"￥3,800","￥4,000代",0,,,,,,,,
2004-01-01,サンソフト,上海Pocketカラー,2,6,PZL,?,?,0,,,,,,,,
2004-01-01,イマジニア,内祝兄弟神技のパズルゲーム,1,1,?,非売品,非売品,0,,,,,,,,
2004-01-01,ジャガーインターナショナルコーポレーション,RakuxRaku-Mishin,2,6,ETC,?,?,0,,,,,,,,
2004-01-01,ハドソン,ロボットポンコッツコミックボンボンスペシャルバージョン,2,6,?,非売品,非売品,0,,,,,,,,
2004-01-01,ボトムアップ,グランデュエル体験版,3,7,?,非売品,非売品,0,,,,,,,,
2004-01-01,ハドソン,ボンバーマンMAXAINバージョン,3,7,?,非売品,非売品,0,,,,,,,,
2004-01-01,任天堂,モバイルトレーナー,3,7,ETC,?,?,0,,,,,,,,
