発売年,メーカー,タイトル,ハード,ジャンル,容量(bit),価格,ジョブカテゴリ,カウント,マッパー,👥クリエイターズ👨‍💼👨‍💻🎨,👨‍💼ディレクター,👨‍💻プログラマー,🎨デザイナー/美術,🎵音楽,📝シナリオ,💼プロデューサー,
1986-01-01,アスキー,1942,MSX,SHT,1M,"￥5,800","￥6,000代",1,ASCII_8KB,,,,,,,,
1987-01-01,アスキー,1942,MSX2,SHT,1M,"￥5,980","￥6,000代",1,ASCII_8KB,,,,,,,,
1986-01-01,アイレム,10ヤードファイト,MSX,SPT,32K,"￥4,900","￥5,000代",1,Mirrored,,,,,,,,
1980-01-01,カシオ,16KB増設RAMカートリッジ,MSX,ETC,16K,￥,￥0代,1,?,,,,,,,,
1985-01-01,ヤマハ,32KB拡張RAMカートリッジ,MSX,ETC,32K,"￥9,800","￥10,000代",1,?,,,,,,,,
1983-01-01,T＆E SOFT,3Dゴルフシミュレーション,MSX,SLG,16K,"￥5,800","￥6,000代",1,Basic(startat0x8000),,,,,,,,
1984-01-01,T＆E SOFT,3Dゴルフシミュレーション・高速版,MSX,SLG,16K,"￥5,800","￥6,000代",1,Basic(startat0x8000),,,,,,,,
1983-01-01,アスキー,3Dテニス,MSX,SPT,16K,"￥4,800","￥5,000代",1,Basic(startat0x8000),,,,,,,,
1980-01-01,ＨＡＬ研究所,8つの戦場,不明,-,不明,￥,￥0代,1,?,,,,,,,,
1983-01-01,東芝/東芝ＥＭＩ,A.E.(AE),MSX,-,16K,"￥5,800","￥6,000代",1,Mirrored,,,,,,,,
1980-01-01,ＨＡＬ研究所,ALTERSSTELA,MSX2,-,1M,￥,￥0代,1,?,,,,,,,,
1989-01-01,ポニーキャニオン,A列車で行こう,MSX2,-,1M,"￥7,800","￥8,000代",1,ASCII_16KB+SRAM,,,,,,,,
1980-01-01,日本エレクトロニクス,BANGBANG(BANG!BANG!),不明,-,不明,￥,￥0代,1,?,,,,,,,,
1985-01-01,ハート電子産業,BASICコンパイラ,MSX,-,不明,"￥15,000","￥15,000代",1,?,,,,,,,,
1984-01-01,カシオ,BASIC入門,MSX,-,32K,"￥5,800","￥6,000代",1,Mirrored,,,,,,,,
1985-01-01,カシオ,BASIC入門2,MSX,-,32K,"￥5,800","￥6,000代",1,Mirrored,,,,,,,,
1983-01-01,レイゾン,BEE＆FLOWER,MSX,-,16K,"￥4,800","￥5,000代",1,*0,,,,,穴見真吾,,,
1985-01-01,コーラル,CAP-XMASTER,MSX,-,不明,"￥9,800","￥10,000代",1,?,,,,,,,,
1984-01-01,日本エレクトロニクス,CHEESE,MSX,-,16K,￥,￥0代,1,Mirrored,,,,,,,,
1985-01-01,日本エレクトロニクス,CHEESE2,MSX2,-,32K,"￥6,800","￥7,000代",1,Mirrored,,,,,,,,
1984-01-01,東芝/東芝ＥＭＩ,D-DAY,MSX,-,16K,"￥4,800","￥5,000代",1,Mirrored,,,,,,,,
1987-01-01,日本テレネット,DIRESネットワーク・バージョン,MSX2,-,1M,￥,￥0代,1,ASCII_8KB+SRAM,,,,,,,,
1985-01-01,ヤマハ,DISK日本語ワープロユニット,MSX,-,不明,"￥49,800","￥50,000代",1,?,,,,,,,,
1987-01-01,アイツー,Dr.COPY電光石火PartII,MSX,-,16K,￥,￥0代,1,Mirrored,,,,,,,,
1984-01-01,ヤマハ,DX7音色プログラム,MSX,-,16K,"￥7,800","￥8,000代",1,Mirrored,,,,,,,,
1986-01-01,ヤマハ,DX7音色プログラム2,MSX,-,不明,"￥9,800","￥10,000代",1,Mirrored,,,,,,,,
1985-01-01,ヤマハ,DX9音色プログラム,MSX,-,不明,"￥7,800","￥8,000代",1,Mirrored,,,,,,,,
1984-01-01,ソニー,E.I.HBS-G017C,MSX,-,16K,"￥4,000","￥4,000代",1,Mirrored,,,,,,,,
1988-01-01,ソニー,EasyTelopper2,MSX2,-,不明,"￥39,000","￥39,000代",1,?,,,,,,,,
1984-01-01,ＨＡＬ研究所,EDDY2,MSX,-,16K,"￥5,600","￥5,500代",1,Mirrored,,,,,,,,
1987-01-01,システムソフト,F-15ストライクイーグル,MSX2,-,1M,￥,￥0代,1,ASCII_8KB,,,,,,,,
1985-01-01,NEXA,F16ファイティングファルコン,MSX,-,16K,"￥5,800","￥6,000代",1,Mirrored,,,,,,,,
1987-01-01,コナミ,F1スピリット,MSX,-,1M,"￥5,800","￥6,000代",1,Konami58KB(SCC),,,,,,,,
1985-01-01,ヤマハ,FB-01音色プログラム,MSX,-,32K,￥,￥0代,1,*0,,,,,,,,
1980-01-01,サブロジック,FliqhtSimulatorwithTorpedo,MSX2,-,1M,￥,￥0代,1,?,,,,,,,,
1985-01-01,ヤマハ,FMオート・アレンジャー,MSX,-,不明,"￥9,800","￥10,000代",1,?,,,,,,,,
1986-01-01,ヤマハ,FMオート・アレンジャーUTILITY,MSX,-,不明,"￥9,800","￥10,000代",1,?,,,,,,,,
1985-01-01,ヤマハ,FMサウンドシンセサイザーユニット,MSX,-,不明,"￥19,800","￥20,000代",1,?,,,,,,,,
1985-01-01,ヤマハ,FMサウンドシンセサイザーユニット2,MSX,-,不明,"￥29,800","￥30,000代",1,?,,,,,,,,
1984-01-01,ヤマハ,FMミュージックコンポーザ,MSX,-,16K,"￥7,800","￥8,000代",1,Mirrored,,,,,,,,
1984-01-01,ヤマハ,FMミュージックコンポーザ2,MSX,-,32K,"￥9,800","￥10,000代",1,Mirrored,,,,,,,,
1984-01-01,ヤマハ,FMミュージックマクロ,MSX,-,32K,"￥7,800","￥8,000代",1,Mirrored,,,,,,,,
1985-01-01,ヤマハ,FMミュージックマクロ2,MSX,-,不明,"￥9,800","￥10,000代",1,?,,,,,,,,
1985-01-01,リットーミュージック,FMミュージックライター,MSX,-,不明,"￥5,800","￥6,000代",1,?,,,,,,,,
1985-01-01,ヤマハ,FM音色プログラム,MSX,-,16K,"￥7,800","￥8,000代",1,Standard(startat0x4000),,,,,,,,
1985-01-01,ヤマハ,FM音色プログラム2,MSX,-,不明,"￥9,800","￥10,000代",1,?,,,,,,,,
1987-01-01,パナソフト,FS-FD1DiskBasic1.0,MSX,-,16K,￥,￥0代,1,?,,,,,,,,
1987-01-01,パナソフト,FS-FD1ADiskBasic1.0,MSX,-,16K,￥,￥0代,1,?,,,,,,,,
1985-01-01,松下電器産業,FS-FD351DiskBasic1.0,MSX,-,16K,￥,￥0代,1,?,,,,,,,,
1980-01-01,松下電器産業,FS-SR021ワープロカートリッジ,不明,-,不明,￥,￥0代,1,?,,,,,,,,
1986-01-01,松下電器産業,FS-SR022MSX文節変換辞書,MSX,-,32K,￥,￥0代,1,[FS-SR022_MSX文節変換辞書] rom,,,,,,,,
1980-01-01,松下電器産業,FS-SR02348ドット毛筆カートリッジ,不明,-,不明,￥,￥0代,1,?,,,,,,,,
1985-01-01,ポニーキャニオン,G.P.ワールド,MSX,-,32K,"￥5,500","￥5,500代",1,Mirrored,,,,,,,,
1987-01-01,ＨＡＬ研究所,HALNOTE,MSX2,-,8M,"￥29,800","￥30,000代",1,[Halnote] rom,,,,,,,,
1987-01-01,ソニー,HBD-F1DiskBasic1.0,MSX,-,16K,￥,￥0代,1,?,,,,,,,,
1988-01-01,ソニー,HB-F1XDJDiskBasic1.0,MSX,-,16K,￥,￥0代,1,?,,,,,,,,
1988-01-01,ソニー,HB-F1XVDiskBasic1.0,MSX,-,16K,￥,￥0代,1,?,,,,,,,,
1985-01-01,ハドソン,Hucalデータ君,MSX,-,不明,"￥12,800","￥13,000代",1,?,,,,,,,,
1984-01-01,アスキー,J.P.ウインクル,MSX,-,32K,"￥4,800","￥5,000代",1,Mirrored,,,,,,,,
1985-01-01,マスティール,JUMP,MSX,-,16K,"￥4,800","￥5,000代",1,Mirrored,,,,,,,,
1980-01-01,ピクセル,LIFEM36PLANET,不明,-,不明,￥,￥0代,1,ASCII_8KB,,,,,,,,
1980-01-01,BIT2,MIDIサウルス,不明,-,不明,￥,￥0代,1,?,,,,,,,,
1986-01-01,ヤマハ,MIDIマクロ,MSX,-,32K,￥,￥0代,1,Mirrored,,,,,,,,
1985-01-01,ヤマハ,MIDIレコーダ,MSX,-,不明,"￥9,800","￥10,000代",1,?,,,,,,,,
1983-01-01,アスキー,MOLE,MSX,-,16K,"￥4,800","￥5,000代",1,Mirrored,,,,,,,,
1984-01-01,ＨＡＬ研究所,Mr.CHIN,MSX,-,8K,"￥4,800","￥5,000代",1,Mirrored,,,,,,,,
1985-01-01,日本コロムビア,Mr.Doワイルドライド,MSX,-,16K,"￥4,800","￥5,000代",1,Mirrored,,,,上田和敏,,,,
1984-01-01,日本コロムビア,Mr.Do!,MSX,-,8K,"￥4,800","￥5,000代",1,Mirrored,,,,上田和敏,,,,
1986-01-01,アスキー,MSXAID,MSX,-,16K,"￥6,800","￥7,000代",1,Mirrored,,,,,,,,
1985-01-01,東芝/東芝ＥＭＩ,MSXAudio,MSX,-,不明,￥,￥0代,1,Standard(startat0x4000),,,,,,,,
1988-01-01,パナソフト,MSXAudio,MSX,-,1M,￥,￥0代,1,[MSX-AUDIO] rom,,,,,,,,
1990-01-01,アスキー,MSXHDInterface,MSX2,-,不明,"￥30,000","￥30,000代",1,?,,,,,,,,
1986-01-01,アスキー,MSXPLAN,MSX,-,不明,"￥9,800","￥10,000代",1,?,,,,,,,,
1980-01-01,アスキー,MSXView漢字ROM,MSXTurboR,-,2M,￥,￥0代,1,ASCII_16KB,,,,,,,,
1983-01-01,アスキー,MSXダービー,MSX,-,16K,"￥4,800","￥5,000代",1,Basic(startat0x8000),,,,,,,,
1984-01-01,東海クリエイト,MSXパソカルク,MSX,-,不明,"￥9,800","￥10,000代",1,?,,,,,,,,
1980-01-01,TIM,MSXプログラムコレクション50本1,MSX,-,4M,￥,￥0代,1,?,,,,,,,,
1980-01-01,TIM,MSXプログラムコレクション50本2,MSX,-,4M,￥,￥0代,1,?,,,,,,,,
1980-01-01,TIM,MSXプログラムコレクション50本3,MSX,-,2M,￥,￥0代,1,?,,,,,,,,
1986-01-01,アスキー,MSXべーしっ君,MSX,-,16K,"￥4,500","￥4,500代",1,Standard(startat0x4000),,,,,,,,
1988-01-01,アスキー,MSXべーしっ君ぷらす,MSX2,-,16K,"￥6,800","￥7,000代",1,Standard(startat0x4000),,,,,,,,
1988-01-01,ハイスコア,MSX英和辞典,MSX,-,1M,"￥8,800","￥9,000代",1,ASCII_8KB,,,,,,,,
1984-01-01,東芝/東芝ＥＭＩ,MSX花札,MSX,-,不明,"￥6,800","￥7,000代",1,?,,,,,,,,
1985-01-01,ソニー,MSX将棋,MSX,-,32K,"￥5,800","￥6,000代",1,Mirrored,,,,,,,,
1991-01-01,アスキー,MSX増設RAMカートリッジ,MSX2,-,不明,"￥30,000","￥30,000代",1,?,,,,,,,,
1988-01-01,ソニー,MSX通信カートリッジ,MSX,-,不明,"￥32,800","￥33,000代",1,?,,,,,,,,
1988-01-01,ソニー,MSX標準日本語カートリッジ,MSX2,-,不明,"￥17,000","￥17,000代",1,?,,,,,,,,
1983-01-01,アスキー,MSX-21,MSX,-,16K,"￥4,800","￥5,000代",1,Basic(startat0x8000),,,,,,,,
1980-01-01,アスキー,MSX-DOS2,不明,-,不明,￥,￥0代,1,?,,,,,,,,
1980-01-01,アスキー,MSX-DOS2(RAM付),不明,-,不明,￥,￥0代,1,?,,,,,,,,
1988-01-01,徳間書店／テクノポリス,MSXFANファンダムライブラリ1,MSX,-,2M,"￥5,800","￥6,000代",1,ASCII_8KB,,,,,,,,
1988-01-01,徳間書店／テクノポリス,MSXFANファンダムライブラリ2,MSX,-,2M,"￥5,800","￥6,000代",1,ASCII_8KB,,,,,,,,
1988-01-01,徳間書店／テクノポリス,MSXFANファンダムライブラリ3,MSX,-,2M,"￥5,800","￥6,000代",1,ASCII_8KB,,,,,,,,
1986-01-01,プロモテック,MSX-logo,MSX,-,32K,"￥9,800","￥10,000代",1,?,,,,,,,,
1990-01-01,アスキー,MSX-SERIAL232,MSX,-,不明,"￥20,000","￥20,000代",1,?,,,,,,,,
1988-01-01,キャンドゥ,MUSICIAN1,MSX,-,不明,"￥12,800","￥13,000代",1,?,,,,,,,,
1987-01-01,東京書籍,NEWHORIZON中学1年,MSX,-,1M,￥,￥0代,1,ASCII_8KB,,,,,,,,
1987-01-01,東京書籍,NEWHORIZON中学2年,MSX,-,1M,￥,￥0代,1,?,,,,,,,,
1987-01-01,東京書籍,NEWHORIZON中学3年,MSX,-,1M,￥,￥0代,1,?,,,,,,,,
1985-01-01,リンクス,NGA,MSX,-,不明,￥,￥0代,1,Mirrored,,,,,,,,
1985-01-01,リンクス,NGAII,MSX,-,不明,￥,￥0代,1,Mirrored,,,,,,,,
1983-01-01,ＭＩＡ,NYOROLS,MSX,-,16K,"￥4,800","￥5,000代",1,Mirrored,,,,,,,,
1984-01-01,リットーミュージック,PSGミュージックライター,MSX,-,16K,"￥5,300","￥5,500代",1,Mirrored,,鈴木清崇,,天野明(原案)|浅野恭司|常木志伸|天野明(原案)|浅野恭司|天野明(原案)|恩田尚之|天野明(原案)|恩田尚之|浅野恭司|青木康浩|常木志伸|寺岡賢司|石渡マコト|天野明(原案)|恩田尚之|浅野恭司(全章)|阿部恒(Case.1&3)|青木康浩(Case.2)|天野明(原案)|恩田尚之|天野明(原案)|恩田尚之,菅野祐悟,サイコパス製作委員会,,
1986-01-01,ヤマハ,PSエディタ,MSX,-,不明,"￥9,800","￥10,000代",1,?,,鈴木清崇,,天野明(原案)|浅野恭司|常木志伸|天野明(原案)|浅野恭司|天野明(原案)|恩田尚之|天野明(原案)|恩田尚之|浅野恭司|青木康浩|常木志伸|寺岡賢司|石渡マコト|天野明(原案)|恩田尚之|浅野恭司(全章)|阿部恒(Case.1&3)|青木康浩(Case.2)|天野明(原案)|恩田尚之|天野明(原案)|恩田尚之,菅野祐悟,サイコパス製作委員会,,
1986-01-01,コナミ,Qバート,MSX,-,32K,"￥4,800","￥5,000代",1,Mirrored,,,ワーレン・デイビス,ワーレン・デイビス|ジェフリー・P・リー|テリー・ドゥーアーザフ,デヴィッド・ティール,,,
1985-01-01,ヤマハ,RGBユニット,MSX,-,不明,"￥9,800","￥10,000代",1,?,,,,,,,,
1988-01-01,アイレム,R-TYPE,MSX,-,3M,"￥7,300","￥7,500代",1,[R-TYPE] rom,,,SUM|MISACHIN,ABIKO|AKIO|YOSHIGE,石崎正人,,,
1985-01-01,ヤマハ,RXエディタ,MSX,-,不明,"￥12,800","￥13,000代",1,?,,,,,,,,
1987-01-01,ジャスト,SFアダルトアドベンチャーエリカ,MSX,-,32K,"￥5,800","￥6,000代",1,Mirrored,,,,,,,,
1980-01-01,コーラル,SimpleASMVol.1,MSX,-,16K,￥,￥0代,1,Mirrored,,,,,,,,
1985-01-01,コーラル,SimpleASMVol.2,MSX,-,不明,"￥12,800","￥13,000代",1,?,,,,,,,,
1988-01-01,コナミ,THEプロ野球激突ペナントレース,MSX2,-,1M,"￥5,800","￥6,000代",1,Konami58KB(SCC),,,,,,,,
1986-01-01,アスキー,TZRグランプリライダー,MSX,-,32K,"￥5,800","￥6,000代",1,Mirrored,,,,,,,,
1986-01-01,キャノン販売,V-WORD,MSX,-,不明,"￥34,800","￥35,000代",1,?,,,,,,,,
1992-01-01,BIT2,μ.PACK,MSXTurboR,-,不明,"￥19,800","￥20,000代",1,?,,,,,,,,
1989-01-01,ポニーキャニオン,アークテック,MSX2,-,1M,"￥5,800","￥6,000代",1,ASCII_16KB,,,,,,,,
1985-01-01,カシオ,アイスワールド,MSX,-,16K,"￥4,800","￥5,000代",1,Mirrored,,,,,,,,
1980-01-01,カシオ,アイスワールド2,不明,-,不明,￥,￥0代,1,?,,,,,,,,
1986-01-01,ポニーキャニオン,アイドロン,MSX2,-,1M,"￥5,800","￥6,000代",1,ASCII_8KB,,,,,,,,
1988-01-01,ポニーキャニオン,アウトラン,MSX2,-,2M,"￥6,800","￥7,000代",1,ASCII_8KB,,,三船敏(アーケード)|香川忠司(アーケード)|大江玲(アーケード)|中裕司(セガ・マークⅢ),鈴木裕(アーケード)|石井洋児(アーケード)|松浦稔(アーケード)|貞森康毅(セガ・マークⅢ),川口博史(アーケード)|上保徳彦(セガ・マークⅢ),,,
1983-01-01,ゼネラル,アクアポリスSOS,MSX,-,16K,"￥4,800","￥5,000代",1,Mirrored,,,,,,,,
1984-01-01,東芝/東芝ＥＭＩ,アクゥアタック,MSX,-,16K,"￥5,800","￥6,000代",1,Mirrored,,,,,,,,
1985-01-01,マスティール,アクトマン,MSX,-,16K,"￥4,800","￥5,000代",1,Mirrored,,,,,クリストフ・ベック,スタン・リー|ラリー・リーバー|ジャック・カービー|『アントマン』,,
1988-01-01,BIT2,アクロジェット,MSX2,-,1M,"￥5,800","￥6,000代",1,ASCII_16KB,,,,,,,,
1987-01-01,T＆E SOFT,アシュギーネ虚空の牙城,MSX2,-,2M,"￥6,800","￥7,000代",1,ASCII_8KB,,,,,,,,
1987-01-01,マイクロキャビン,アシュギーネ復讐の炎,MSX2,-,2M,"￥6,800","￥7,000代",1,ASCII_8KB,,,,,,,,
1984-01-01,アスキー,アスレチックボール,MSX,-,16K,"￥4,800","￥5,000代",1,Mirrored,,,,とみさわ昭仁,,,,
1986-01-01,パックスソフトニカ,アタックフォー女子バレー,MSX,-,32K,"￥5,500","￥5,500代",1,Mirrored,,,,,,,,
1983-01-01,ＭＩＡ,アドベン・チュー太,MSX,-,16K,"￥4,800","￥5,000代",1,Mirrored,,,,,,,,
1987-01-01,ＧＡ夢／HOT-B,アナザ(ア・ナ・ザ),MSX,-,32K,"￥5,500","￥5,500代",1,Mirrored,,,,,,,,
1987-01-01,エニックス,アニマルランド殺人事件,MSX,-,1M,"￥5,800","￥6,000代",1,ASCII_8KB,,,,,,,,
1984-01-01,ＨＡＬ研究所,アニメエディタEDDY,MSX,-,不明,"￥14,800","￥15,000代",1,?,,,,,,,,
1987-01-01,タイトー／ニデコ,アメリカンサッカー,MSX2,-,64K,"￥5,800","￥6,000代",1,ASCII_8KB,,,,,,,,
1985-01-01,日本テレネット,アメリカントラック,MSX,-,32K,￥,￥0代,1,Mirrored,,,,,,,,
1986-01-01,ザインソフト,アラモ,MSX,-,32K,"￥5,800","￥6,000代",1,Standard(startat0x4000),,,,,,,,
1984-01-01,ソニー,アリババと40人の盗賊,MSX,-,16K,"￥4,500","￥4,500代",1,Mirrored,,,,,,,,
1985-01-01,ポニーキャニオン,アルカザール,MSX,-,16K,"￥4,800","￥5,000代",1,Mirrored,,,,,,,,
1986-01-01,タイトー／ニデコ,アルカノイド,MSX,-,32K,"￥5,800","￥6,000代",1,Mirrored,,,,,,,,
1987-01-01,タイトー／ニデコ,アルカノイドII,MSX2,-,1M,"￥6,800","￥7,000代",1,ASCII_8KB,,,,,,,,
1988-01-01,KGD,アルギースの翼,MSX2,-,2M,￥,￥0代,1,ASCII_8KB,,,,樋上いたる|門之園恵美|池田和美,折戸伸治|戸越まごめ|麻枝准,志茂文彦,馬場隆博,
1986-01-01,日本テレネット,アルバトロス,MSX,-,32K,"￥6,800","￥7,000代",1,Mirrored,,,,,,,,
1984-01-01,ソニー,アルファスクアドロン,MSX,-,16K,"￥4,000","￥4,000代",1,Mirrored,,,,,,,,
1986-01-01,ポニーキャニオン,アルファロイド,MSX,-,32K,"￥4,900","￥5,000代",1,Mirrored,,,,,,,,
1988-01-01,コンパイル,アレスタ,MSX2,-,2M,"￥6,800","￥7,000代",1,ASCII_16KB,,,,,,,,
1980-01-01,コンパイル,アレスタ2,不明,-,不明,￥,￥0代,1,?,,,,,,,,
1984-01-01,マスティール,アンジェロ,MSX,-,16K,"￥4,800","￥5,000代",1,Mirrored,,,,,,,,
1984-01-01,ボースティック,アンティ,MSX,-,16K,"￥4,800","￥5,000代",1,Mirrored,,,,,,,,
1985-01-01,コナミ,イーアルカンフー,MSX,-,16K,"￥4,800","￥5,000代",1,Mirrored,,,,,東野美紀,,,
1985-01-01,カシオ,イーアルカンフー,MSX,-,16K,"￥4,800","￥5,000代",1,?,,,,,東野美紀,,,
1985-01-01,コナミ,イーガー皇帝の逆襲,MSX,-,32K,"￥4,800","￥5,000代",1,Mirrored,,,,,,,,
1985-01-01,カシオ,イーガー皇帝の逆襲,MSX,-,32K,"￥4,800","￥5,000代",1,?,,,,,,,,
1985-01-01,カシオ,イーグルファイター,MSX,-,32K,"￥4,800","￥5,000代",1,Mirrored,,,,,,,,
1987-01-01,タケル／ブラザー工業,イエローサブマリン,MSX,-,16K,"￥2,500","￥2,500代",1,Mirrored,,,,,,,ジョージ・マーティン,
1988-01-01,ナムコ,イシターの復活,MSX2,-,2M,"￥6,800","￥7,000代",1,ASCII_16KB,,,内藤智,遠藤雅伸|篠崎雄一郎,小沢純子,遠藤雅伸,,
1986-01-01,日立製作所,イラストワープロ,MSX2,-,不明,"￥29,800","￥30,000代",1,?,,,,,,,,
1983-01-01,アスキー,イリーガスエピソードIV,MSX,-,16K,"￥4,800","￥5,000代",1,Basic(startat0x8000),,,,,,,,
1983-01-01,ハドソン,インディアンの冒険,MSX,-,16K,"￥4,800","￥5,000代",1,Mirrored,,,,,,,,
1986-01-01,東宝,インファント島の秘密モンスターズフェア,MSX,-,32K,"￥4,800","￥5,000代",1,Mirrored,,,,,,,,
1987-01-01,ハート電子産業,ヴァクソル,MSX,-,1M,"￥6,800","￥7,000代",1,ASCII_16KB,,,,,,,,
1987-01-01,ビクター音産,ヴィーナスファイヤー,MSX,-,32K,"￥4,800","￥5,000代",1,Mirrored,,,,,,,,
1988-01-01,アスキー,ウィザードリィI,MSX2,-,4M,"￥12,800","￥13,000代",1,ASCII_8KB+SRAM,,,,,,,,
1987-01-01,エニックス,ウイングマン2ダークキラーの復活,MSX,-,1M,"￥5,800","￥6,000代",1,ASCII_8KB,,,,,,,,
1983-01-01,アスキー,ウォーリア,MSX,-,16K,"￥4,800","￥5,000代",1,Basic(startat0x8000),,,,,,,,
1985-01-01,イエローホーン,ウォーロイド(WARROID),MSX,-,32K,"￥5,800","￥6,000代",1,Mirrored,,,,,,,,
1985-01-01,カシオ,ヴォルガード,MSX,-,32K,"￥5,800","￥6,000代",1,?,,,,,,,,
1985-01-01,デービーソフト,ヴォルガード,MSX,-,32K,￥,￥0代,1,Mirrored,,,,,,,,
1987-01-01,コナミ,ウシャス,MSX2,-,1M,"￥5,800","￥6,000代",1,Konami48KB(noSCC),,,,,,,,
1987-01-01,デービーソフト,うっでぃぽこ,MSX2,-,1M,"￥6,800","￥7,000代",1,ASCII_16KB,,,小林貴樹|松井文也,高殿収,斉藤康仁,,吉田めぐみ,
1987-01-01,マイクロキャビン,うる星やつら恋のサバイバルパーティ,MSX2,-,4M,￥,￥0代,1,ASCII_8KB,,,,,,,,
1987-01-01,ポニーキャニオン,ウルティマ恐怖のエクソダス,MSX2,-,2M,"￥6,800","￥7,000代",1,ASCII_8KB+SRAM,,,,,,,,
1984-01-01,バンダイ,ウルトラマン,MSX,-,16K,"￥4,800","￥5,000代",1,Mirrored,,,,,,金城哲夫 ほか,,
1987-01-01,スクウェア,エイリアン2,MSX,-,1M,"￥5,900","￥6,000代",1,ASCII_16KB,,,,,ジェームズ・ホーナー,キャラクター創造|ダン・オバノン|ロナルド・シャセット,,
1986-01-01,日本デクスタ,エイリアン8,MSX,-,32K,"￥5,700","￥5,500代",1,Mirrored,,,,,ジェリー・ゴールドスミス,ダン・オバノン,,
1983-01-01,アスキー,エクスチェンジャー,MSX,-,16K,"￥4,800","￥5,000代",1,Basic(startat0x8000),,,,,,,,
1984-01-01,ジャレコ,エクセリオン(EXERION),MSX,-,16K,"￥4,500","￥4,500代",1,Mirrored,,,,,,,,
1986-01-01,カシオ,エクゾイドZ,MSX,-,16K,"￥4,800","￥5,000代",1,Mirrored,,,,,,,,
1986-01-01,カシオ,エクゾイドZエリア5,MSX,-,32K,"￥4,800","￥5,000代",1,Mirrored,,,,,,,,
1985-01-01,ＨＡＬ研究所,エッガーランドミステリー,MSX,-,32K,"￥5,600","￥5,500代",1,Mirrored,,,,,,,,
1986-01-01,ＨＡＬ研究所,エッガーランドミステリー2迷宮神話,MSX,-,1M,￥,￥0代,1,ASCII_16KB,,,,,,,,
1988-01-01,ＮＣＳ,エルスリード,MSX2,-,1M,"￥6,800","￥7,000代",1,ASCII_8KB+SRAM,,,,,,,,
1985-01-01,タイトー／ニデコ,エレベーターアクション,MSX,-,32K,"￥4,900","￥5,000代",1,Mirrored,,,,,今村善雄,,,
1985-01-01,コンプティーク,オイルズ・ウェル,MSX,-,32K,"￥5,900","￥6,000代",1,Mirrored,,,,,,,,
1988-01-01,和知電子機器,お絵かきソフト画楽多,MSX2,-,64K,￥,￥0代,1,ASCII_16KB,,,,,,,,
1988-01-01,システムソフト,オーガ(OGRE),MSX2,-,1M,"￥5,800","￥6,000代",1,ASCII_16KB,,,,,,,,
1985-01-01,ポニーキャニオン,オセロ(Othello),MSX,-,16K,"￥4,900","￥5,000代",1,Mirrored,,,,,中西ゆういちろう,鈴木光司|久保幸湖|谷井美佳|中村真夕,山崎宏太(朝日放送テレビ)|南雄大(朝日放送テレビ)|齋藤浩司(ヒューマックスシネマ)|若山佑介(ヒューマックスシネマ)|山口誠(47style),
1983-01-01,ＭＩＡ,おてんばベッキーの大冒険,MSX,-,16K,"￥4,800","￥5,000代",1,Mirrored,,,,,ナオト・インティライミ(作詞・作曲),,,
1986-01-01,コンパイル,ガーディック,MSX,-,32K,"￥4,900","￥5,000代",1,Mirrored,,,,,,,,
1985-01-01,カシオ,カーファイター,MSX,-,16K,"￥4,800","￥5,000代",1,Mirrored,,,,,,,,
1988-01-01,日本テレネット,ガーリーブロック,MSX2,-,1M,"￥6,800","￥7,000代",1,ASCII_16KB,,,,,,,,
1983-01-01,アスキー,カーレース(CARRACE),MSX,-,8K,"￥4,800","￥5,000代",1,Mirrored,,,,,,,,
1985-01-01,カシオ,カシオワールドオープン,MSX,-,32K,"￥4,800","￥5,000代",1,Mirrored,,,,,,,,
1980-01-01,アートサプライ,カップル,不明,-,不明,￥,￥0代,1,?,,,,,,,,
1986-01-01,ポニーキャニオン,カモン!ピコ,MSX,-,32K,"￥4,900","￥5,000代",1,Mirrored,,,,,ポール・マッカートニー,,ポール・マッカートニー| ジョージ・マーティン,
1983-01-01,アスキー,カラー・トーチカ,MSX,-,16K,"￥4,800","￥5,000代",1,Mirrored,,,,,,,,
1983-01-01,マジックソフト,カラー・ミッドウエイ,MSX,-,16K,"￥4,800","￥5,000代",1,Mirrored,,,,,,,,
1983-01-01,ハドソン,カラーボール,MSX,-,8K,"￥4,800","￥5,000代",1,Mirrored,,,,,,,,
1984-01-01,ＨＡＬ研究所,カラ丸珍道中,MSX,-,16K,"￥4,800","￥5,000代",1,Basic(startat0x8000),,,,,,,,
1986-01-01,ポニーキャニオン,ガルケイブ,MSX,-,32K,"￥4,800","￥5,000代",1,Mirrored,,,,,,,,
1986-01-01,ソニー,ガルフォースカオスの攻防,MSX,-,1M,"￥5,800","￥6,000代",1,ASCII_16KB,,,,,,,,
1985-01-01,コスモスコンピュータ,カレイジアスペルセウス,MSX,-,32K,￥,￥0代,1,Mirrored,,,,,,,,
1980-01-01,アスキー,かんたん手帳リファイルの攻防,MSX2,-,1M,￥,￥0代,1,?,,,,,,,,
1987-01-01,コナミ,がんばれゴエモン!からくり道中,MSX2,-,1M,"￥5,800","￥6,000代",1,Konami48KB(noSCC),,,梅崎重治|青山和浩,橋本和久,寺島里恵,,,
1986-01-01,日本デクスタ,ガンフライト,MSX,-,32K,"￥5,700","￥5,500代",1,Mirrored,,,,,デイヴィッド・ラクシン,ハル・グッドマン|ラリー・クレイン,,
1984-01-01,ポニーキャニオン,キーストンケーパーズ,MSX,-,16K,"￥4,800","￥5,000代",1,Mirrored,,,,,,,,
1985-01-01,ヤマハ,キーボードコードプログレッション1,MSX,-,不明,"￥6,500","￥6,500代",1,?,,,,,,,,
1985-01-01,ヤマハ,ギターコードマスター,MSX,-,不明,"￥6,500","￥6,500代",1,?,,,,,,,,
1987-01-01,ＨＡＬ研究所,キックイット,MSX,-,32K,"￥5,500","￥5,500代",1,Mirrored,,,,,,,,
1987-01-01,タケル／ブラザー工業,キャノンターボ,MSX,-,不明,"￥2,500","￥2,500代",1,?,,,,,,,,
1983-01-01,ハドソン,キャノンボール,MSX,-,8K,"￥4,800","￥5,000代",1,Mirrored,,,,,,,,
1984-01-01,NEXA,キャプテン・コスモ,MSX,-,16K,"￥4,800","￥5,000代",1,Mirrored,,,,,,,,
1984-01-01,日本コロムビア,キャプテンシェフ,MSX,-,8K,"￥4,800","￥5,000代",1,Mirrored,,,,,,,,
1983-01-01,コナミ,キャベッジパッチキッズ,MSX,-,16K,"￥4,800","￥5,000代",1,Mirrored,,,,,,,,
1984-01-01,ナムコ,ギャラガ,MSX,-,32K,"￥4,500","￥4,500代",1,Mirrored,,,小川徹,横山茂,大野木宜幸,,,
1984-01-01,ナムコ,ギャラクシアン,MSX,-,8K,"￥4,500","￥4,500代",1,Mirrored,,,田城幸一,澤野和則(企画)|石村繁一(基板設計)|山下正|中馬義明|小野浩,石村繁一|安江正樹|甲斐敏夫,,,
1983-01-01,アスキー,ギャング・マスター,MSX,-,16K,"￥4,800","￥5,000代",1,Basic(startat0x8000),,,,,,,,
1983-01-01,アスキー,キャンドゥーニンジャ,MSX,-,16K,"￥4,800","￥5,000代",1,Mirrored,,,,,,,,
1985-01-01,ＨＡＬ研究所,キュースター,MSX,-,不明,"￥4,800","￥5,000代",1,?,,,,,,,,
1988-01-01,ゲームアーツ,ぎゅわんぶらあ自己中心派,MSX,-,2M,"￥6,800","￥7,000代",1,ASCII_8KB,,,,,,,,
1988-01-01,ゲームアーツ,ぎゅわんぶらあ自己中心派2自称!強豪雀士編,MSX2,-,2M,"￥6,800","￥7,000代",1,ASCII_8KB,,,,,,,,
1984-01-01,ナムコ,キング＆バルーン,MSX,-,32K,"￥4,500","￥4,500代",1,Mirrored,,,深谷正一,澤野和則|横山茂,徳江晶彦,,,
1986-01-01,コナミ,キングコング2甦る伝説,MSX2,-,1M,"￥5,800","￥6,000代",1,Konami48KB(noSCC),,,,,,,,
1986-01-01,スクウェア,キングスナイト,MSX,-,1M,"￥5,900","￥6,000代",1,ASCII_16KB,,,Workss,,植松伸夫,,,
1985-01-01,バンダイ,キン肉マンコロシアムデスマッチ,MSX,-,32K,"￥4,800","￥5,000代",1,Mirrored,,,,,,,,
1984-01-01,アスキー,クィーンズゴルフ,MSX,-,16K,"￥4,800","￥5,000代",1,Mirrored,,,,,,,,
1988-01-01,BIT2,クインプル,MSX2,-,2M,￥,￥0代,1,ASCII_8KB,,,,,,,,
1986-01-01,コナミ,グーニーズ,MSX,ACT,32K,"￥4,800","￥5,000代",1,Mirrored,,,,,デイヴ・グルーシン,クリス・コロンバス,,
1985-01-01,東芝/東芝ＥＭＩ,クエスト,MSX,-,32K,￥,￥0代,1,Mirrored,,,,,,,,
1990-01-01,コナミ,クォース,MSX2,-,1M,"￥5,800","￥6,000代",1,Konami58KB(SCC),,,WADA 891006|石田和彦,井内洋|鮫島宗治|高野泰,半澤一雄,,,
1985-01-01,ZAP,グライダー,MSX,-,16K,"￥4,800","￥5,000代",1,Mirrored,,,,,,,,
1986-01-01,コナミ,グラディウス,MSX,SHT,1M,"￥4,980","￥5,000代",1,Konami48KB(noSCC),,,,,,,,
1987-01-01,コナミ,グラディウス2,MSX,SHT,1M,"￥5,800","￥6,000代",1,Konami58KB(SCC),,,,,,,,
1985-01-01,ヤマハ,グラフィックアーティスト,MSX,-,不明,"￥7,800","￥8,000代",1,?,,,,,,,,
1986-01-01,ヤマハ,グラフィックアーティストユーティリティ,MSX,-,不明,"￥7,800","￥8,000代",1,?,,,,,,,,
1985-01-01,ヤマハ,グラフィックカードセット,MSX,-,不明,"￥19,800","￥20,000代",1,?,,,,,,,,
1984-01-01,ソニー,グラフィックボール+エディー2,MSX,-,不明,"￥20,400","￥20,500代",1,?,,,,,,,,
1985-01-01,ソニー,グラフィックマスターラボ,MSX,-,不明,"￥6,800","￥7,000代",1,?,,,,,,,,
1987-01-01,スキャップアトラスト,クリムゾン,MSX2,-,2M,￥,￥0代,1,ASCII_8KB,,,,,,,,
1985-01-01,ポニーキャニオン,クルゼーダー,MSX,-,32K,"￥4,900","￥5,000代",1,Standard(startat0x4000),,,,,,,,
1983-01-01,ソニー,クレイジートレイン,MSX,-,8K,"￥4,800","￥5,000代",1,Mirrored,,,,,,#放送作品欄を参照,#放送作品欄を参照,
1988-01-01,ハート電子産業,クレイズ,MSX,-,1M,"￥5,800","￥6,000代",1,ASCII_16KB,,,,,,,,
1983-01-01,アスキー,クレージーブレット,MSX,-,16K,"￥4,800","￥5,000代",1,Basic(startat0x8000),,,,,,,,
1985-01-01,デービーソフト,クロスブレイム,MSX,-,64K,"￥5,800","￥6,000代",1,[クロスブレイム] rom,,,,,,,,
1985-01-01,コンプティーク,グロックスリベンジ,MSX,-,32K,"￥4,900","￥5,000代",1,Mirrored,,,,,,,,
1983-01-01,マスティール,クンフーマスター,MSX,-,16K,"￥4,800","￥5,000代",1,Mirrored,,,,,,,,
1984-01-01,カシオ,ゲームランド,MSX,-,32K,"￥7,800","￥8,000代",1,*0,,,,,,,,
1985-01-01,カシオ,ゲームランドスペシャル,MSX,-,不明,"￥8,900","￥9,000代",1,?,,,,,,,,
1984-01-01,コナミ,けっきょく南極大冒険,MSX,-,16K,"￥4,800","￥5,000代",1,Mirrored,,,,,,,,
1988-01-01,ポニーキャニオン,ケンペレンチェス,MSX2,-,1M,"￥5,500","￥5,500代",1,ASCII_16KB,,,,,,,,
1986-01-01,ソニー,コースターレース,MSX,-,32K,"￥4,900","￥5,000代",1,Mirrored,,,,,,,,
1984-01-01,ポニーキャニオン,ゴーストバスター,MSX,-,32K,￥,￥0代,1,Mirrored,,,,,,,,
1988-01-01,コナミ,ゴーファーの野望EPISODEII,MSX,-,2M,"￥5,800","￥6,000代",1,Konami58KB(SCC),,,,,,,,
1983-01-01,マジックソフト,ゴキブリ大作戦,MSX,-,16K,"￥4,800","￥5,000代",1,Mirrored,,,,,,,,
1984-01-01,バンダイ,ゴジラVS3大怪獣,MSX,-,16K,"￥4,800","￥5,000代",1,Mirrored,,,,,,,,
1985-01-01,東宝,ゴジラくん,MSX,-,32K,"￥4,800","￥5,000代",1,Mirrored,,,,,,,,
1985-01-01,ソニー,コスモエクスプローラ,MSX,-,32K,"￥4,900","￥5,000代",1,Mirrored,,,,,,,,
1985-01-01,コナミ,コナミEC700,MSX,-,不明,"￥34,800","￥35,000代",1,?,,,,,,,,
1985-01-01,コナミ,コナミのゲームを10倍楽しむカートリッジ,MSX,-,16K,"￥4,800","￥5,000代",1,Mirrored,,,,,,,,
1985-01-01,コナミ,コナミのゴルフ,MSX,-,16K,"￥4,800","￥5,000代",1,Mirrored,,,,,,,,
1985-01-01,コナミ,コナミのサッカー,MSX,-,32K,"￥4,800","￥5,000代",1,Mirrored,,,,,,,,
1984-01-01,カシオ,コナミのテニス,MSX,-,16K,"￥4,800","￥5,000代",1,?,,,,,,,,
1984-01-01,コナミ,コナミのテニス,MSX,-,16K,"￥4,800","￥5,000代",1,Mirrored,,,,,,,,
1985-01-01,コナミ,コナミのピンポン,MSX,-,16K,"￥4,800","￥5,000代",1,Mirrored,,,AC 井上正廣,,,,,
1985-01-01,ハドソン,コナミのプーヤン,MSX,-,16K,"￥4,800","￥5,000代",1,Mirrored,,,,,,,,
1984-01-01,東芝/東芝ＥＭＩ,コナミのベースボール,MSX,-,不明,"￥4,800","￥5,000代",1,Mirrored,,,,,,,,
1984-01-01,コナミ,コナミのベースボール,MSX,-,16K,"￥4,800","￥5,000代",1,?,,,,,,,,
1985-01-01,コナミ,コナミのボクシング,MSX,-,32K,"￥4,800","￥5,000代",1,Mirrored,,,,,,,,
1988-01-01,コナミ,コナミの新10倍カートリッジ,MSX,-,1M,"￥5,800","￥6,000代",1,[コナミの新10倍カートリッジ] rom,,,,,,,,
1984-01-01,コナミ,コナミの麻雀道場,MSX,-,32K,"￥6,000","￥6,000代",1,Mirrored,,,,,,,,
1983-01-01,アスキー,コメットテイル,MSX,-,16K,"￥4,800","￥5,000代",1,Basic(startat0x8000),,,,,,,,
1986-01-01,ポニーキャニオン,ゴルゴ13狼の巣,MSX,-,32K,￥,￥0代,1,Mirrored,,,,,,,,
1983-01-01,アスキー,ゴルフゲーム,MSX,-,16K,"￥4,800","￥5,000代",1,Basic(startat0x8000),,,,,,,,
1984-01-01,ハドソン,ゴルフ狂,MSX,-,32K,"￥4,800","￥5,000代",1,Mirrored,,,,,,,,
1987-01-01,ポニーキャニオン,コロニスリフト,MSX2,-,2M,"￥5,800","￥6,000代",1,ASCII_16KB,,,,,,,,
1983-01-01,レイゾン,コンドリ,MSX,-,8K,"￥4,800","￥5,000代",1,Mirrored,,,,,,,,
1984-01-01,ソニー,コンピューターオセロ,MSX,-,16K,"￥3,500","￥3,500代",1,Mirrored,,,,,,,,
1984-01-01,ソニー,コンピューターチェス,MSX,-,16K,"￥4,000","￥4,000代",1,Mirrored,,,,,,,,
1983-01-01,ソニー,コンピュータービリヤード,MSX,-,8K,"￥4,800","￥5,000代",1,Mirrored,,,,,,,,
1984-01-01,ソニー,コンピュータパチンコ,不明,-,不明,￥,￥0代,1,?,,,,,,,,
1985-01-01,カシオ,コンピュータ入門,MSX,-,32K,"￥5,800","￥6,000代",1,*0,,,,,,,,
1985-01-01,三菱,コンピュー簿,MSX,-,不明,"￥6,800","￥7,000代",1,?,,,,,,,,
1988-01-01,キャンドゥ,コンポーザ・コンバータ,MSX,-,不明,"￥5,800","￥6,000代",1,?,,,,,,,,
1986-01-01,アスキー,ザ・キャッスル,MSX,-,32K,"￥5,800","￥6,000代",1,Mirrored,,,,吉田功|めるへんめーかー,,,,
1986-01-01,アスキー,ザ・キャッスルエクセレント,MSX,-,32K,"￥5,800","￥6,000代",1,Mirrored,,,,,,,,
1987-01-01,タイトー／ニデコ,ザ・コックピット,MSX2,-,1M,"￥6,800","￥7,000代",1,ASCII_16KB,,,,,,,,
1988-01-01,パック・イン・ビデオ,ザ・ゴルフ,MSX2,-,1M,"￥6,800","￥7,000代",1,?,,,,,,,,
1985-01-01,BPS／アスキー,ザ・ブラックオニキス,MSX,-,32K,"￥6,800","￥7,000代",1,ASCII_16KB,,,ボブ・ラザフォード|小林孝志|リチャード・チャールズ・ロジャース|坂本隆志,ヘンク・ブラウアー・ロジャース|ハンス・ヤンセン,,松方哲也,,
1986-01-01,BPS／アスキー,ザ・ブラックオニキスIIファイヤークリスタルを求めて,MSX,-,1M,"￥6,800","￥7,000代",1,ASCII_16KB,,,,,,,,
1983-01-01,アスキー,ザ・ブレイン,MSX,-,16K,"￥4,800","￥5,000代",1,Basic(startat0x8000),,,,,,,総勢約20名 J.U.S.T.I.C.E. リーグ(英語版)|ドレー&ヴァイダル(英語版)|ロン・フェア(英語版)|クール&ドレー|ウィル・アイ・アム|ナインス・ワンダー|ブライアン・マイケル・コックス(英語版)|ショーン・ギャレット(英語版)|デイヴェル・マッケンジー(英語版)|ロドニー・ジャーキンス|ジャム&ルイス|チャッキー・トンプソン(英語版)|ラファエル・サディーク(英語版)|D・エミール(英語版)|インフィニティ(英語版)|デイヴ・ヤング(英語版)|ボビー・ロス・アビラ|イザヤ・J. アビラ(パースペクティブ・レコード(英語版))|メアリー・J. ブライジ,
1986-01-01,ヤマハ,ザ・ペインタ,MSX,-,64K,￥,￥0代,1,?,,,,,,,有賀史英(BS朝日)|佐々木豊|山口良子|(テレビ朝日映像),
1986-01-01,チャンピオンソフト,ザ・競馬,MSX,-,32K,￥,￥0代,1,Mirrored,,,,,,,,
1984-01-01,コナミ,サーカスチャーリー,MSX,-,16K,"￥4,800","￥5,000代",1,Mirrored,,,,,,,,
1984-01-01,カシオ,サーカスチャーリー,MSX,-,16K,"￥4,800","￥5,000代",1,?,,,,,,,,
1985-01-01,ソニー,サイオン,MSX,-,16K,"￥4,000","￥4,000代",1,Mirrored,,,,,,,,
1987-01-01,KGD,サイキックウォー,MSX,-,2M,"￥8,800","￥9,000代",1,ASCII_8KB+SRAM,,,青木洋,神村武|青木洋|坂本勇二,高萩英樹,青木洋(原案),神村武,
1984-01-01,タイトー／ニデコ,ザイゾログ,MSX,-,16K,"￥4,800","￥5,000代",1,Mirrored,,,,,,,,
1985-01-01,ポニーキャニオン,ザクソン,MSX,-,32K,"￥4,800","￥5,000代",1,Mirrored,,,,,,,,
1983-01-01,マスティール,ササ(SASA),MSX,-,16K,"￥4,800","￥5,000代",1,Mirrored,,,,,,,,
1986-01-01,ポニーキャニオン,ザナックAI,MSX,-,32K,"￥4,900","￥5,000代",1,Mirrored,,,,樋上いたる|荒谷朋恵|小林明美,周防義和,中村誠,,
1986-01-01,ポニーキャニオン,ザナックEX,MSX2,-,1M,"￥5,800","￥6,000代",1,ASCII_16KB,,,,,,,,
1987-01-01,ファルコム,ザナドゥ,MSX,-,2M,"￥7,800","￥8,000代",1,ASCII_8KB+SRAM,,,,,,,,
1985-01-01,アスキー,サンダーボール,MSX,-,32K,"￥5,800","￥6,000代",1,Mirrored,,,,,,,,
1986-01-01,ピクセル,サンダーボルト,MSX,-,32K,￥,￥0代,1,Mirrored,,,,,,,,
1985-01-01,ポニーキャニオン,シーソー,MSX,-,16K,"￥4,800","￥5,000代",1,Mirrored,,,,,,,,
1985-01-01,ハドソン,ジェトセットウォーリー(JetSetWilly),MSX,-,16K,"￥4,800","￥5,000代",1,Mirrored,,,,,,,,
1983-01-01,ＭＩＡ,ジグソーセット,MSX,-,16K,"￥4,800","￥5,000代",1,Mirrored,,,,,,,,
1985-01-01,クロスメディア,ジグソーパズル,MSX,-,不明,"￥4,800","￥5,000代",1,?,,,,,,,,
1986-01-01,日本デクスタ,シティコネクション,MSX,-,32K,"￥5,700","￥5,500代",1,Mirrored,,,,,,,,
1985-01-01,日本コロムビア,ジャイロアドベンチャー,MSX,-,不明,"￥4,800","￥5,000代",1,?,,,,,,,,
1986-01-01,タイトー／ニデコ,ジャイロダイン,MSX,-,32K,"￥4,800","￥5,000代",1,Mirrored,,,,,弓削雅稔,,,
1987-01-01,ビクター音産,シャウトマッチ,MSX,-,32K,"￥5,800","￥6,000代",1,Mirrored,,,,,,,,
1987-01-01,ハドソン,ジャガー5魔の三角地帯作戦,MSX,-,1M,"￥5,800","￥6,000代",1,ASCII_16KB,,,,,,,,
1984-01-01,日本コロムビア,ジャンプコースター,MSX,-,8K,"￥4,800","￥5,000代",1,Mirrored,,,,,,,,
1984-01-01,ハドソン,ジャン狂,MSX,-,16K,"￥4,800","￥5,000代",1,Mirrored,,,,,,,,
1984-01-01,東芝/東芝ＥＭＩ,ジャン狂,MSX,-,16K,"￥4,800","￥5,000代",1,?,,,,,,,,
1987-01-01,パナソフト,ジュニアメイト,MSX2,-,1M,"￥9,800","￥10,000代",1,?,,,,,,,,
1983-01-01,ソニー,ジュノファースト,MSX,-,8K,"￥4,000","￥4,000代",1,Mirrored,,,,,,,,
1985-01-01,ビクター音産,ジョイテロップ,MSX,-,32K,"￥25,000","￥25,000代",1,Mirrored,,,,,,,,
1985-01-01,ビクター音産,ジョイレター,MSX,-,不明,"￥14,800","￥15,000代",1,?,,,,,,,,
1983-01-01,クロストーク,ジョーキングマン,MSX,-,不明,"￥4,800","￥5,000代",1,?,,,,,,,,
1988-01-01,BIT2,シンセサウルス,MSX2,-,64K,"￥6,800","￥7,000代",1,Mirrored,,,,,,,,
1986-01-01,カシオ,シンドバッド7つの冒険,MSX,-,16K,"￥4,800","￥5,000代",1,Mirrored,,,,,,,,
1984-01-01,タイトー／ニデコ,スイートアーコン,MSX,-,16K,"￥4,800","￥5,000代",1,Mirrored,,,,,,,,
1985-01-01,東芝/東芝ＥＭＩ,すいすいローラー,MSX,-,不明,"￥4,800","￥5,000代",1,?,,,,,,,,
1984-01-01,東芝/東芝ＥＭＩ,スゥーワーサム,MSX,-,32K,"￥6,800","￥7,000代",1,Mirrored,,,,,,,,
1983-01-01,コナミ,スーパーコブラ,MSX,-,8K,"￥4,000","￥4,000代",1,Mirrored,,,,,,,,
1984-01-01,ソニー,スーパーゴルフ,MSX,-,32K,"￥6,200","￥6,000代",1,Mirrored,,,,,,,,
1985-01-01,ソニー,スーパーサッカー,MSX,-,32K,"￥4,900","￥5,000代",1,Mirrored,,,,,,,,
1984-01-01,ビクター音産,スーパーシンセ,MSX,-,16K,"￥5,800","￥6,000代",1,Mirrored,,,,,,,,
1983-01-01,ＨＡＬ研究所,スーパースネーク,MSX,-,8K,"￥4,800","￥5,000代",1,Mirrored,,,,,,,,
1988-01-01,マイクロキャビン,スーパー大戦略,MSX2,-,2M,"￥8,800","￥9,000代",1,ASCII_16KB+SRAM,,,,,,,,
1984-01-01,ソニー,スーパーテニス,MSX,-,16K,"￥4,500","￥4,500代",1,Mirrored,,,,,,,,
1986-01-01,ザインソフト,スーパートリトーン,MSX2,-,1M,"￥5,900","￥6,000代",1,ASCII_8KB,,,,,,,,
1983-01-01,アスキー,スーパードリンカー(SUPERDRINKER),MSX,-,16K,"￥4,800","￥5,000代",1,Mirrored,,,,,,,,
1985-01-01,日本コロムビア,スーパーパチンコ,MSX,-,16K,"￥4,800","￥5,000代",1,Mirrored,,,,,,,,
1987-01-01,タイトー／ニデコ,スーパーピエロ,MSX,-,1M,"￥5,800","￥6,000代",1,[スーパーピエロ] rom,,,,,,,,
1984-01-01,ＨＡＬ研究所,スーパービリヤード,MSX,-,8K,"￥4,800","￥5,000代",1,Basic(startat0x8000),,,,,,,,
1985-01-01,エミールソフト,スーパーモニター1.1,MSX,-,不明,￥,￥0代,1,Mirrored,,,,,,,,
1985-01-01,エミールソフト,スーパーモニター1.2,MSX,-,不明,￥,￥0代,1,Mirrored,,,,,,,,
1987-01-01,ポニーキャニオン,スーパーランナー(SUPERRUNNER),MSX2,-,1M,"￥5,800","￥6,000代",1,ASCII_8KB,,,,,,,,
1986-01-01,パック・イン・ビデオ,スーパーランボースペシャル,MSX2,-,1M,"￥5,800","￥6,000代",1,ASCII_16KB,,,,,,,,
1987-01-01,T＆E SOFT,スーパーレイドックミッションストライカー,MSX,-,2M,"￥6,800","￥7,000代",1,ASCII_8KB,,,,,,,,
1980-01-01,T＆E SOFT,スーパーレイドックミッションストライカーネットワークバージョン,MSX,-,2M,"￥6,800","￥7,000代",1,?,,,,,,,,
1987-01-01,アイレム,スーパーロードランナー,MSX2,-,1M,"￥5,800","￥6,000代",1,?,,,,,,,,
1987-01-01,ポニーキャニオン,スーパーロードランナー,MSX2,-,1M,"￥5,800","￥6,000代",1,[スーパーロードランナー] rom,,,,,,,,
1985-01-01,ポニーキャニオン,ズーム909,MSX,-,32K,"￥4,900","￥5,000代",1,Mirrored,,,,,,,,
1986-01-01,東芝/東芝ＥＭＩ,スカーレット7,MSX,-,32K,"￥4,800","￥5,000代",1,Mirrored,,,,,,,,
1986-01-01,マジカルズゥ,スカイギャルド,MSX,-,32K,"￥4,800","￥5,000代",1,Standard(startat0x4000),,,,,,,,
1984-01-01,コナミ,スカイジャガー,MSX,-,16K,"￥4,800","￥5,000代",1,Mirrored,,,,,,,,
1984-01-01,カシオ,スキーコマンド,MSX,-,16K,"￥4,800","￥5,000代",1,Mirrored,,,,,,,,
1983-01-01,シリウス,スクイッシュゼム(SQUISH'EM),MSX,-,16K,"￥4,800","￥5,000代",1,Mirrored,,,,,,,,
1987-01-01,ポニーキャニオン,スクーター,MSX,-,32K,"￥4,900","￥5,000代",1,Mirrored,,,,,,,,
1984-01-01,東芝/東芝ＥＭＩ,スクエアダンサー,MSX,-,16K,"￥5,800","￥6,000代",1,Mirrored,,,,,,,,
1983-01-01,アンプルソフトウエア,スクランブルエッグ,MSX,-,8K,"￥4,800","￥5,000代",1,Mirrored,,,,,,,,
1987-01-01,タイトー／ニデコ,スクランブルフォーメーション,MSX2,-,2M,"￥5,800","￥6,000代",1,ASCII_8KB,,,,佐藤浩昭,,,,
1980-01-01,アスキー,スコーピオン,不明,-,不明,￥,￥0代,1,?,,,,,,,,
1983-01-01,ソニー,スコープオン,MSX,-,16K,"￥4,800","￥5,000代",1,Basic(startat0x8000),,,,,,,,
1988-01-01,ポニーキャニオン,スターヴァージン,MSX2,-,1M,"￥5,300","￥5,500代",1,ASCII_8KB,,,,,川井憲次,大桃一郎|喰始,,
1983-01-01,アスキー,スターコマンド,MSX,-,16K,"￥4,800","￥5,000代",1,Basic(startat0x8000),,,,,,,,
1984-01-01,NEXA,スターシップシミュレータ,MSX,-,16K,"￥4,800","￥5,000代",1,Mirrored,,,,,,,,
1986-01-01,ハドソン,スターソルジャー,MSX,-,32K,"￥4,800","￥5,000代",1,Mirrored,,,野沢勝広,山本次行,国本剛章,,,
1987-01-01,ジャスト,スタートラップくりいむレモン,MSX,-,32K,"￥5,800","￥6,000代",1,Mirrored,,,,,,,,
1985-01-01,ハドソン,スターフォース,MSX,-,32K,"￥4,800","￥5,000代",1,Mirrored,,,,,増子司|坂本慎一(ドライバー・効果音のみ),,,
1985-01-01,ソニー,スターブレーザー,MSX,-,16K,"￥4,000","￥4,000代",1,Mirrored,,,,岡迫亘弘|松本零士|スタジオぬえ,宮川泰,藤川桂介|田村丸|山本暎一,,
1987-01-01,ＨＡＬ研究所,ずっこけやじきた隠密道中,MSX2,-,1M,"￥5,600","￥5,500代",1,ASCII_8KB,,,,,,,,
1985-01-01,アスキー,ステッパー,MSX,-,16K,"￥4,800","￥5,000代",1,Mirrored,,,,,,,,
1983-01-01,ＨＡＬ研究所,ステップアップ,MSX,-,8K,"￥4,800","￥5,000代",1,Mirrored,,,,,ミュージックビデオ 『ステップアップLOVE』 - YouTube DAOKO シングル 年表 打上花火|(2017年) ステップアップLOVE|(2017年) チャームポイント(Special Edition)|(2017年) 岡村靖幸 シングル 年表 ラブメッセージ|(2015年) ステップアップLOVE|(2017年) 少年サタデー|(2019年) 『THANK YOU BLUE』 収録曲 打上花火 ステップアップLOVE Juicy さみしいかみさま ShibuyaK BANG! ダイスキ with TeddyLoid 拝啓グッバイさようなら 同じ夜 GRY もしも僕らがGAMEの主役で ゆめみてたのあたし Cinderella step ワンルーム・シーサイド・ステップ,,岡村靖幸,
1983-01-01,東芝/東芝ＥＭＩ,ステップアップ,MSX,-,8K,"￥4,800","￥5,000代",1,?,,,,,ミュージックビデオ 『ステップアップLOVE』 - YouTube DAOKO シングル 年表 打上花火|(2017年) ステップアップLOVE|(2017年) チャームポイント(Special Edition)|(2017年) 岡村靖幸 シングル 年表 ラブメッセージ|(2015年) ステップアップLOVE|(2017年) 少年サタデー|(2019年) 『THANK YOU BLUE』 収録曲 打上花火 ステップアップLOVE Juicy さみしいかみさま ShibuyaK BANG! ダイスキ with TeddyLoid 拝啓グッバイさようなら 同じ夜 GRY もしも僕らがGAMEの主役で ゆめみてたのあたし Cinderella step ワンルーム・シーサイド・ステップ,,岡村靖幸,
1987-01-01,日本デクスタ,ストレンジループ,MSX,-,32K,"￥5,700","￥5,500代",1,Mirrored,,,,,,コラード・ボッチア,,
1986-01-01,ＨＡＬ研究所,スネイクイット,MSX,-,32K,"￥5,500","￥5,500代",1,Mirrored,,,,,,,,
1983-01-01,ソニー,スパーキー,MSX,-,8K,"￥4,800","￥5,000代",1,Mirrored,,,,,,,,
1984-01-01,タイトー／ニデコ,スペースインベーダー,MSX,-,16K,"￥4,800","￥5,000代",1,Mirrored,,,西角友宏,西角友宏,亀井道行,,,
1986-01-01,パック・イン・ビデオ,スペースキャンプ,MSX,-,32K,"￥4,800","￥5,000代",1,Mirrored,,,,,,,,
1988-01-01,ポニーキャニオン,スペースシャトル,MSX,-,不明,"￥4,900","￥5,000代",1,?,,,,,,,,
1984-01-01,ＨＡＬ研究所,スペーストラブル,MSX,-,8K,"￥4,800","￥5,000代",1,Mirrored,,,,ケン・トンプソン,,,,
1989-01-01,コナミ,スペースマンボウ,MSX2/2+,-,2M,"￥6,800","￥7,000代",1,Konami58KB(SCC),,,,,,,,
1983-01-01,ＨＡＬ研究所,スペースメイズアタック,MSX,-,8K,"￥4,800","￥5,000代",1,*0,,,,,,,,
1986-01-01,カシオ,スペランカー,MSX,-,32K,"￥4,900","￥5,000代",1,?,,,,ティム・マーティン,,,,
1986-01-01,アイレム,スペランカー,MSX,-,32K,"￥4,900","￥5,000代",1,Mirrored,,,,ティム・マーティン,,,,
1985-01-01,カシオ,ゼクサスリミテッド,MSX,-,32K,"￥5,800","￥6,000代",1,?,,,,,,,,
1985-01-01,デービーソフト,ゼクサスリミテッド,MSX,-,32K,"￥5,800","￥6,000代",1,Mirrored,,,,,,,,
1989-01-01,ナムコ,ゼビウスファードラウト伝説,MSX2,-,2M,"￥6,800","￥7,000代",1,ASCII_16KB,,仁井谷正充,國廣豊史,河野光|JANUS寺本|國廣豊史|NIPPON CHACHACHA,宮本昌知,,河野光,
1988-01-01,マイコンソフト,センサーキッド,MSX2,-,不明,"￥6,800","￥7,000代",1,?,,,,,,,,
1984-01-01,ポニーキャニオン,ゼンジー,MSX,-,16K,"￥4,800","￥5,000代",1,Mirrored,,,,,,,,
1984-01-01,ソニー,センジョー,MSX,-,16K,"￥4,000","￥4,000代",1,Mirrored,,,,,,,,
1988-01-01,東芝/東芝ＥＭＩ,ゾイド中央大陸の戦い,MSX2,-,1M,"￥5,800","￥6,000代",1,ASCII_16KB,,,,,,,,
1987-01-01,電波新聞社,ソフィア,MSX,-,64K,"￥5,300","￥5,500代",1,ASCII_8KB,,,,,,,,
1984-01-01,東芝/東芝ＥＭＩ,ゾルニエクセリオン2(ZorniExerion2),MSX,-,16K,"￥4,800","￥5,000代",1,Mirrored,,,,,,,,
1989-01-01,ハイスコア,ゾンビハンター,MSX2,-,1M,"￥5,800","￥6,000代",1,ASCII_8KB,,,,,,,,
1987-01-01,ハドソン,ダーウィン4078,MSX2,-,1M,"￥5,800","￥6,000代",1,ASCII_8KB,,,,古川とも,,,,
1983-01-01,マスティール,ターボート,MSX,-,16K,"￥4,800","￥5,000代",1,Mirrored,,,,,,,,
1983-01-01,シリウス,ターモイル(TURMOIL),MSX,-,16K,"￥4,800","￥5,000代",1,Mirrored,,,,,,,,
1988-01-01,東芝/東芝ＥＭＩ,ダイナマイトボウル,MSX,-,1M,"￥5,800","￥6,000代",1,ASCII_16KB,,,,,,,,
1988-01-01,東芝/東芝ＥＭＩ,ダイナマイトボウル,MSX2,-,1M,￥,￥0代,1,ASCII_16KB,,,,,,,,
1983-01-01,コナミ,タイムパイロット(TIMEPILOT),MSX,-,16K,"￥4,800","￥5,000代",1,Mirrored,,,,,,,,
1987-01-01,ブラザー工業,タケル伝説,MSX,-,32K,"￥2,500","￥2,500代",1,Mirrored,,,,,,,,
1984-01-01,マスティール,タティカ,MSX,-,16K,"￥4,800","￥5,000代",1,Mirrored,,,,伊藤岳史|高倉武史,七瀬光,兵頭一歩,,
1984-01-01,アスキー,ダビデ2,MSX,-,16K,"￥4,800","￥5,000代",1,Mirrored,,,,,,,,
1988-01-01,ハード,ダブルヴィジョン,MSX2,-,2M,￥,￥0代,1,ASCII_8KB,,,,,,,,
1985-01-01,コンプティーク,ダムバスター,MSX,-,32K,"￥5,900","￥6,000代",1,Mirrored,,,,,,,,
1984-01-01,アスキー,たわらくん,MSX,-,16K,"￥4,800","￥5,000代",1,Mirrored,,,,,,,,
1986-01-01,ＨＡＬ研究所,ダンクショット,MSX,-,32K,"￥5,600","￥5,500代",1,Mirrored,,,,,,,,
1984-01-01,ナムコ,タンクバタリアン,MSX,-,8K,"￥4,500","￥4,500代",1,Mirrored,,,平岡一邦,岡本進一郎|小野浩,,,,
1989-01-01,アスキー,ダンジョンハンター,MSX,-,1M,"￥12,800","￥13,000代",1,ASCII_16KB,,,,,,,,
1986-01-01,アスキー,ダンジョンマスター,MSX,-,32K,"￥5,800","￥6,000代",1,Mirrored,,,,,,,,
1985-01-01,ポニーキャニオン,チェッカーズインTANTANたぬき,MSX,-,16K,"￥4,800","￥5,000代",1,Mirrored,,,,,,,,
1980-01-01,ザインソフト,チャアムクリスマス,MSX2,-,2M,￥,￥0代,1,?,,,,,,,,
1985-01-01,エプソン,ちゃっかりCOPY,MSX,-,不明,"￥12,000","￥12,000代",1,?,,,,,,,武部聡志(M1|3|5|6) 大黒摩季&葉山たけし(M4) 大黒摩季&本間昭光(M7),
1984-01-01,タイトー／ニデコ,ちゃっくんぽっぷ,MSX,-,16K,"￥4,800","￥5,000代",1,Mirrored,,,,,今村善雄,,,
1985-01-01,ポニーキャニオン,チャレンジダービー,MSX,-,32K,"￥4,800","￥5,000代",1,Mirrored,,,,,,,,
1986-01-01,ポニーキャニオン,チャンピオンアイスホッケー,MSX,-,32K,"￥4,900","￥5,000代",1,Mirrored,,,,,,,,
1985-01-01,ポニーキャニオン,チャンピオンサッカー,MSX,-,16K,"￥4,800","￥5,000代",1,Mirrored,,,,,,,,
1985-01-01,ソニー,チャンピオンシップロードランナー,MSX,-,32K,"￥5,800","￥6,000代",1,Mirrored,,,,ダグラス・E・スミス,,,,
1985-01-01,コンプティーク,チャンピオンバルダーダッシュ,MSX,-,32K,"￥5,900","￥6,000代",1,*0,,,,,,,,
1985-01-01,ポニーキャニオン,チャンピオンプロレス,MSX,-,32K,"￥5,500","￥5,500代",1,Mirrored,,,,,,,,
1985-01-01,ポニーキャニオン,チャンピオンボクシング,MSX,-,32K,"￥5,500","￥5,500代",1,Mirrored,,,,,,,,
1986-01-01,ポニーキャニオン,チャンピオン剣道,MSX,-,32K,"￥4,900","￥5,000代",1,Mirrored,,,,,,,,
1985-01-01,ソニー,チョップリフター,MSX,-,32K,"￥4,900","￥5,000代",1,Mirrored,,,,ダン・ゴーリン,,,,
1984-01-01,タイトー／ニデコ,チョロQ,MSX,-,16K,"￥4,800","￥5,000代",1,Mirrored,,,,,,,,
1986-01-01,カシオ,ツインビー,MSX,-,32K,"￥4,800","￥5,000代",1,?,,,青山和浩,青山和浩,福武茂|佐々木嘉則,,廣下宏治,
1986-01-01,コナミ,ツインビー,MSX,-,32K,"￥4,800","￥5,000代",1,Mirrored,,,青山和浩,青山和浩,福武茂|佐々木嘉則,,廣下宏治,
1980-01-01,T＆E SOFT,ディーヴァネットワークバージョン,MSX2,-,不明,￥,￥0代,1,?,,,,,,,,
1987-01-01,T＆E SOFT,ディーヴァアスラの血流,MSX,-,2M,"￥6,800","￥7,000代",1,ASCII_8KB,,,,,,,,
1988-01-01,スキャップアトラスト,ディープダンジョン2勇士の紋章,MSX,-,1M,"￥6,800","￥7,000代",1,ASCII_8KB+SRAM,,,,,,,,
1988-01-01,スキャップアトラスト,ディープダンジョン魔洞戦記,MSX,-,1M,"￥6,800","￥7,000代",1,ASCII_8KB+SRAM,,,,,,,,
1987-01-01,ザインソフト,ディープフォレスト,MSX2,-,1M,"￥5,800","￥6,000代",1,ASCII_8KB,,,,,,,,
1984-01-01,ナムコ,ディグダグ,MSX,-,32K,"￥4,500","￥4,500代",1,Mirrored,,,さかいとしお|深谷正一,池上まさとし,慶野由利子,,,
1984-01-01,アスキー,デインジャーX4,MSX,-,16K,"￥4,800","￥5,000代",1,Basic(startat0x8000),,,,,,,,
1985-01-01,ヤマハ,データメモリカートリッジ,MSX,-,不明,"￥9,800","￥10,000代",1,?,,,,,,,,
1986-01-01,電波新聞社,デーモンクリスタル,MSX,-,32K,"￥4,800","￥5,000代",1,Mirrored,,,,,,,,
1984-01-01,ポニーキャニオン,デカスロン,MSX,-,16K,"￥4,800","￥5,000代",1,Mirrored,,,,,,,,
1986-01-01,ゲームアーツ,テクザー(THEXDER),MSX,-,32K,"￥5,800","￥6,000代",1,Mirrored,,,,五代響|上坂哲,五代響,,,
1987-01-01,日本テレネット,デジタルデビル物語女神転生,MSX,RPG,1M,"￥6,800","￥7,000代",1,ASCII_8KB,,,,北爪宏幸|江崎稔,増子司,,,
1984-01-01,アスキー,テセウス,MSX,-,16K,"￥4,800","￥5,000代",1,Mirrored,,,,,,,,
1985-01-01,ＨＡＬ研究所,てつまん,MSX,-,16K,"￥4,800","￥5,000代",1,Mirrored,,,,,,,,
1984-01-01,マスティール,テトラホラー,MSX,-,不明,"￥4,800","￥5,000代",1,?,,,,,,,,
1988-01-01,BPS,テトリス,MSX2,-,1M,"￥6,800","￥7,000代",1,ASCII_8KB,,,,,,,,
1983-01-01,ゼネラル,デビルズ・ヘブン,MSX,-,16K,"￥4,800","￥5,000代",1,*0,,,,,,,,
1980-01-01,日本物産,テラクレスタ,MSX2,-,1M,￥,￥0代,1,?,,,,藤原茂樹,吉田健志,,,
1983-01-01,アスキー,テレバニー,MSX,-,16K,"￥4,800","￥5,000代",1,Mirrored,,,,,,,,
1984-01-01,エニックス,ドアドア,MSX,-,16K,"￥4,800","￥5,000代",1,Mirrored,,,,中村光一,,,,
1988-01-01,エミールソフト,とーくまん,MSX2,-,不明,"￥14,800","￥15,000代",1,?,,,,,,,,
1988-01-01,ポニーキャニオン,ドーンパトロール,MSX,-,64K,"￥4,900","￥5,000代",1,Mirrored,,,,,,,パット・グラッサー,
1985-01-01,ポニーキャニオン,どきどきペンギンランド,MSX,-,32K,"￥4,900","￥5,000代",1,Mirrored,,,,,,,,
1980-01-01,東芝/東芝ＥＭＩ,ドクターセルフ(Dr.SELF),不明,-,不明,￥,￥0代,1,?,,,,,,,,
1986-01-01,ボースティック,トップルジップ,MSX,-,32K,"￥5,800","￥6,000代",1,Mirrored,,,,,,,,
1987-01-01,ボースティック,トップルジップ,MSX2,-,1M,"￥5,900","￥6,000代",1,ASCII_8KB,,,,,,,,
1984-01-01,ジャレコ,トップローラー(TOPROLLER),MSX,-,16K,"￥4,800","￥5,000代",1,Mirrored,,,,,,,,
1984-01-01,アスキー,トライアルスキー,MSX,-,16K,"￥4,800","￥5,000代",1,Basic(startat0x8000),,,,,,,,
1983-01-01,ＨＡＬ研究所,ドラゴンアタック,MSX,-,8K,"￥4,800","￥5,000代",1,Mirrored,,,,,,,,
1986-01-01,エニックス,ドラゴンクエスト,MSX,RPG,1M,"￥5,800","￥6,000代",1,ASCII_8KB,,中村光一,チュンソフト,鳥山明|榎本一夫|土居孝幸,すぎやまこういち,堀井雄二,千田幸信,
1986-01-01,エニックス,ドラゴンクエスト,MSX2,RPG,1M,"￥6,400","￥6,500代",1,ASCII_8KB,,中村光一,チュンソフト,鳥山明|榎本一夫|土居孝幸,すぎやまこういち,堀井雄二,千田幸信,
1987-01-01,エニックス,ドラゴンクエストⅡ悪霊の神々,MSX2,RPG,2M,"￥6,800","￥7,000代",1,ASCII_8KB,,中村光一,中村光一,堀井雄二|鳥山明,すぎやまこういち,堀井雄二,千田幸信,
1987-01-01,エニックス,ドラゴンクエストⅡ悪霊の神々,MSX,RPG,2M,"￥6,800","￥7,000代",1,ASCII_8KB,,中村光一,中村光一,堀井雄二|鳥山明,すぎやまこういち,堀井雄二,千田幸信,
1985-01-01,スクウェア,ドラゴンスレイヤー,MSX,RPG,32K,"￥5,200","￥5,000代",1,Mirrored,,,,,,,,
1987-01-01,ファルコム,ドラゴンスレイヤーⅣドラスレファミリー,MSX,-,2M,"￥6,800","￥7,000代",1,ASCII_8KB,,,秋葉紀好|木屋善夫,大浦孝浩|都築和彦|古代彩乃,古代祐三|石川三恵子,立川敏男|木屋善夫|畠山孝一|大浦孝浩|秋葉紀好,加藤正幸,
1987-01-01,ファルコム,ドラゴンスレイヤーⅣドラスレファミリー,MSX2,-,2M,"￥6,800","￥7,000代",1,ASCII_8KB,,,秋葉紀好|木屋善夫,大浦孝浩|都築和彦|古代彩乃,古代祐三|石川三恵子,立川敏男|木屋善夫|畠山孝一|大浦孝浩|秋葉紀好,加藤正幸,
1987-01-01,ナムコ,ドラゴンバスター,MSX2,-,1M,"￥5,800","￥6,000代",1,ASCII_8KB,,,是枝ひろき,佐藤英治,慶野由利子,,,
1986-01-01,ソニー,トラフィック,MSX,-,32K,￥,￥0代,1,Mirrored,,,,,,,,
1986-01-01,東芝/東芝ＥＭＩ,トランプエイド,MSX,-,32K,"￥4,800","￥5,000代",1,Mirrored,,,,,,,,
1986-01-01,ザインソフト,トリトーン,MSX,-,32K,￥,￥0代,1,Standard(startat0x4000),,,,,,,,
1986-01-01,ナムコ,ドルアーガの塔,MSX,-,32K,"￥4,500","￥4,500代",1,Mirrored,,,内藤智,遠藤雅伸|篠崎雄一郎,小沢純子,,,
1988-01-01,日本デクスタ,ドルイド,MSX2,-,1M,"￥6,800","￥7,000代",1,ASCII_8KB,,,,,,,,
1987-01-01,ビクター音産,ドレイナー,MSX,-,32K,"￥4,800","￥5,000代",1,Mirrored,,,,,,,,
1984-01-01,ソニー,ドロドン,MSX,-,16K,"￥4,500","￥4,500代",1,Mirrored,,,,,,,,
1987-01-01,電波新聞社,ナイザースペシャル,MSX,-,1M,"￥5,300","￥5,500代",1,ASCII_16KB,,,,,,,,
1985-01-01,日本デクスタ,ナイトシェード,MSX,-,32K,"￥5,700","￥5,500代",1,Mirrored,,,,,,,,
1986-01-01,日本デクスタ,ナイトロアー,MSX,-,32K,"￥5,700","￥5,500代",1,Mirrored,,,クリス・スタンパー|ジョン・ラスバリー,クリス・スタンパー|ティム・スタンパー|ティム・スタンパー|キャロル・スタンパー,,,,
1986-01-01,ビクター音産,ナイルの涙,MSX,-,32K,"￥5,800","￥6,000代",1,Mirrored,,,,,,,,
1987-01-01,東京書籍,ニューキャルシリーズニューホライズン全3巻,MSX,-,1M,"￥6,800","￥7,000代",1,?,,,,,,,,
1986-01-01,マイクロキャビン,は～りぃふぉっくすMSXスペシャル,MSX,-,1M,"￥6,800","￥7,000代",1,ASCII_16KB+SRAM,,,,,,,,
1986-01-01,電波新聞社,バーガータイム,MSX,-,32K,"￥4,500","￥4,500代",1,Mirrored,,,,,,,,
1980-01-01,ソニー,バーディー,不明,-,不明,￥,￥0代,1,?,,,,,,,,
1987-01-01,ソニー,ハードボール,MSX2,-,1M,"￥5,800","￥6,000代",1,ASCII_8KB,,,,,Adam Gok,ガイ・エドモンズ|マット・ゼレメズ,Joe Weatherstone,
1985-01-01,マイクロキャビン,はーりぃふぉっくす雪の魔王編,MSX,-,64K,￥,￥0代,1,[はーりぃふぉっくす雪の魔王編] rom,,,,,,,,
1983-01-01,ウェイリミット,ハイウェイスター,MSX,-,16K,"￥4,800","￥5,000代",1,Mirrored,,,,,,,,
1987-01-01,ポニーキャニオン,ハイスクール!奇面組,MSX2,-,1M,"￥5,800","￥6,000代",1,ASCII_8KB,,,,金沢比呂司,菊池俊輔,,,
1985-01-01,コンプティーク,ハイスト,MSX,-,32K,"￥5,900","￥6,000代",1,Mirrored,,,,,,,,
1985-01-01,T＆E SOFT,ハイドライド,MSX,ACT,32K,"￥5,800","￥6,000代",1,Mirrored,,,,,,,,
1986-01-01,T＆E SOFT,ハイドライドⅡ,MSX,ACT,1M,"￥6,400","￥6,500代",1,ASCII_16KB+SRAM,,,,,,,,
1987-01-01,T＆E SOFT,ハイドライド3,MSX,ACT,4M,"￥7,800","￥8,000代",1,ASCII_8KB,,,,,,,,
1987-01-01,T＆E SOFT,ハイドライド3,MSX2,ACT,4M,"￥7,800","￥8,000代",1,ASCII_8KB,,,,,,,,
1987-01-01,T＆E SOFT,ハイドライドブロンズバック(Ⅱと3のセット),MSX,-,不明,"￥9,980","￥10,000代",1,-,,,,,,,,
1984-01-01,ZAP,パイナップリン,MSX,-,16K,"￥4,800","￥5,000代",1,Mirrored,,,,,,,,
1984-01-01,コナミ,ハイパーオリンピック1,MSX,SPT,16K,"￥4,800","￥5,000代",1,Mirrored,,,森下繁,,福武茂,,石原祥吉,
1984-01-01,ソニー,ハイパーオリンピックⅠ,MSX,SPT,16K,"￥4,800","￥5,000代",1,?,,,森下繁,,福武茂,,石原祥吉,
1984-01-01,コナミ,ハイパーオリンピック2,MSX,SPT,16K,"￥4,800","￥5,000代",1,Mirrored,,,森下繁,,福武茂,,石原祥吉,
1984-01-01,ソニー,ハイパーオリンピックⅡ,MSX,SPT,16K,"￥4,800","￥5,000代",1,?,,,森下繁,,福武茂,,石原祥吉,
1984-01-01,コナミ,ハイパースポーツ1,MSX,SPT,16K,"￥4,800","￥5,000代",1,Mirrored,,,町口浩康,,福武茂,,石原祥吉,
1984-01-01,ソニー,ハイパースポーツⅠ,MSX,SPT,16K,￥,￥0代,1,?,,,町口浩康,,福武茂,,石原祥吉,
1984-01-01,コナミ,ハイパースポーツ2,MSX,SPT,16K,"￥4,800","￥5,000代",1,Mirrored,,,町口浩康,,福武茂,,石原祥吉,
1984-01-01,ソニー,ハイパースポーツⅡ,MSX,SPT,16K,￥,￥0代,1,?,,,町口浩康,,福武茂,,石原祥吉,
1985-01-01,コナミ,ハイパースポーツ3,MSX,SPT,32K,"￥4,800","￥5,000代",1,Mirrored,,,町口浩康,,福武茂,,石原祥吉,
1985-01-01,コナミ,ハイパーラリー,MSX,-,16K,"￥4,800","￥5,000代",1,Mirrored,,,,,,,,
1983-01-01,アスキー,パイパニック,MSX,-,16K,"￥4,800","￥5,000代",1,Mirrored,,,,,,,,
1980-01-01,ハドソン,バギージャンプ,不明,-,不明,￥,￥0代,1,?,,,,,,,,
1984-01-01,ポニーキャニオン,パストファインダー,MSX,-,16K,"￥4,800","￥5,000代",1,Mirrored,,,,en:Jason Bulmahn,,ダンジョンズ&ドラゴンズ第3版,,
1983-01-01,アスキー,パスボール,MSX,-,16K,"￥4,800","￥5,000代",1,Basic(startat0x8000),,,,,,,,
1986-01-01,システムソフト,パズルパニック,MSX,-,32K,"￥4,900","￥5,000代",1,Mirrored,,,,,,,,
1984-01-01,ソニー,パソコンタイプライター,MSX,-,不明,"￥6,800","￥7,000代",1,?,,,,,,,,
1983-01-01,リットーミュージック,パソコン作曲家,MSX,-,16K,"￥4,800","￥5,000代",1,Basic(startat0x8000),,,,,,,,
1980-01-01,ストラッドフォード,パソコン先生入門編・教師用,不明,-,不明,￥,￥0代,1,?,,,,,,,,
1985-01-01,東芝/東芝ＥＭＩ,パチコン,MSX,-,32K,"￥4,800","￥5,000代",1,Mirrored,,,,,,,,
1988-01-01,ＨＡＬ研究所,パチプロ伝説,MSX2,-,1M,"￥5,800","￥6,000代",1,ASCII_8KB,,,,,,,,
1984-01-01,カシオ,パチンコUFO,MSX,-,16K,"￥4,800","￥5,000代",1,Mirrored,,,,小松原一男|荒木伸吾,菊池俊輔,永井豪とダイナミック企画,,
1988-01-01,ポニーキャニオン,ハッカー,MSX2,-,1M,"￥5,800","￥6,000代",1,ASCII_16KB,,,,,,,,
1984-01-01,ソニー,バックギャモン,MSX,-,16K,"￥4,000","￥4,000代",1,Mirrored,,,,,,,,
1985-01-01,ポニーキャニオン,バックトゥザフューチャー,MSX,-,32K,"￥4,900","￥5,000代",1,Standard(startat0x4000),,,,,アラン・シルヴェストリ,ロバート・ゼメキス|ボブ・ゲイル,,
1989-01-01,ナムコ,パックマニア,MSX2,-,2M,"￥6,800","￥7,000代",1,ASCII_8KB,,,,,慶野由利子|小沢純子|戸室仁人,,岩谷徹,
1984-01-01,ナムコ,パックマン,MSX,-,16K,"￥4,500","￥4,500代",1,Mirrored,,,舟木茂雄,岩谷徹|山下正,石村繁一|甲斐敏夫,,,
1984-01-01,コンパイル,ハッスルチュミー,MSX,-,16K,"￥4,800","￥5,000代",1,*0,,,,,,,,
1985-01-01,テクノソフト,ばってんタヌキの大冒険,MSX,-,32K,"￥5,800","￥6,000代",1,Mirrored,,,,,ナオト・インティライミ(作詞・作曲),,,
1987-01-01,パック・イン・ビデオ,バットマンロビン救出スペシャル,MSX,-,64K,"￥5,800","￥6,000代",1,ASCII_8KB,,,,,,,,
1984-01-01,ソニー,バトルクロス,MSX,-,16K,"￥4,500","￥4,500代",1,Mirrored,,,,,,,,
1983-01-01,T＆E SOFT,バトルシップ・クラプトンII,MSX,-,8K,"￥4,800","￥5,000代",1,Mirrored,,,,,,,,
1988-01-01,パナソフト,FMパナアミューズメントカートリッジ,MSX,-,64K,"￥3,800","￥4,000代",1,[パナアミューズメントカートリッジ] rom,,,,,,,,
1985-01-01,パナソフト,パナソフトのサッカー(MSXsoccre),MSX,-,16K,"￥4,800","￥5,000代",1,Mirrored,,,,,,,,
1984-01-01,パナソフト,パナソフトのベースボール(MSXBASEBALL),MSX,-,16K,"￥4,800","￥5,000代",1,Mirrored,,,,,,,,
1986-01-01,パナソフト,パナソフトのベースボールII(MSXBASEBALLII),MSX,-,16K,"￥4,800","￥5,000代",1,Mirrored,,,,,,,,
1985-01-01,パナソフト,パナソフトのラグビー(MSXRUGBY),MSX,-,16K,"￥4,800","￥5,000代",1,Mirrored,,,,,,,,
1984-01-01,スタジオＧＥＮ,バナナ(BANANA),MSX,-,16K,"￥4,800","￥5,000代",1,Mirrored,,,,,,,,
1987-01-01,タイトー／ニデコ,バブルボブル,MSX2,-,1M,"￥5,800","￥6,000代",1,ASCII_8KB,,,藤末一郎|NISHIYORI,三辻富貴朗,君島正,,,
1984-01-01,アスキー,はらぺこパックン,MSX,-,8K,"￥4,800","￥5,000代",1,Mirrored,,,,,,,,
1984-01-01,ＨＡＬ研究所,バラン数(BALANCE),MSX,-,8K,"￥4,800","￥5,000代",1,Mirrored,,,,,,,,
1988-01-01,コナミ,パロディウスタコは地球を救う,MSX,SHT,1M,"￥5,800","￥6,000代",1,Konami58KB(SCC),,,,,,,,
1985-01-01,ポニーキャニオン,ハングオン,MSX,-,32K,"￥4,900","￥5,000代",1,Mirrored,,,,,,,,
1985-01-01,ポニーキャニオン,バンクパニック,MSX,-,32K,"￥4,900","￥5,000代",1,?,,,,,,,,
1984-01-01,ソニー,バンゲリングベイ,MSX,-,32K,"￥4,900","￥5,000代",1,Mirrored,,,,ウィル・ライト,,,,
1986-01-01,アイレム,パンサー,MSX,-,32K,￥,￥0代,1,Mirrored,,,,,,,,
1990-01-01,ＨＡＬ研究所,ハンディスキャナMSX2,MSX2,-,不明,"￥24,800","￥25,000代",1,?,,,,,,,,
1984-01-01,日本コロムビア,ピータン,MSX,-,8K,"￥4,800","￥5,000代",1,Mirrored,,,,,,,,
1980-01-01,ハドソン,ビーパック(BEEPACK),MSX,-,不明,￥,￥0代,1,-,,,,,,,,
1984-01-01,ポニーキャニオン,ビームライダー,MSX,-,16K,"￥4,800","￥5,000代",1,Mirrored,,,,,,,,
1984-01-01,ポニーキャニオン,ヒーロー,MSX,-,16K,"￥4,800","￥5,000代",1,Mirrored,,,,,,,,
1991-01-01,ポニーキャニオン,ヒーローオブザランス,MSX2,-,4M,"￥7,500","￥7,500代",1,ASCII_8KB+SRAM,,,,,,,,
1983-01-01,ＨＡＬ研究所,ピクチャーパズル,MSX,-,8K,"￥4,800","￥5,000代",1,Mirrored,,,,,,,,
1987-01-01,タイトー／ニデコ,ビクトリアスナインII高校野球編,MSX2,-,1M,"￥5,800","￥6,000代",1,ASCII_16KB,,,,,,,,
1980-01-01,ＨＡＬ研究所,ピッキー,不明,-,不明,￥,￥0代,1,?,,,,,,,,
1984-01-01,ハドソン,ひつじやーい,MSX,-,8K,"￥4,800","￥5,000代",1,Mirrored,,,,,,,,
1984-01-01,ポニーキャニオン,ピットフォール,MSX,-,16K,"￥4,800","￥5,000代",1,Mirrored,,,,デヴィッド・クレーン,,,,
1984-01-01,ポニーキャニオン,ピットフォールII,MSX,-,16K,"￥4,800","￥5,000代",1,Mirrored,,,,,,,,
1989-01-01,ソニー,ビデオデジタイザー,MSX2,-,不明,"￥29,800","￥30,000代",1,?,,,,,,,,
1983-01-01,コナミ,ビデオハスラー,MSX,-,8K,"￥4,500","￥4,500代",1,Mirrored,,,,,,,,
1984-01-01,ビクター音産,ビデオ画面効果ソフトビデオ・エディパル,MSX,-,不明,"￥7,800","￥8,000代",1,?,,,,,,,,
1984-01-01,日本デクスタ,ピピ(オウムのピピの大冒険),MSX,-,32K,"￥4,800","￥5,000代",1,Mirrored,,,,,ナオト・インティライミ(作詞・作曲),,,
1985-01-01,コナミ,ピポルス,MSX,-,16K,"￥4,800","￥5,000代",1,Mirrored,,,,,,,,
1983-01-01,T＆E SOFT,ピラミッド・ワープ,MSX,-,8K,"￥4,800","￥5,000代",1,Mirrored,,,,,,,,
1987-01-01,セイカロモックス,ピロマン,MSX,-,不明,"￥5,500","￥5,500代",1,?,,,,,,,,
1987-01-01,ＨＡＬ研究所,ピロマン,MSX,-,不明,"￥5,500","￥5,500代",1,?,,,,,,,,
1985-01-01,日本コロムビア,ピンキーチェイス,MSX,-,不明,"￥4,800","￥5,000代",1,?,,,,,,,,
1985-01-01,日本コロムビア,ピンボールメーカー,MSX,-,16K,"￥4,800","￥5,000代",1,Mirrored,,,,,,,,
1984-01-01,マスティール,ファーマー,MSX,-,16K,"￥4,800","￥5,000代",1,Mirrored,,,,,,,,
1988-01-01,ハミングバードソフト,ファイアボール,MSX2,-,1M,"￥6,800","￥7,000代",1,ASCII_8KB,,,,,,,,
1985-01-01,ポニーキャニオン,ファイナルジャスティス,MSX,-,16K,"￥4,800","￥5,000代",1,Mirrored,,,,,,,,
1986-01-01,日本テレネット,ファイナルゾーンウルフ,MSX,-,1M,"￥6,800","￥7,000代",1,ASCII_8KB,,,,,,,,
1983-01-01,ＭＩＡ,ファイナル麻雀,MSX,-,16K,"￥4,800","￥5,000代",1,Mirrored,,,,,,,,
1984-01-01,ハドソン,ファイヤーレスキュー,MSX,-,16K,"￥4,800","￥5,000代",1,Mirrored,,,,,テディ・ロビン・クァン|トミー・ワイ,デレク・クォック|ジル・レオン|フィリップ・ユン,,
1988-01-01,BIT2,ファミクルパロディック,MSX2,-,2M,"￥6,800","￥7,000代",1,ASCII_8KB,,,,,,,,
1987-01-01,パック・イン・ビデオ,ファミリービリヤード,MSX2,-,64K,"￥5,800","￥6,000代",1,ASCII_8KB,,,,,,,,
1988-01-01,ソニー,ファミリーボクシングMSXタイトルマッチ,MSX2,-,2M,"￥5,800","￥6,000代",1,ASCII_8KB,,,,,,,,
1984-01-01,ソニー,ファルク,MSX,-,32K,"￥14,800","￥15,000代",1,Mirrored,,,,,,,,
1984-01-01,ZAP,ファンキー・マウス,MSX,-,16K,"￥4,800","￥5,000代",1,Mirrored,,,,,,,,
1986-01-01,ポニーキャニオン,ファンタジーゾーン,MSX,-,1M,"￥5,500","￥5,500代",1,ASCII_8KB,,石井洋児,片木秀一,石井洋児|近藤正樹,川口博史,,,
1987-01-01,ポニーキャニオン,ファンタジーゾーンⅡオパオパの涙,MSX2,-,2M,"￥6,800","￥7,000代",1,ASCII_16KB,,,,,上保徳彦,,,
1984-01-01,アスキー,ブーメラン,MSX,-,16K,"￥4,800","￥5,000代",1,Mirrored,,,,,,,,
1985-01-01,ZAP,フェアリー,MSX,-,16K,"￥4,800","￥5,000代",1,Mirrored,,,,,,,,
1987-01-01,ＧＡ夢／HOT-B,フェアリーランドストーリー,MSX,-,1M,"￥5,900","￥6,000代",1,ASCII_8KB,,緒方正樹|波多野幹夫,,辻野浩司|西村年幸|きたがわてつお,Y.TSUCHIDA|君島正,石田一朋,,
1985-01-01,日本デクスタ,フォーメーションZ,MSX,-,32K,"￥5,700","￥5,500代",1,Mirrored,,,,,渥美徳弘,,,
1987-01-01,タケル／ブラザー工業,フォールフェル,MSX,-,不明,"￥2,500","￥2,500代",1,?,,,,,,,,
1983-01-01,アンプルソフトウエア,ブギウギジャングル,MSX,-,16K,"￥4,800","￥5,000代",1,Mirrored,,,,,,,,
1983-01-01,ＨＡＬ研究所,ぶた丸パンツ,MSX,-,8K,"￥4,800","￥5,000代",1,Mirrored,,須藤典彦[注 1],,松原徳弘|亀田祥倫,やまだ豊,青山剛昌,,
1988-01-01,サブロジック,フライトシミュレーター,MSX,-,1M,"￥5,800","￥6,000代",1,ASCII_8KB,,,,,,,,
1986-01-01,ポニーキャニオン,フライトデッキ,MSX,-,64K,"￥4,900","￥5,000代",1,Mirrored,,,,,,,,
1986-01-01,マイクロキャビン,ブラッガー,MSX,-,32K,"￥5,400","￥5,500代",1,Standard(startat0x4000),,,,,,舘そらみ|上田迅(ザ・ワークス)|岸本鮎佳,,
1984-01-01,東芝/東芝ＥＭＩ,フラッシュスプラッシュ,MSX,-,8K,"￥4,800","￥5,000代",1,Mirrored,,,,,,,,
1984-01-01,デービーソフト,フラッピーリミテッド,MSX,-,16K,"￥5,800","￥6,000代",1,Mirrored,,,,,,,,
1984-01-01,カシオ,フラッピーリミテッド,MSX,-,16K,"￥5,800","￥6,000代",1,?,,,,,,,,
1985-01-01,デービーソフト,フラッピーリミテッド'85,MSX,-,16K,￥,￥0代,1,Mirrored,,,,,,,,
1990-01-01,アスキー,フリートコマンダーII黄昏の海域,MSXTurboR,-,2M,"￥9,800","￥10,000代",1,ASCII_8KB,,,,,,,,
1986-01-01,マイクロネット,フリッキー,MSX,-,32K,"￥4,400","￥4,500代",1,Mirrored,,,石川ヒデキ|片木秀一,石井洋児|川崎吉喜,,,,
1983-01-01,スペクトラ・ビデオ,フリッパースリッパー,MSX,-,16K,"￥4,800","￥5,000代",1,Mirrored,,,,,,,,
1985-01-01,ソニー,プリンターソフトプリントラボ,MSX,-,不明,"￥5,800","￥6,000代",1,?,,,,,,,,
1985-01-01,コンプティーク,ブルース・リー,MSX,-,32K,"￥5,900","￥6,000代",1,Mirrored,,,,,,,,
1983-01-01,ＨＡＬ研究所,フルーツサーチ,MSX,-,8K,"￥4,800","￥5,000代",1,Mirrored,,,,,,,,
1986-01-01,ＨＡＬ研究所,ブルとマイティー危機一髪,MSX,-,32K,"￥4,800","￥5,000代",1,Mirrored,,,,,,,,
1985-01-01,ヤマハ,プレイカードセット,MSX,-,16K,"￥12,800","￥13,000代",1,Mirrored,,,,,,,,
1983-01-01,アスキー,ブレイクアウト,MSX,-,16K,"￥4,800","￥5,000代",1,Basic(startat0x8000),,,,,,,,
1987-01-01,ジャレコ,ブレイクイン(BREAKIN),MSX,-,64K,"￥4,900","￥5,000代",1,Mirrored,,,,,,,,
1986-01-01,ソニー,プレイボール,MSX,-,32K,"￥6,900","￥7,000代",1,[プレイボール] rom,,,,,,,,
1988-01-01,パック・イン・ビデオ,プレデター,MSX2,-,1M,"￥5,800","￥6,000代",1,ASCII_8KB,,,,,,,,
1987-01-01,ポニーキャニオン,プロジェクトA2史上最大の標的,MSX2,-,1M,"￥5,800","￥6,000代",1,ASCII_8KB,,,,,マイケル・ライ,ジャッキー・チェン|エドワード・タン,,
1983-01-01,コナミ,フロッガー(FROGGER),MSX,-,8K,"￥4,000","￥4,000代",1,Mirrored,,,,,,,,
1984-01-01,東芝/東芝ＥＭＩ,ブロッケードランナー,MSX,-,16K,"￥5,800","￥6,000代",1,Mirrored,,,,,,,,
1984-01-01,ソニー,プロッ太,MSX,-,不明,"￥6,800","￥7,000代",1,?,,,,,,,,
1985-01-01,ポニーキャニオン,プロテクター,MSX,-,16K,"￥4,800","￥5,000代",1,Mirrored,,,,,,,,
1986-01-01,徳間書店／テクノポリス,プロフェッショナルベースボール,MSX,-,32K,￥,￥0代,1,Mirrored,,,,,,,,
1985-01-01,シャノアール,プロフェッショナル麻雀,MSX,-,32K,"￥6,800","￥7,000代",1,Mirrored,,,,,,,,
1988-01-01,シャノアール,プロフェッショナル麻雀悟空,MSX2,-,1M,"￥6,800","￥7,000代",1,ASCII_16KB+SRAM,,,,,,,,
1984-01-01,タイトー／ニデコ,フロントライン,MSX,-,16K,"￥4,800","￥5,000代",1,Mirrored,,,,,,,,
1989-01-01,ナムコ,プロ野球ファミリースタジアムペナントレース,MSX2,-,2M,"￥7,800","￥8,000代",1,ASCII_16KB,,,,,,,,
1987-01-01,日本テレネット,プロ野球FANテレネットスタジアム,MSX2,-,2M,￥,￥0代,1,ASCII_8KB,,,,,,,,
1983-01-01,アスキー,ペアーズ,MSX,-,16K,"￥4,800","￥5,000代",1,Basic(startat0x8000),,,,,,,,
1986-01-01,ヤマハ,ベーシックヘルパー,MSX,-,不明,"￥9,800","￥10,000代",1,?,,,,,,,,
1986-01-01,ビクター音産,ペガサス,MSX,-,32K,"￥5,800","￥6,000代",1,Mirrored,,,,,,,,
1983-01-01,ＨＡＬ研究所,ヘビーボクシング,MSX,-,8K,"￥4,800","￥5,000代",1,Mirrored,,,,,,,,
1983-01-01,NABU,ヘリタンク,MSX,-,16K,"￥4,800","￥5,000代",1,Mirrored,,,,,,,,
1985-01-01,アスキー,ぺんぎんくんウォーズ,MSX,-,32K,"￥5,800","￥6,000代",1,Mirrored,,,,藤沢勉,,,,
1988-01-01,アスキー,ぺんぎんくんウォーズ2,MSX2,-,2M,"￥6,800","￥7,000代",1,ASCII_16KB,,,,藤沢勉,,,,
1986-01-01,ビクター音産,ポイントX占領作戦,MSX,-,32K,"￥5,800","￥6,000代",1,*0,,,,,,,,
1986-01-01,システムソフト,ぼうけんろまん(冒険浪漫),MSX,-,32K,"￥4,800","￥5,000代",1,Standard(startat0x4000),,,,,,,,
1984-01-01,松下電器産業,ホームカルク,MSX,-,16K,"￥7,800","￥8,000代",1,Mirrored,,,,,,,,
1984-01-01,ＨＡＬ研究所,ホールインワン,MSX,-,16K,"￥4,800","￥5,000代",1,Mirrored,,,,,,,,
1985-01-01,ＨＡＬ研究所,ホールインワンプロフェッショナル,MSX,-,32K,"￥5,800","￥6,000代",1,Mirrored,,,,,,,,
1987-01-01,ＨＡＬ研究所,ホールインワンスペシャル,MSX2,-,1M,"￥5,600","￥5,500代",1,ASCII_16KB,,,,,,,,
1980-01-01,ポニーキャニオン,ボールブレイザー,不明,-,不明,￥,￥0代,1,?,,,,,,,リック・ルービン|マイク・フレイザー,
1984-01-01,日本コロムビア,ボギー'84,MSX,-,8K,"￥4,800","￥5,000代",1,Mirrored,,,,,,,,
1984-01-01,アスキー,ボコスカウォーズ,MSX,-,16K,"￥4,800","￥5,000代",1,Mirrored,,,,住井浩司,,,,
1984-01-01,ナムコ,ボスコニアン,MSX,-,32K,"￥4,500","￥4,500代",1,Mirrored,,,黒須一雄,佐藤誠市|横山茂|澤野和則|小野浩,大野木宜幸,,,
1984-01-01,マスティール,ポパック・ザ・フィッシュ,MSX,-,16K,"￥4,800","￥5,000代",1,Mirrored,,,,,,,,
1985-01-01,ポニーキャニオン,ポリスストーリー,MSX,-,32K,"￥4,900","￥5,000代",1,Mirrored,,,,,マイケル・ライ,エドワード・タン|ジャッキー・チェン,,
1987-01-01,クリスタルソフト,ボルフェスと5人の悪魔,MSX,-,1M,"￥5,800","￥6,000代",1,ASCII_16KB,,,,,,,,
1988-01-01,ハドソン,ボンバーキング,MSX,-,1M,"￥6,200","￥6,000代",1,ASCII_8KB,,おおたひろし,笹川敏幸|おかだひろゆき,竹森得泰|山本次行|松浦浩司|輪島智美|桑原美生|増尾隆幸(パッケージデザイン),井上大介|国本剛章,,,
1983-01-01,ハドソン,ボンバーマン,MSX,-,8K,"￥4,800","￥5,000代",1,Mirrored,,,,,,,,
1986-01-01,ハドソン,ボンバーマンスペシャル,MSX,-,32K,"￥4,800","￥5,000代",1,Mirrored,,,中本伸一,,竹間淳,,,
1984-01-01,コナミ,ぽんぽこぱん(comicbakery),MSX,-,16K,"￥4,800","￥5,000代",1,Mirrored,,,,,,,,
1989-01-01,デービーソフト,マース,MSX2,-,1M,"￥6,800","￥7,000代",1,ASCII_16KB,,,,,,,,
1983-01-01,ソニー,マウザー,MSX,-,16K,"￥4,500","￥4,500代",1,Mirrored,,,,,,,,
1988-01-01,東芝/東芝ＥＭＩ,マグナム危機一髪エンパイアシティ1931,MSX,-,1M,"￥5,800","￥6,000代",1,ASCII_16KB,,,,,,,,
1984-01-01,コナミ,マジカルツリー,MSX,-,16K,"￥4,800","￥5,000代",1,Mirrored,,,,,,,渡辺弘|吉岡正敏,
1985-01-01,ポニーキャニオン,マスターオブザランプ,MSX,-,不明,"￥4,800","￥5,000代",1,?,,,,,,,,
1987-01-01,キャリーソフト,マッドライダー,MSX2,-,1M,"￥6,200","￥6,000代",1,ASCII_8KB,,,,,金指英樹,,,
1984-01-01,ナムコ,マッピー,MSX,-,32K,"￥4,500","￥4,500代",1,Mirrored,,,大野木宜幸|黒須一雄,佐藤英治(企画)|佐藤茂(基板設計)|小野浩(ドットデザイン),大野木宜幸,,,
1988-01-01,ポニーキャニオン,マラヤの秘宝,MSX2,-,1M,"￥5,800","￥6,000代",1,ASCII_16KB,,,,,,,,
1983-01-01,アスキー,マリンバトル,MSX,-,16K,"￥4,800","￥5,000代",1,Basic(startat0x8000),,,,,,,,
1986-01-01,ビクター音産,ミクとしおりのニャンニャンプロレス,MSX,-,32K,"￥5,800","￥6,000代",1,Mirrored,,,,,,,,
1980-01-01,草思社,ミケランジェロⅡ,MSX2,-,1M,￥,￥0代,1,?,,,,,,,,
1987-01-01,ジャレコ,ミシシッピー殺人事件,MSX2,-,1M,"￥6,800","￥7,000代",1,ASCII_8KB,,,,アダム・ベリン|ヒラリー・ミルス,エド・ボガス(英語版),ロブ・スウィガート,ブラッド・フレガー(英語版),
1984-01-01,ソニー,ミスタードゥvsユニコーンズ,MSX,-,16K,"￥4,500","￥4,500代",1,Mirrored,,,,,,,,
1987-01-01,松下電器産業,ミセスパック,MSX2,-,1M,"￥9,800","￥10,000代",1,?,,,,,,,,
1983-01-01,ウェイリミット,ミッドナイトビルディング,MSX,-,16K,"￥4,800","￥5,000代",1,Mirrored,,,,,,,,
1986-01-01,ソニー,ミッドナイトブラザーズずっこけ探偵,MSX,-,32K,"￥4,800","￥5,000代",1,Mirrored,,,,,,,,
1985-01-01,ナムコ,ミニゴルフ,MSX,-,16K,"￥4,500","￥4,500代",1,Mirrored,,,,,,,,
1984-01-01,リットーミュージック,ミュージック・ハーモナイザー3,MSX,-,16K,"￥4,800","￥5,000代",1,Basic(startat0x8000),,,,,,,,
1984-01-01,ＨＡＬ研究所,ミュージックエディタMUE,MSX,-,16K,"￥4,800","￥5,000代",1,Mirrored,,,,,,,,
1984-01-01,東芝/東芝ＥＭＩ,ミュージックエディター,MSX,-,不明,￥,￥0代,1,?,,,,,,,,
1985-01-01,ソニー,ミュージックスタジオG7,MSX,-,不明,"￥6,800","￥7,000代",1,Mirrored,,,,,,,,
1986-01-01,キャンドゥ,ミュージックワープロMUSICIAN,MSX,-,不明,"￥7,800","￥8,000代",1,?,,,,,,,,
1984-01-01,電波新聞社,ムーンパトロール,MSX,-,16K,"￥4,500","￥4,500代",1,Mirrored,,,,西山隆志,,,スコット津村,
1983-01-01,アスキー,ムーンランディング,MSX,-,16K,"￥4,800","￥5,000代",1,Basic(startat0x8000),,,,,,,,
1984-01-01,ZAP,メーニーズ,MSX,-,16K,"￥4,800","￥5,000代",1,Mirrored,,,,,,,,
1983-01-01,ゼネラル,メガロポリスSOS,MSX,-,16K,"￥4,800","￥5,000代",1,*0,,,,,,,,
1987-01-01,マイクロキャビン,めぞん一刻想いでのフォトグラフ,MSX2,-,2M,"￥6,800","￥7,000代",1,ASCII_8KB,,,,,,,,
1988-01-01,マイクロキャビン,めぞん一刻完結編さよなら､そして…,MSX2,-,4M,"￥7,800","￥8,000代",1,ASCII_8KB,,,,,,,,
1987-01-01,コナミ,メタルギア,MSX2,-,1M,"￥5,800","￥6,000代",1,Konami48KB(noSCC),,,福井博幸|大塚友則,小島秀夫|たばたまさみ|ふじもとあずさ,水谷郁|たけのうちしげひろ|古川元亮,,,
1990-01-01,コナミ,メタルギア2ソリッドスネーク,MSX2,-,4M,"￥9,800","￥10,000代",1,Konami58KB(SCC),,,,小島秀夫,碇子正広|泉陸奥彦|倉橋裕子|冨田朋也|上原和彦|竹ノ内裕治|関戸剛,小島秀夫,,
1987-01-01,システムサコム,メルヘンヴェールI,MSX,-,1M,"￥5,800","￥6,000代",1,ASCII_8KB,,佐藤浩一,堀本幸男,堀本幸男|いしいたつや|いしいみゆき,佐藤浩一,,,
1986-01-01,カシオ,モアイの秘宝,MSX,-,32K,"￥4,800","￥5,000代",1,Mirrored,,,,,,,,
1986-01-01,レーベンプロ,もーかりまっか？ぼちぼちでんなっ!,MSX,-,32K,￥,￥0代,1,Mirrored,,,,,,,,
1986-01-01,ビクター音産,モールモール,MSX,-,不明,"￥5,800","￥6,000代",1,?,,,,,,,,
1987-01-01,ビクター音産,モールモール2,MSX,-,32K,"￥5,800","￥6,000代",1,Mirrored,,,,,,,,
1985-01-01,カシオ,モピレンジャー,MSX,-,16K,"￥4,800","￥5,000代",1,?,,,,,,,,
1985-01-01,コナミ,モピレンジャー,MSX,-,16K,"￥4,800","￥5,000代",1,Mirrored,,,,,,,,
1989-01-01,ＧＡ夢／HOT-B,モンモンモンスター(悶々怪物),MSX2,-,1M,"￥6,800","￥7,000代",1,ASCII_8KB,,,,,,,,
1984-01-01,コナミ,モン太君のいち・に・さんすう(MONKYACADEMY),MSX,-,16K,"￥4,800","￥5,000代",1,Mirrored,,,,,,,,
1987-01-01,ウルフチーフ,ヤシャ(YAKSA),MSX2,-,2M,￥,￥0代,1,ASCII_8KB,,,,,,,,
1987-01-01,パック・イン・ビデオ,ヤングシャーロックドイルの遺産,MSX,-,1M,"￥5,800","￥6,000代",1,ASCII_8KB,,,,,,,,
1985-01-01,ヤマハ,ユニットコネクタ,MSX,-,不明,"￥7,800","￥8,000代",1,?,,,,,,,,
1992-01-01,光栄,ヨーロッパ戦線,MSX2,-,8M,"￥12,800","￥13,000代",1,koei+SRAM,,,,,大野雄二,,シブサワ・コウ,
1983-01-01,アスキー,ライズアウト,MSX,-,16K,"￥4,800","￥5,000代",1,Mirrored,,,,,,,,
1988-01-01,タイトー／ニデコ,ラスタンサーガ,MSX2,-,2M,"￥5,800","￥6,000代",1,ASCII_8KB,,小林よしのり,小林よしのり|とみたかひであき|たかはしとおる|かざまひでお,西村年幸|西村年幸|讃岐平|河上聖治|栗城源也,八木下直人|高木正彦,,小林よしのり,
1984-01-01,アスキー,ラダービルディング,MSX,-,16K,"￥4,800","￥5,000代",1,Basic(startat0x8000),,,,,,,,
1987-01-01,パック・イン・ビデオ,ラビリンス魔王の迷宮,MSX2,-,2M,"￥6,800","￥7,000代",1,ASCII_8KB,,,,,トレヴァー・ジョーンズ,テリー・ジョーンズ,,
1986-01-01,デービーソフト,らぷてっく2,MSX,-,32K,"￥4,900","￥5,000代",1,Mirrored,,,,,,,,
1986-01-01,ブラザー工業,ラリー,MSX,-,不明,"￥4,200","￥4,000代",1,?,,,,,,,,
1984-01-01,ナムコ,ラリーX,MSX,-,16K,"￥4,500","￥4,500代",1,Mirrored,,,黒須一雄,澤野和則|伊藤博仁|山下正,甲斐敏夫|大野木宜幸,,,
1990-01-01,光栄,ランペルール,MSX2,-,4M,￥,￥0代,1,koei+SRAM,,,,,石黒彰,,シブサワ・コウ,
1985-01-01,パック・イン・ビデオ,ランボー,MSX,ACT,32K,"￥5,800","￥6,000代",1,Mirrored,,,,,ジェリー・ゴールドスミス,ディヴィッド・マレル|『一人だけの軍隊』,,
1983-01-01,タカラ,リアルテニス,MSX,-,8K,"￥4,800","￥5,000代",1,Mirrored,,,,,,,,
1987-01-01,キャリーラボ,リターンオブジェルダ,MSX2,-,1M,"￥5,800","￥6,000代",1,ASCII_8KB,,,,,,,,
1987-01-01,ハミングバードソフト,りっくとみっくの大冒険,MSX2,-,1M,"￥5,800","￥6,000代",1,ASCII_8KB,,,,,ナオト・インティライミ(作詞・作曲),,,
1984-01-01,ポニーキャニオン,リバーレイド,MSX,-,16K,"￥4,800","￥5,000代",1,Mirrored,,,,,,,,
1983-01-01,ポニーキャニオン,ルナーボール,MSX,-,32K,"￥4,900","￥5,000代",1,Mirrored,,仁井谷正充,新谷憲司,新谷憲司,宮本昌知,,,
1987-01-01,東宝,ルパン3世カリオストロの城,MSX2,-,1M,"￥6,800","￥7,000代",1,ASCII_8KB,,,,,大野雄二,モンキー・パンチ,,
1988-01-01,東宝,ルパン3世バビロンの黄金伝説,MSX2,-,1M,"￥6,400","￥6,500代",1,ASCII_8KB,,,,,大野雄二,モンキー・パンチ,,
1985-01-01,イエローホーン,レッドゾーン,MSX,-,16K,"￥4,800","￥5,000代",1,Mirrored,,,,,,,,
1987-01-01,ソニー,レプリカート,MSX2,-,1M,"￥5,800","￥6,000代",1,ASCII_8KB,,HIROSHI,WATANABE CYCLING KID|SAKATA NO KINTOKI|MEERKAT,くすもとひろき|くすもとひろき|園田健一,さかたつよし|HIROSHI,,くすもとひろき,
1986-01-01,ボースティック,レリクス,MSX2,-,2M,"￥7,200","￥7,000代",1,ASCII_8KB,,,,,,,,
1986-01-01,ボースティック,レリクス,MSX,-,1M,￥,￥0代,1,ASCII_8KB,,,,,,,,
1991-01-01,光栄,ロイヤルブラッド,MSX2,-,8M,￥,￥0代,1,koei+SRAM,,,,,伊藤ヨシユキ|新田真澄,,シブサワ・コウ,
1984-01-01,アスキー,ローターズ,MSX,-,16K,"￥4,800","￥5,000代",1,Basic(startat0x8000),,,,,,,,
1983-01-01,アスキー,ロードオーバー,MSX,-,16K,"￥4,800","￥5,000代",1,Basic(startat0x8000),,,,,チャック・ベリー,,".mw-parser-output .hlist dl|.mw-parser-output .hlist ol|.mw-parser-output .hlist ul{margin:0;padding:0}.mw-parser-output .hlist dd|.mw-parser-output .hlist dt|.mw-parser-output .hlist li{margin:0;display:inline-block;word-break:keep-all}.mw-parser-output .hlist.inline|.mw-parser-output .hlist.inline dl|.mw-parser-output .hlist.inline ol|.mw-parser-output .hlist.inline ul|.mw-parser-output .hlist dl dl|.mw-parser-output .hlist dl ol|.mw-parser-output .hlist dl ul|.mw-parser-output .hlist ol dl|.mw-parser-output .hlist ol ol|.mw-parser-output .hlist ol ul|.mw-parser-output .hlist ul dl|.mw-parser-output .hlist ul ol|.mw-parser-output .hlist ul ul{display:inline}.mw-parser-output .hlist .mw-empty-li{display:none}.mw-parser-output .hlist dt::after{content:"": ""}.mw-parser-output .hlist dd:after|.mw-parser-output .hlist li:after{content:"" ·\a0 "";font-weight:bold}.mw-parser-output .hlist-pipe dd:after|.mw-parser-output .hlist-pipe li:after{content:"" |\a0 "";font-weight:normal}.mw-parser-output .hlist-hyphen dd:after|.mw-parser-output .hlist-hyphen li:after{content:"" -\a0 "";font-weight:normal}.mw-parser-output .hlist-comma dd:after|.mw-parser-output .hlist-comma li:after{content:""|"";font-weight:normal}.mw-parser-output .hlist-slash dd:after|.mw-parser-output .hlist-slash li:after{content:"" /\a0 "";font-weight:normal}.mw-parser-output .hlist dd:last-child:after|.mw-parser-output .hlist dt:last-child:after|.mw-parser-output .hlist li:last-child:after{content:none}.mw-parser-output .hlist dd dd:first-child:before|.mw-parser-output .hlist dd dt:first-child:before|.mw-parser-output .hlist dd li:first-child:before|.mw-parser-output .hlist dt dd:first-child:before|.mw-parser-output .hlist dt dt:first-child:before|.mw-parser-output .hlist dt li:first-child:before|.mw-parser-output .hlist li dd:first-child:before|.mw-parser-output .hlist li dt:first-child:before|.mw-parser-output .hlist li li:first-child:before{content:""("";font-weight:normal}.mw-parser-output .hlist dd dd:last-child:after|.mw-parser-output .hlist dd dt:last-child:after|.mw-parser-output .hlist dd li:last-child:after|.mw-parser-output .hlist dt dd:last-child:after|.mw-parser-output .hlist dt dt:last-child:after|.mw-parser-output .hlist dt li:last-child:after|.mw-parser-output .hlist li dd:last-child:after|.mw-parser-output .hlist li dt:last-child:after|.mw-parser-output .hlist li li:last-child:after{content:"")\a0 "";font-weight:normal}.mw-parser-output .hlist ol{counter-reset:listitem}.mw-parser-output .hlist ol>li{counter-increment:listitem}.mw-parser-output .hlist ol>li:before{content:"" ""counter(listitem)""\a0 ""}.mw-parser-output .hlist dd ol>li:first-child:before|.mw-parser-output .hlist dt ol>li:first-child:before|.mw-parser-output .hlist li ol>li:first-child:before{content:""(""counter(listitem)""\a0 ""}レナード・チェスフィル・チェス",
1985-01-01,カシオ,ロードファイター,MSX,-,16K,"￥4,800","￥5,000代",1,?,,,,,佐々木嘉則,,,
1985-01-01,コナミ,ロードファイター,MSX,-,16K,"￥4,800","￥5,000代",1,Mirrored,,,,,佐々木嘉則,,,
1984-01-01,ソニー,ロードランナー,MSX,-,32K,"￥5,800","￥6,000代",1,Mirrored,,,,ダグラス・E・スミス,,,,
1984-01-01,ソニー,ロードランナーII,MSX,-,32K,"￥5,800","￥6,000代",1,Mirrored,,,,,,,,
1984-01-01,ＨＡＬ研究所,ローラーボール,MSX,-,16K,"￥4,800","￥5,000代",1,Mirrored,,,,,,,,
1980-01-01,ＨＡＬ研究所,ロケットロジャー,不明,-,不明,￥,￥0代,1,?,,,,,,,,
1985-01-01,ポニーキャニオン,ロックンボルト,MSX,-,16K,"￥4,800","￥5,000代",1,Mirrored,,,,,,,,
1986-01-01,徳間書店／テクノポリス,ロットロット,MSX,-,32K,"￥4,800","￥5,000代",1,Mirrored,,,,,,,,
1987-01-01,マイクロネット,ロボレス2001年(ROBOWRES2001),MSX,-,1M,"￥5,800","￥6,000代",1,ASCII_16KB,,,,,,,,
1986-01-01,ファルコム,ロマンシア,MSX,-,1M,"￥5,800","￥6,000代",1,ASCII_16KB,,,木屋善夫|秋葉紀好,木屋善夫|山根朝郎,阿部隆人|古代祐三,五十嵐哲也,,
1986-01-01,ファルコム,ロマンシア,MSX2,-,1M,"￥5,800","￥6,000代",1,ASCII_16KB,,,木屋善夫|秋葉紀好,木屋善夫|山根朝郎,阿部隆人|古代祐三,五十嵐哲也,,
1985-01-01,ソニー,ワードランド文II,MSX,-,不明,"￥14,800","￥15,000代",1,?,,,,,,,,
1985-01-01,ソニー,ワードランド文II,MSX2,-,不明,￥,￥0代,1,?,,,,,,,,
1984-01-01,ナムコ,ワープ＆ワープ,MSX,-,8K,"￥4,500","￥4,500代",1,Mirrored,,,深谷正一|大森田不可止,小野浩,慶野由利子|小沢純子|大野木宜幸,,,
1985-01-01,日本コロムビア,ワイルドキャット,MSX,-,不明,"￥4,800","￥5,000代",1,?,,,,,,,,
1984-01-01,コナミ,わんぱくアスレチック(ATHLETICLAND),MSX,-,16K,"￥4,800","￥5,000代",1,Mirrored,,,,,,,,
1988-01-01,マイクロキャビン,亜空戦記グリフォン,MSX2,-,2M,"￥6,800","￥7,000代",1,?,,,,,,,,
1986-01-01,コナミ,悪魔城ドラキュラ(VAMPIREKILLER),MSX2,-,1M,"￥5,800","￥6,000代",1,Konami48KB(noSCC),,,,,,,,
1980-01-01,東芝/東芝ＥＭＩ,宛名書き,不明,-,不明,￥,￥0代,1,?,,,,,,,,
1986-01-01,カシオ,闇の竜王ハデスの紋章,MSX,-,32K,"￥4,800","￥5,000代",1,Mirrored,,,,,,,,
1985-01-01,カシオ,伊賀忍法帖,MSX,-,16K,"￥4,800","￥5,000代",1,Mirrored,,,,,,,,
1986-01-01,カシオ,伊賀忍法帖満月城の戦い,MSX,-,32K,"￥4,800","￥5,000代",1,Mirrored,,,,,,,,
1991-01-01,光栄,伊忍道打倒信長,MSX2,-,8M,￥,￥0代,1,koei+SRAM,,,,,若桑比織,,シブサワ・コウ,
1988-01-01,パック・イン・ビデオ,井出洋介名人の実戦麻雀,MSX2,-,1M,"￥6,800","￥7,000代",1,ASCII_8KB,,,,,,,,
1987-01-01,カシオ,一寸法師のどんなもんだい,MSX,-,32K,"￥4,800","￥5,000代",1,Mirrored,,,,,,,,
1989-01-01,光栄,維新の嵐,MSX2,-,4M,￥,￥0代,1,koei+SRAM,,,,,菅野よう子|山本光男,,シブサワ・コウ,
1985-01-01,東芝/東芝ＥＭＩ,宇宙戦士「隼」(MOONSWEEPER),MSX,-,32K,"￥4,800","￥5,000代",1,Mirrored,,,,,,,,
1986-01-01,タイトー／ニデコ,影の伝説,MSX,-,32K,"￥4,900","￥5,000代",1,Mirrored,,,,,小倉久佳,,,
1984-01-01,ＨＡＬ研究所,泳いでタンゴ,MSX,-,8K,"￥4,800","￥5,000代",1,Mirrored,,,,,,,,
1986-01-01,東芝/東芝ＥＭＩ,英文ワードプロセッサ,MSX,-,不明,"￥7,800","￥8,000代",1,Mirrored,,,,,,,,
1985-01-01,東芝/東芝ＥＭＩ,王家の谷(KING'SVALLEY),MSX,-,16K,"￥4,800","￥5,000代",1,?,,,,,,,,
1985-01-01,カシオ,王家の谷(KING'SVALLEY),MSX,-,16K,"￥4,800","￥5,000代",1,?,,,,,,,,
1985-01-01,コナミ,王家の谷(KING'SVALLEY),MSX,-,16K,"￥4,800","￥5,000代",1,Mirrored,,,,,,,,
1988-01-01,コナミ,王家の谷エルギーザの封印(KING'SVALLEYII),MSX2,-,1M,"￥5,800","￥6,000代",1,Konami58KB(SCC),,,,,,,,
1988-01-01,コナミ,王家の谷2エルギーザの封印(KING'SVALLEYII),MSX,-,1M,"￥5,800","￥6,000代",1,Konami58KB(SCC),,,,,,,,
1984-01-01,リットーミュージック,音感トレーニング,MSX,-,不明,"￥4,800","￥5,000代",1,?,,,,,,,,
1987-01-01,コナミ,火の鳥鳳凰編,MSX2,-,1M,"￥5,800","￥6,000代",1,Konami48KB(noSCC),,LOVELY HIDEKI,LOVELY HIDEKI,霜出健治,水谷郁|前沢秀憲|山下絹代,,,
1984-01-01,東芝/東芝ＥＭＩ,花札,MSX,-,32K,"￥6,800","￥7,000代",1,Mirrored,,,,,,,,
1984-01-01,RAMソフト,花札コイコイ,MSX,-,16K,"￥4,800","￥5,000代",1,Mirrored,,,,,,,,
1987-01-01,ザインソフト,牙龍王,MSX2,-,2M,"￥6,400","￥6,500代",1,ASCII_8KB,,,,,,,,
1986-01-01,東芝/東芝ＥＭＩ,絵葉書用ワープロ,MSX2,-,不明,"￥9,800","￥10,000代",1,?,,,,,,,,
1988-01-01,グレイト,学園物語,MSX2,-,2M,￥,￥0代,1,ASCII_16KB,,,,,,,,
1980-01-01,ストラッドフォード,楽しい算数,不明,-,不明,￥,￥0代,1,?,,Anton Prydatko(Guy),Anton Prydatko|Alexander J. Lin|Matthew Dale|Michael Miko,Character Design :|シエラ|Visual Design :|Anton Prydatko(Guy)|Sound Design :|ak+q|N²|Design Support :|Khronetic,,,Anton Prydatko(Guy),
1985-01-01,ビクター音産,漢字ROM,MSX,-,1M,"￥29,800","￥30,000代",1,Mirrored,,,,,,,,
1985-01-01,ヤマハ,漢字カセットラベラ,MSX,-,不明,"￥7,800","￥8,000代",1,?,,,,,,,,
1986-01-01,東芝/東芝ＥＭＩ,漢字テロッパ,MSX,-,不明,"￥25,000","￥25,000代",1,?,,,,,,,,
1984-01-01,ヤマハ,漢字ワープロユニット,MSX,-,不明,"￥49,800","￥50,000代",1,?,,,,,,,,
1984-01-01,松下電器産業,漢字ワープロユニット,MSX,-,不明,"￥49,800","￥50,000代",1,?,,,,,,,,
1985-01-01,ヤマハ,漢字住所録,MSX,-,不明,"￥7,800","￥8,000代",1,?,,,,,,,,
1985-01-01,ヤマハ,漢字枠組自在,MSX,-,不明,"￥9,800","￥10,000代",1,?,,,,,,,,
1985-01-01,マイクロキャビン,管理馬券,MSX,-,不明,"￥3,500","￥3,500代",1,?,,,,,,,,
1984-01-01,ハドソン,簡易言語データ君,MSX,-,不明,"￥12,800","￥13,000代",1,?,,,,,,,,
1985-01-01,ソニー,頑張れトラックボーイペイロード,MSX,-,32K,"￥4,900","￥5,000代",1,Mirrored,,,,,,,,
1987-01-01,ソニー,奇々怪界,MSX2,-,1M,"￥5,800","￥6,000代",1,ASCII_8KB,,波多野幹夫,石田一朋|佐々木大輔,薮崎久也|西村年幸|三方一哉,小倉久佳(ZUNTATA),,,
1987-01-01,ソニー,棋聖,MSX2,-,1M,"￥6,800","￥7,000代",1,ASCII_8KB+SRAM,,,,,,,,
1984-01-01,バンダイ,機動戦士ガンダム,MSX,-,16K,"￥4,800","￥5,000代",1,Mirrored,,,,安彦良和|大河原邦男,渡辺岳夫|松山祐士,星山博之|松崎健一|荒木芳久|山本優|富野喜幸,,
1986-01-01,ＨＡＬ研究所,機動惑星スティルス,MSX,-,32K,"￥5,600","￥5,500代",1,Mirrored,,,,,,,,
1987-01-01,チャンピオンソフト,詰碁120関西棋院監修,MSX,-,1M,"￥8,000","￥8,000代",1,ASCII_16KB,,,,,,,,
1988-01-01,ポニーキャニオン,居眠り流阿佐田哲也のA級麻雀,MSX2,-,1M,"￥5,800","￥6,000代",1,ASCII_16KB,,,,,,,,
1984-01-01,バンダイ,銀河漂流バイファム,MSX,-,16K,"￥4,800","￥5,000代",1,*0,,,,芦田豊雄|大河原邦男,渡辺俊幸,神田武幸|星山博之|原案:矢立肇|富野由悠季,,
1985-01-01,東芝/東芝ＥＭＩ,軍人将棋軍神マース,MSX,-,32K,"￥4,800","￥5,000代",1,Mirrored,,,,,,,,
1986-01-01,エニックス,軽井沢誘拐案内,MSX,-,1M,"￥5,800","￥6,000代",1,ASCII_8KB,,堀井雄二,堀井雄二,堀井雄二,,堀井雄二,,
1989-01-01,コナミ,激突ペナントレース2,MSX2,-,1M,"￥6,800","￥7,000代",1,Konami58KB(SCC),,,,,,,,
1986-01-01,カシオ,賢者の石,MSX,-,32K,"￥4,800","￥5,000代",1,Mirrored,,,,,,,,
1984-01-01,東芝/東芝ＥＭＩ,五目ならべ,MSX,-,16K,"￥5,800","￥6,000代",1,Mirrored,,,,,,,,
1984-01-01,東芝/東芝ＥＭＩ,功夫大君,MSX,-,16K,"￥4,800","￥5,000代",1,Mirrored,,,,,,,,
1988-01-01,ポニーキャニオン,孔雀王,MSX2,-,2M,"￥5,800","￥6,000代",1,?,,,,越智博之(1)|摩砂雪(2)|岸田隆宏(3)|小池健|阿部恒,,荻野真,,
1986-01-01,ハドソン,高橋名人の冒険島,MSX,-,32K,"￥4,800","￥5,000代",1,Mirrored,,,,,,,,
1989-01-01,コナミ,魂斗羅,MSX2,-,1M,"￥5,800","￥6,000代",1,Konami58KB(SCC),,廣下宏治,岡本覚|辻本英之|KOICHI COBRA,中村健吾,村岡一樹,,,
1987-01-01,コナミ,沙羅曼蛇,MSX,-,1M,"￥6,800","￥7,000代",1,Konami58KB(SCC),,,町口浩康|たけもとみつお|高取利明|みのわいくこ,町口浩康|櫻井潤|よしたかみき|ばんどういくこ,波多野よしあき(SE・プログラム)|東野美紀(作曲),,,
1988-01-01,マイクロキャビン,殺人倶楽部,MSX2,-,4M,￥,￥0代,1,ASCII_8KB,,,,,,,,
1989-01-01,ナツメ,三つ目がとおる,MSX,-,1M,"￥7,800","￥8,000代",1,ASCII_8KB,,,,清山滋崇|宇田川一彦|山根公利,渡辺俊幸,手塚治虫(原作)|藤澤勇希(脚本),,
1986-01-01,光栄,三國志,MSX,-,2M,"￥12,800","￥13,000代",1,koei+SRAM,,,,,,,,
1988-01-01,光栄,三國志,MSX2,-,4M,￥,￥0代,1,koei+SRAM,,,,,,,,
1991-01-01,光栄,三國志Ⅱ,MSX2,-,8M,￥,￥0代,1,koei+SRAM,,,,,向谷実,,シブサワ・コウ,
1986-01-01,カシオ,仔猫の大冒険チビちゃんがいく,MSX,-,32K,"￥4,800","￥5,000代",1,Mirrored,,,,,,,,
1985-01-01,松下電器産業,辞書データ,MSX,-,1M,￥,￥0代,1,[辞書データ] rom,,,,,,,,
1987-01-01,システムソフト,上海,MSX2,-,1M,￥,￥0代,1,ASCII_16KB,,,,,,,,
1987-01-01,ビクター音産,死霊戦線,MSX2,-,2M,"￥8,800","￥9,000代",1,ASCII_8KB+SRAM,,,,,,,,
1984-01-01,ソニー,実戦四人麻雀,MSX,-,16K,"￥4,000","￥4,000代",1,Mirrored,,,,,,,,
1985-01-01,松下電器産業,住所録/名刺管理ソフト,MSX,-,不明,"￥8,800","￥9,000代",1,?,,,,,,,,
1986-01-01,ソニー,渋滞パニックトラフィック,MSX,-,不明,"￥4,900","￥5,000代",1,?,,,,,,,,
1987-01-01,ランダムハウス,獣神ローガス,MSX,-,不明,"￥5,800","￥6,000代",1,?,,,,,,,,
1985-01-01,ポニーキャニオン,将棋,MSX,-,32K,"￥4,900","￥5,000代",1,Mirrored,,,,,,,,
1985-01-01,マイクロ・キャビン,将棋(SHOGI),MSX,-,16K,￥,￥0代,1,Mirrored,,,,,,,,
1985-01-01,東芝/東芝ＥＭＩ,将棋名人,MSX,-,32K,"￥5,800","￥6,000代",1,Mirrored,,,,,,,,
1987-01-01,日本デクスタ,将軍,MSX,-,1M,"￥7,800","￥8,000代",1,ASCII_8KB+SRAM,,,,,,,,
1989-01-01,光栄,信長の野望戦国群雄伝,MSX2,-,4M,"￥11,800","￥12,000代",1,koei+SRAM,,,,,菅野よう子|山本光男,,シブサワ・コウ,
1991-01-01,光栄,信長の野望武将風雲録,MSXTurboR,-,8M,"￥11,800","￥12,000代",1,koei+SRAM,,,,,菅野よう子,,シブサワ・コウ,
1987-01-01,光栄,信長の野望全国版,MSX2,-,4M,"￥9,800","￥10,000代",1,koei+SRAM,,,,,菅野よう子,,シブサワ・コウ,
1987-01-01,光栄,信長の野望全国版,MSX,-,2M,"￥9,800","￥10,000代",1,koei+SRAM,,,,,菅野よう子,,シブサワ・コウ,
1986-01-01,コナミ,新世SIZER,MSX,-,32K,"￥6,800","￥7,000代",1,[新世SIZER] rom,,,,,,,,
1986-01-01,東芝/東芝ＥＭＩ,森田和郎のオセロ,MSX,-,32K,"￥4,900","￥5,000代",1,Mirrored,,Anton Prydatko(Guy),Anton Prydatko|Alexander J. Lin|Matthew Dale|Michael Miko,Character Design :|シエラ|Visual Design :|Anton Prydatko(Guy)|Sound Design :|ak+q|N²|Design Support :|Khronetic,,,Anton Prydatko(Guy),
1985-01-01,東芝/東芝ＥＭＩ,人魚伝説,MSX,-,32K,"￥4,800","￥5,000代",1,Mirrored,,,,,作詞: 岡田冨美子|作曲: 浜圭介,,,
1989-01-01,光栄,水滸伝天命の誓い,MSX2,-,4M,￥,￥0代,1,koei+SRAM,,,,,木下伸司|三井一正|滝沢洋一,,シブサワ・コウ,
1984-01-01,タイトー／ニデコ,雀フレンド,MSX,-,16K,"￥4,800","￥5,000代",1,*0,,,,,,,,
1985-01-01,宇宙堂,雀華,MSX,-,16K,"￥4,800","￥5,000代",1,Mirrored,,,,,,,,
1986-01-01,ソニー,雀聖,MSX2,-,1M,"￥6,800","￥7,000代",1,ASCII_16KB+SRAM,,,,,ラミン・ジャヴァディ,デイヴィッド・ベニオフ | D・B・ワイス,,
1987-01-01,テクノソフト,雀友,MSX,-,32K,"￥5,400","￥5,500代",1,Mirrored,,,,,,,,
1987-01-01,ピクセル,生命惑星M36生きていたマザーブレイン,MSX,-,1M,"￥5,800","￥6,000代",1,ASCII_8KB,,,,,,,,
1987-01-01,ソニー,聖飢魔IIスペシャル悪魔の逆襲,MSX2,-,1M,"￥5,800","￥6,000代",1,ASCII_8KB,,,,,,,,
1985-01-01,アイレム／アスキー,聖拳アチョー,MSX,-,32K,"￥5,800","￥6,000代",1,Mirrored,,,,西山隆志[注 1],,,津村建二,
1987-01-01,アスキー,戦場の狼,MSX,-,1M,"￥5,800","￥6,000代",1,ASCII_8KB,,,,藤原得郎,河本圭代,,,
1986-01-01,アスキー,戦場の狼,MSX2,-,1M,"￥5,980","￥6,000代",1,?,,,,藤原得郎,河本圭代,,,
1984-01-01,アスキー,倉庫番,MSX,-,16K,"￥4,800","￥5,000代",1,Mirrored,,,,今林宏行,,,,
1985-01-01,ポニーキャニオン,窓ふき会社のスイングくん,MSX,-,16K,"￥4,800","￥5,000代",1,Mirrored,,,,,,,,
1992-01-01,光栄,蒼き狼と白き牝鹿元朝秘史,MSX2,-,8M,￥,￥0代,1,koei+SRAM,,,,,大島ミチル,,シブサワ・コウ,
1988-01-01,光栄,蒼き狼と白き牝鹿ジンギスカン,MSX,-,2M,"￥9,800","￥10,000代",1,koei+SRAM,,,,,菅野よう子,,シブサワ・コウ,
1988-01-01,光栄,蒼き狼と白き牝鹿ジンギスカン,MSX2,-,4M,￥,￥0代,1,koei+SRAM,,,,,菅野よう子,,シブサワ・コウ,
1986-01-01,マイクロキャビン,大戦略,MSX2,-,1M,￥,￥0代,1,ASCII_16KB+SRAM,,,,,,,,
1987-01-01,ファルコム,太陽の神殿アステカⅡ,MSX2,-,2M,"￥7,800","￥8,000代",1,ASCII_8KB,,加藤正幸,橋本昌哉,山根ともお|横山宏,阿部隆人,宮本恒之,,
1990-01-01,光栄,大航海時代,MSX2,-,4M,￥,￥0代,1,koei+SRAM,,,,,,,,
1984-01-01,カシオ,大障害競馬,MSX,-,16K,"￥4,800","￥5,000代",1,Mirrored,,,,,,,,
1985-01-01,キャリーラボ,大脱走,MSX,-,32K,￥,￥0代,1,Mirrored,,,,,エルマー・バーンスタイン,ポール・ブリックヒル,,
1986-01-01,ポニーキャニオン,谷川浩司の将棋指南,MSX,-,32K,"￥4,900","￥5,000代",1,Mirrored,,,,,,,,
1988-01-01,ポニーキャニオン,谷川浩司の将棋指南II名人への道,MSX2,-,1M,"￥5,500","￥5,500代",1,ASCII_8KB+SRAM,,,,,,,,
1980-01-01,ストラッドフォード,中学必修英作文,不明,-,不明,￥,￥0代,1,?,,,,,,,,
1987-01-01,ストラッドフォード,中学必修英文法[中学1年],MSX,-,32K,￥,￥0代,1,Mirrored,,,,,,,,
1985-01-01,ボースティック,超時空要塞マクロスカウントダウン,MSX,-,32K,"￥5,800","￥6,000代",1,Mirrored,,,,,,,,
1986-01-01,コスモスコンピュータ,超戦士ザイダーバトルオブペガス,MSX,-,32K,"￥5,800","￥6,000代",1,Mirrored,,,,,,,,
1988-01-01,クロスメディア,釣りキチ三平ブルーマリン編,MSX2,-,1M,"￥6,800","￥7,000代",1,ASCII_8KB,,,,,,,,
1989-01-01,ビクター音産,釣りキチ三平釣り仙人編,MSX2,-,2M,"￥8,200","￥8,000代",1,ASCII_8KB,,,,,,,,
1991-01-01,光栄,提督の決断,MSXTurboR,-,8M,"￥14,800","￥15,000代",1,koei+SRAM,,,,,宮川泰,シブサワ・コウ,シブサワ・コウ,
1987-01-01,タイトー／ニデコ,天国よいとこ,MSX2,-,1M,"￥5,800","￥6,000代",1,ASCII_8KB,,,,,,,,
1986-01-01,東芝/東芝ＥＭＩ,天才ラビアン大奮戦,MSX,-,32K,"￥4,900","￥5,000代",1,Mirrored,,,,,,,,
1987-01-01,ジャスト,天使たちの午後,MSX,-,32K,"￥5,800","￥6,000代",1,Mirrored,,,,,,,,
1987-01-01,BIT2,伝説の聖戦士アシュギーネ,MSX2,-,1M,"￥5,800","￥6,000代",1,ASCII_8KB,,,,,,,,
1987-01-01,ＳＮＫ,怒,MSX2,-,2M,"￥6,800","￥7,000代",1,ASCII_16KB,,,,,,,,
1986-01-01,アスキー,日本語MSX-Write,MSX,-,4M,"￥19,800","￥20,000代",1,ASCII_16KB,,,,,,,,
1988-01-01,アスキー,日本語ワードプロセッサMSX-WriteII,MSX2,-,4M,"￥19,800","￥20,000代",1,ASCII_8KB+SRAM,,,,,,,,
1986-01-01,東芝/東芝ＥＭＩ,日本語ワードプロセッサ漢字君II,MSX,-,不明,"￥14,800","￥15,000代",1,?,,,,,,,,
1987-01-01,ストラッドフォード,日本史年表,MSX,-,32K,￥,￥0代,1,Mirrored,,,,,,,,
1983-01-01,マイクロキャビン,忍者くん,MSX,-,16K,"￥4,800","￥5,000代",1,Mirrored,,,,,,,,
1987-01-01,ＨＡＬ研究所,忍者くん阿修羅の章,MSX2,-,1M,"￥5,600","￥5,500代",1,ASCII_8KB,,,西澤龍一|藤沢勉,西澤龍一|藤沢勉,,,,
1984-01-01,日本デクスタ,忍者くん魔城の冒険,MSX,-,32K,"￥5,700","￥5,500代",1,Mirrored,,,西澤龍一|藤沢勉,西澤龍一|藤沢勉,,,,
1986-01-01,日本デクスタ,忍者じゃじゃ丸くん,MSX,-,32K,"￥5,700","￥5,500代",1,Mirrored,,,,,,,関雅行,
1986-01-01,ポニーキャニオン,忍者プリンセス,MSX,-,32K,"￥4,900","￥5,000代",1,Mirrored,,,,川崎吉喜|小玉理恵子,,,,
1984-01-01,ハドソン,忍者影,MSX,-,16K,"￥4,800","￥5,000代",1,Mirrored,,,,,,,,
1989-01-01,ポニーキャニオン,熱血柔道,MSX2,-,2M,"￥6,800","￥7,000代",1,ASCII_8KB,,,,,,,,
1984-01-01,カシオ,熱戦甲子園,MSX,-,16K,"￥4,800","￥5,000代",1,Mirrored,,,,,,,,
1988-01-01,ジャレコ,燃えろ!!熱闘野球'88,MSX2,-,2M,"￥8,500","￥8,500代",1,ASCII_8KB,,,,,,,,
1987-01-01,KGD,覇邪の封印,MSX,-,1M,"￥7,800","￥8,000代",1,ASCII_8KB,,,,,堺香子,阿賀伸宏|鬼良あきら,,
1989-01-01,コナミ,牌の魔術師,MSX2,-,1M,"￥5,800","￥6,000代",1,[牌の魔術師] rom,,,,,,,,
1984-01-01,ソニー,爆走スタントレーシング(CARJAMBOREE),MSX,-,16K,"￥4,500","￥4,500代",1,Mirrored,,,,,,,,
1988-01-01,日本テレネット,反生命戦機アンドロギュヌス,MSX2,-,2M,"￥7,800","￥8,000代",1,ASCII_16KB,,,,,,,,
1985-01-01,マイクロキャビン,飛車,MSX,-,16K,￥,￥0代,1,Mirrored,,,,,,,,
1985-01-01,カシオ,描きくけコン,MSX,-,16K,"￥4,800","￥5,000代",1,*0,,,,,,,,
1986-01-01,マイクロキャビン,本格将棋棋太平,MSX2,-,1M,￥,￥0代,1,ASCII_8KB,,,,,,,,
1980-01-01,ヤマハ,文節変換カートリッジ,不明,-,不明,￥,￥0代,1,?,,,,,,,,
1985-01-01,松下電器産業,文節変換熟語ユニット,MSX,-,不明,"￥14,800","￥15,000代",1,?,,,,,,,,
1984-01-01,徳間書店／テクノポリス,忘れじのナウシカ・ゲーム,MSX,-,16K,"￥4,800","￥5,000代",1,Basic(startat0x8000),,,,,,,,
1987-01-01,コンパイル,魔王ゴルベリアス,MSX,-,1M,"￥5,900","￥6,000代",1,ASCII_16KB,,,,,,,,
1987-01-01,カプコン,魔界島七つの島大冒険,MSX2,-,1M,"￥6,800","￥7,000代",1,ASCII_16KB,,,小林成光,黒川真圭,藤田晴美,,,
1986-01-01,カシオ,魔城伝説,MSX,-,32K,"￥4,800","￥5,000代",1,?,,,,,,,,
1986-01-01,コナミ,魔城伝説,MSX,-,32K,"￥4,800","￥5,000代",1,Mirrored,,,,,,,,
1987-01-01,コナミ,魔城伝説Ⅱガリウスの迷宮(THEMAZEOFGALIOUS),MSX,-,1M,"￥4,980","￥5,000代",1,Konami48KB(noSCC),,,,,,,,
1987-01-01,コナミ,魔城伝説Ⅲ完結編シャロム(KINGHTMAREIIISHALOM),MSX,-,2M,"￥5,980","￥6,000代",1,Konami48KB(noSCC),,,,,,,,
1987-01-01,ポニーキャニオン,魔性の館ガバリン,MSX,-,64K,"￥4,900","￥5,000代",1,Mirrored,,,,,,,,
1986-01-01,ソニー,魔法使いウィズ,MSX,-,32K,"￥4,800","￥5,000代",1,Mirrored,,,,,,,,
1987-01-01,ザインソフト,未来,MSX2,-,1M,"￥5,800","￥6,000代",1,ASCII_8KB,,,,,,,,
1987-01-01,ザインソフト,未来,MSX,-,1M,"￥5,800","￥6,000代",1,ASCII_8KB,,,,,,,,
1980-01-01,アイレム,密林の秘法,不明,-,不明,￥,￥0代,1,?,,,,,,,,
1986-01-01,日本テレネット,夢幻戦士ヴァリス,MSX,-,1M,"￥6,800","￥7,000代",1,ASCII_8KB,,林浩樹(グラフィック)|小川史生(音楽),秋篠雅弘,ウルフ・チーム|林浩樹,小川史生,林浩樹|三橋幸雄,林浩樹,
1986-01-01,コナミ,夢大陸アドベンチャー(PENGUINADVENTURE),MSX,-,1M,"￥4,980","￥5,000代",1,Konami48KB(noSCC),,,,,,,,
1987-01-01,電波新聞社,迷宮への扉(GATEOFLABYRINTH),MSX,-,1M,"￥5,300","￥5,500代",1,ASCII_16KB,,,,,,,,
1986-01-01,ＨＡＬ研究所,迷宮神話,MSX,-,1M,"￥5,600","￥5,500代",1,ASCII_16KB,,,,,,,,
1984-01-01,ハドソン,野球狂,MSX,-,32K,"￥4,800","￥5,000代",1,Mirrored,,,,,,,,
1988-01-01,タイトー／ニデコ,山村美紗サスペンス京都龍の寺殺人事件,MSX2,-,2M,"￥5,800","￥6,000代",1,ASCII_8KB,,,,,,,,
1988-01-01,システムサコム,幽霊君,MSX2,-,2M,"￥6,800","￥7,000代",1,ASCII_8KB,,,,,,長野洋|岡本喜八|松木ひろし|窪田篤人|渡邉祐介|長野洋|尾中洋一,,
1980-01-01,ストラッドフォード,幼児のえいご,不明,-,不明,￥,￥0代,1,?,,,,,,,,
1986-01-01,カシオ,妖怪屋敷,MSX,-,32K,"￥4,800","￥5,000代",1,Mirrored,,,,,,,,
1985-01-01,ボースティック,妖怪探偵ちまちま,MSX,-,32K,"￥5,600","￥5,500代",1,Mirrored,,,,,,,,
1985-01-01,ポニーキャニオン,連珠とおじゃま犬たち,MSX,-,16K,"￥4,800","￥5,000代",1,Basic(startat0x8000),,,,,,,,
1987-01-01,立石電気,連続血圧測定プログラム,MSX,-,不明,"￥39,800","￥40,000代",1,?,,,,,,,,
