🕑プレイ時間,タイプ,LV,調子,出現地方,モンスター名,系統,未使用,カウント,HP,MP,⚔️攻撃力,🛡️守備力,🏃‍♂️素早さ,💡賢さ,🏃‍♂️身かわし,💰経験値,💰GOLD,行動,🪄魔法,🏃‍♂️逃げるか？,仲間をよぶか？,🎁ドロップアイテム,🎁アイテムの入手確率※,耐性※
2000-01-01,⚔️️戦士系,1,-,アリアハン周辺,スライム⚔️️(1),スライム族,0,1,8,0,9,5,4,1,0,4,2,-,,はい,-,🍃薬草,F,炎×|ヒ×|バ×|デ×|死×|犠×|光△|幻×|眠×|吸◎|封◎|乱×|守×|早×
2000-01-02,⚔️️戦士系,1,-,アリアハン周辺,おおがらす⚔️️(1),鳥族,0,1,9,0,10,6,6,1,1,6,3,-,,いいえ,-,🍃薬草,E,炎×|ヒ×|バ×|デ×|死×|犠×|光○|幻×|眠×|吸◎|封◎|乱×|守×|早×
2000-02-01,⚔️️戦士系,2,-,アリアハン西周辺（夜）,いっかくうさぎ⚔️️(2),未分類,0,1,10,0,12,8,5,1,0,8,3,-,,はい,-,🍃薬草,B,炎×|ヒ×|バ×|デ×|死×|犠×|光○|幻×|眠×|吸◎|封◎|乱×|守×|早×
2001-01-01,⚔️️戦士系,3,-,レーベ周辺,おおありくい⚔️️(3),未分類,0,1,13,0,13,8,6,1,0,12,4,-,,いいえ,-,🎩かわのぼうし,D,炎×|ヒ×|バ×|デ×|死×|犠×|光○|幻×|眠△|吸◎|封◎|乱×|守×|早×
2002-01-01,🪄魔法系,3,-,ナジミの塔B1～3F,じんめんちょう🪄(3),昆虫族,0,1,12,5,11,7,8,2,1,9,4,-,⬇️マヌーサ,いいえ,-,✨キメラのつばさ,D,炎×|ヒ×|バ×|デ×|死×|犠×|光△|幻×|眠△|吸△|封×|乱×|守×|早×
2002-01-02,⚔️️戦士系,3,-,ナジミの塔B1～3F,フロッガー⚔️️(3),未分類,0,1,15,0,14,8,7,0,1,12,5,-,,いいえ,-,🍃薬草,B,炎×|ヒ×|バ×|デ×|死×|犠×|光○|幻×|眠×|吸◎|封◎|乱×|守×|早×
2002-02-01,⚔️️戦士系,4,-,ナジミの塔1F～3F,バブルスライム⚔️️(4),スライム族,0,1,10,0,16,9,12,1,0,16,8,どく攻撃,-,はい,-,🍃毒消し草,A,炎×|ヒ×|バ×|デ×|死×|犠×|光△|幻×|眠○|吸◎|封◎|乱×|守×|早×
2002-03-01,🪄魔法系,4,-,ナジミの塔3F,まほうつかい🪄(4),未分類,0,1,23,4,15,15,13,2,0,20,10,-,🔥メラ,はい,-,💊せいすい,D,炎×|ヒ×|バ×|デ×|死×|犠×|光◎|幻×|眠×|吸×|封×|乱△|守×|早×
2002-03-02,⚔️️戦士系,4,-,ナジミの塔3F,さそりばち⚔️️(4),未分類,0,1,12,0,18,11,10,1,0,14,6,-,,いいえ,仲間を呼ぶ,🌱ラックのたね,E,炎×|ヒ×|バ×|デ×|死×|犠×|光△|幻×|眠×|吸◎|封◎|乱×|守×|早×
2001-02-01,🪄魔法系,4,-,レーベ東周辺,ホイミスライム🪄(4),未分類,0,1,30,999,14,10,15,0,0,24,8,-,💖ホイミ,いいえ,-,🌱ちからのたね,E,炎○|ヒ○|バ△|デ×|死△|犠×|光◎|幻×|眠○|吸○|封◎|乱△|守×|早×
2003-01-01,⚔️️戦士系,4,-,いざないの洞窟B2～B3,おばけありくい⚔️️(4),未分類,0,1,21,0,20,9,10,1,0,12,7,-,,はい,-,🍃薬草,B,炎×|ヒ×|バ×|デ×|死×|犠×|光○|幻×|眠△|吸◎|封◎|乱△|守△|早×
2001-03-01,🪄魔法系,4,-,レーベ東周辺（夜）,アルミラージ🪄(4),未分類,0,1,20,6,21,12,9,2,1,14,8,-,😴ラリホー,はい,-,🎩かわのぼうし,D,炎×|ヒ×|バ×|デ×|死×|犠×|光○|幻×|眠△|吸○|封×|乱△|守×|早△
2004-01-01,⚔️️戦士系,5,-,ロマリア周辺,ポイズントード⚔️️(5),未分類,0,1,25,0,24,12,12,0,1,20,9,どく攻撃,-,はい,-,🍃毒消し草,B,炎×|ヒ×|バ×|デ×|死×|犠×|光○|幻△|眠△|吸◎|封◎|乱×|守×|早×
2003-01-02,🪄魔法系,6,-,いざないの洞窟B2～B3,キャタピラー🪄(6),未分類,0,1,50,7,33,25,11,2,0,35,12,-,⚔️⬆️スクルト,いいえ,-,🍃薬草,B,炎×|ヒ×|バ×|デ×|死×|犠×|光◎|幻×|眠×|吸△|封×|乱×|守×|早×
2004-02-01,🪄魔法系,6,-,ロマリア周辺（夜）,こうもりおとこ🪄(6),未分類,0,1,28,5,30,24,15,2,1,29,18,-,⬇️マホトーン,いいえ,-,🗡️せいなるナイフ,D,炎×|ヒ×|バ×|デ×|死×|犠×|光△|幻△|眠△|吸△|封△|乱×|守△|早×
2004-01-02,🪄魔法系,7,-,ロマリア周辺,アニマルゾンビ🪄(7),未分類,0,1,50,30,28,4,11,2,0,29,15,-,🏃⬇️ボミオス,いいえ,-,💎いのちのきのみ,E,炎×|ヒ×|バ×|デ×|死×|犠×|光△|幻×|眠◎|吸△|封×|乱×|守×|早×
2005-01-01,⚔️️戦士系,6,-,カザーブ周辺,キラービー⚔️️(6),未分類,0,1,25,0,32,15,13,1,1,26,13,マヒ攻撃,-,はい,-,🍃まんげつそう,A,炎△|ヒ×|バ×|デ×|死×|犠×|光◎|幻×|眠△|吸◎|封◎|乱×|守×|早△
2005-01-02,⚔️️戦士系,8,-,カザーブ周辺,ぐんたいガニ⚔️️(8),未分類,0,1,28,0,32,60,12,1,1,35,12,-,,いいえ,仲間を呼ぶ,👕たびびとのふく,D,炎×|ヒ×|バ×|デ×|死×|犠×|光◎|幻△|眠△|吸◎|封◎|乱△|守×|早○
2006-01-01,🪄魔法系,8,-,シャンパーニの塔1F～5F,ギズモ🪄(8),未分類,0,1,25,18,22,14,28,2,1,35,14,-,🔥メラ,いいえ,-,🌱スタミナのたね,E,炎×|ヒ×|バ×|デ×|死×|犠×|光◎|幻◎|眠◎|吸×|封×|乱×|守×|早△
2006-02-01,⚔️️戦士系,9,-,シャンパーニの塔3F～5F,おばけキノコ⚔️️(9),未分類,0,1,24,0,30,12,8,0,0,39,18,あまいいき,-,はい,-,💊せいすい,C,炎×|ヒ×|バ×|デ×|死×|犠×|光○|幻○|眠△|吸◎|封◎|乱◎|守△|早×
2006-02-02,⚔️️戦士系,9,-,シャンパーニの塔3F～5F,どくイモムシ⚔️️(9),未分類,0,1,35,0,40,16,14,1,0,47,20,どくのいき,-,はい,-,🍃毒消し草,A,炎△|ヒ×|バ×|デ×|死×|犠×|光◎|幻×|眠△|吸◎|封◎|乱×|守×|早×
2007-01-01,🪄魔法系,9,-,ノアニール周辺,デスフラッター🪄(9),未分類,0,1,25,20,36,18,14,1,2,45,22,-,,はい,-,🌱すばやさのたね,D,炎×|ヒ×|バ×|デ×|死×|犠×|光◎|幻△|眠△|吸◎|封×|乱×|守×|早△
2007-02-01,🪄魔法系,10,-,ノアニール周辺（夜）,バリイドドッグ🪄(10),未分類,0,1,40,4,42,22,16,2,0,53,14,-,🛡️⬇️ルカナン,いいえ,-,🌱かしこさのたね,E,炎△|ヒ×|バ×|デ×|死×|犠×|光△|幻△|眠○|吸◎|封×|乱×|守△|早△
2008-01-01,⚔️️戦士系,10,-,ノアニール西の洞窟B1～B4,マタンゴ⚔️️(10),未分類,0,1,30,0,43,25,15,1,0,56,20,"ねむり攻撃,あまいいき",-,はい,-,✨キメラのつばさ,C,炎△|ヒ×|バ×|デ×|死×|犠×|光◎|幻△|眠△|吸◎|封◎|乱×|守△|早×
2007-01-02,⚔️️戦士系,0,-,ノアニール周辺,あやしいかげ⚔️️(0),未分類,0,1,0,0,0,0,0,0,0,0,0,-,,いいえ,-,-,-,
2008-01-02,🪄魔法系,10,-,ノアニール西の洞窟B1～B4,バンパイア🪄(10),未分類,0,1,35,9,51,28,19,1,1,61,25,-,❄️ヒャド,いいえ,-,🌱ラックのたね,D,炎×|ヒ×|バ×|デ×|死×|犠×|光◎|幻×|眠△|吸○|封×|乱△|守×|早△
2008-02-01,🪄魔法系,10,-,ノアニール西の洞窟B3～B4,ひとくいが🪄(10),未分類,0,1,26,4,49,35,17,0,2,55,15,どく攻撃,⬇️マヌーサ,はい,仲間を呼ぶ,どくばり,E,炎△|ヒ×|バ×|デ×|死×|犠×|光◎|幻×|眠△|吸△|封×|乱×|守×|早○
2004-01-03,⚔️️戦士系,11,-,ロマリア周辺,さまようよろい⚔️️(11),未分類,0,1,55,0,47,50,10,1,0,68,30,痛恨の一撃,-,いいえ,ホイミスライムを呼ぶ,🗡️どうのつるぎ,D,炎△|ヒ×|バ×|デ×|死◎|犠×|光○|幻△|眠○|吸◎|封◎|乱◎|守×|早×
2009-01-01,⚔️️戦士系,11,-,アッサラーム周辺,キャットフライ⚔️️(11),未分類,0,1,40,4,48,49,28,2,1,65,20,痛恨の一撃,⬇️マホトーン,はい,-,🧸ぬいぐるみ,F,炎△|ヒ×|バ×|デ×|死△|犠×|光◎|幻△|眠△|吸△|封△|乱△|守△|早△
2010-01-01,🪄魔法系,11,-,ピラミッドB2～6F,だいおうガマ🪄(11),未分類,0,1,38,30,49,37,18,1,1,70,23,-,😴ラリホー,いいえ,-,🔗とげのむち,D,炎△|ヒ△|バ×|デ×|死△|犠×|光◎|幻△|眠△|吸△|封△|乱△|守×|早×
2009-01-02,⚔️️戦士系,11,-,アッサラーム周辺,あばれザル⚔️️(11),未分類,0,1,60,0,55,40,21,1,0,60,30,痛恨の一撃,-,いいえ,仲間を呼ぶ,🌱ちからのたね,E,炎×|ヒ○|バ×|デ×|死△|犠×|光◎|幻○|眠△|吸◎|封◎|乱△|守△|早○
2011-01-01,🪄魔法系,11,-,ピラミッド1F～6F,わらいぶくろ🪄(11),未分類,0,1,40,999,15,37,64,2,7,5,350,ふしぎなおどり,"💖ホイミ,💖ホイミ,🏃⬇️ボミオス,⚔️⬆️スクルト,⬇️マホトーン,⬇️マヌーサ",いいえ,-,🌱スタミナのたね,D,炎◎|ヒ◎|バ◎|デ×|死◎|犠×|光×|幻△|眠◎|吸◎|封×|乱○|守◎|早○
2012-01-01,⚔️️戦士系,12,-,イシス周辺（東）（夜）,ミイラおとこ⚔️️(12),未分類,0,1,35,0,55,49,19,0,0,73,25,痛恨の一撃,-,いいえ,-,🎫すごろくけん,B,炎×|ヒ×|バ×|デ×|死◎|犠×|光△|幻△|眠△|吸◎|封◎|乱×|守△|早△
2012-01-02,🪄魔法系,12,-,イシス周辺（東）,じごくのハサミ🪄(12),未分類,0,1,40,30,50,110,19,1,0,78,23,-,⚔️⬆️スクルト,いいえ,-,🛡️せいどうのたて,D,炎△|ヒ×|バ×|デ×|死△|犠×|光◎|幻○|眠△|吸◎|封△|乱△|守×|早△
2013-01-01,🪄魔法系,13,-,ポルトガ周辺,ドルイド🪄(13),未分類,0,1,35,10,55,47,29,1,0,82,35,-,🔥バギ,いいえ,-,🌱ラックのたね,D,炎△|ヒ△|バ△|デ×|死△|犠×|光◎|幻△|眠○|吸○|封△|乱○|守△|早○
2012-01-03,⚔️️戦士系,13,-,イシス周辺（東）,かえんムカデ⚔️️(13),未分類,0,1,45,0,45,40,20,1,0,72,35,ひのいき,-,はい,-,🌱かしこさのたね,E,炎◎|ヒ×|バ×|デ×|死△|犠×|光◎|幻△|眠○|吸◎|封◎|乱△|守△|早△
2014-01-01,⚔️️戦士系,13,-,ピラミッドB2～B1・3F～6F,マミー⚔️️(13),未分類,0,1,55,30,60,35,20,1,0,82,36,痛恨の一撃,-,いいえ,くさったしたいを呼ぶ,💊せいすい,D,炎×|ヒ×|バ○|デ×|死◎|犠×|光△|幻○|眠○|吸×|封△|乱△|守△|早○
2015-01-01,🪄魔法系,14,-,ノルドの洞窟周辺（北）（夜）,マージマタンゴ🪄(14),未分類,0,1,40,10,43,52,20,1,0,92,40,-,"💖ホイミ,❄️ヒャド,💖ホイミ",はい,-,✨キメラのつばさ,D,炎△|ヒ○|バ×|デ×|死×|犠×|光◎|幻×|眠△|吸△|封△|乱△|守×|早×
2015-01-02,🪄魔法系,14,-,ノルドの洞窟周辺（北）,ハンターフライ🪄(14),未分類,0,1,30,10,50,30,18,1,1,98,25,-,🔥ギラ,はい,-,👕みかわしのふく,E,炎△|ヒ×|バ×|デ×|死△|犠×|光○|幻×|眠○|吸×|封△|乱△|守×|早×
2015-01-03,🪄魔法系,14,-,ノルドの洞窟周辺（北）,デスジャッカル🪄(14),未分類,0,1,42,5,67,45,20,2,1,95,20,-,⬇️マヌーサ,いいえ,仲間を呼ぶ,💎いのちのきのみ,E,炎×|ヒ×|バ×|デ×|死△|犠×|光△|幻△|眠△|吸△|封△|乱△|守×|早×
2016-01-01,🪄魔法系,16,-,バハラタ周辺（東）,げんじゅつし🪄(16),未分類,0,1,42,10,60,46,25,2,0,128,55,-,"⬇️メダパニ,⬇️マヌーサ",はい,-,🎫すごろくけん,B,炎△|ヒ×|バ×|デ×|死△|犠×|光◎|幻△|眠△|吸○|封○|乱○|守△|早×
2015-01-04,⚔️️戦士系,15,-,ノルドの洞窟周辺（北）,ヒートギズモ⚔️️(15),未分類,0,1,37,0,50,60,24,0,1,105,28,ひのいき,-,いいえ,-,🌱ラックのたね,E,炎◎|ヒ×|バ×|デ×|死△|犠×|光◎|幻×|眠△|吸◎|封◎|乱△|守△|早△
2016-02-01,⚔️️戦士系,15,-,バハラタ周辺（西）,アントベア⚔️️(15),未分類,0,1,50,0,75,45,10,0,0,110,25,-,,はい,-,🗡️てつのやり,F,炎△|ヒ×|バ×|デ×|死△|犠×|光◎|幻△|眠○|吸◎|封◎|乱△|守△|早×
2017-01-01,🪄魔法系,14,-,エジンベア周辺,ベホマスライム🪄(14),未分類,0,1,50,999,45,50,18,0,1,278,38,-,💖ベホマ,いいえ,-,🌱スタミナのたね,E,炎△|ヒ△|バ△|デ×|死△|犠×|光◎|幻×|眠△|吸◎|封△|乱△|守△|早△
2018-01-01,🪄魔法系,17,-,ダーマ周辺（南）,マッドオックス🪄(17),未分類,0,1,60,12,65,49,28,2,0,162,45,-,🔥ギラ,はい,-,🛡️かわのたて,E,炎×|ヒ×|バ×|デ×|死△|犠×|光◎|幻△|眠△|吸×|封△|乱○|守△|早×
2019-01-01,⚔️️戦士系,16,-,バハラタ東の洞窟B1,キャットバット⚔️️(16),未分類,0,1,35,0,63,50,20,2,3,135,35,ふしぎなおどり,-,はい,仲間を呼ぶ,🧸ぬいぐるみ,E,炎×|ヒ×|バ×|デ×|死△|犠×|光△|幻△|眠△|吸◎|封◎|乱△|守△|早×
2020-01-01,🪄魔法系,30,-,バラモス城,エビルマージ🪄(30),未分類,0,1,95,999,99,85,58,2,0,1650,85,かえんのいき,"❄️マヒャド,🔥メラミ,💖ベホマ,😴ラリホー,⬇️メダパニ,⬇️マホトーン",いいえ,-,🌿せかいじゅのは,E,炎○|ヒ○|バ△|デ△|死○|犠×|光△|幻×|眠○|吸△|封○|乱◎|守△|早○
2018-01-02,🪄魔法系,18,-,ダーマ周辺（南）,キラーエイプ🪄(18),未分類,0,1,40,6,80,52,26,2,0,170,45,-,,いいえ,仲間を呼ぶ,✨キメラのつばさ,D,炎△|ヒ×|バ×|デ×|死△|犠×|光◎|幻○|眠○|吸○|封△|乱×|守△|早×
2021-01-01,🪄魔法系,19,-,ガルナの塔4F～6F,ガルーダ🪄(19),未分類,0,1,60,12,65,60,30,1,0,220,71,-,🔥ベギラマ,いいえ,-,🎫すごろくけん,B,炎×|ヒ×|バ×|デ×|死×|犠×|光◎|幻○|眠○|吸×|封△|乱×|守×|早×
2015-01-05,🪄魔法系,23,-,ノルドの洞窟周辺（北）（夜）,メタルスライム🪄(23),未分類,0,1,4,12,40,1023,47,0,0,4140,5,-,🔥メラ,はい,-,🌱すばやさのたね,C,炎◎|ヒ◎|バ◎|デ◎|死◎|犠◎|光◎|幻◎|眠◎|吸◎|封◎|乱△|守◎|早◎
2022-01-01,🪄魔法系,21,-,テドン北周辺,ゴートドン🪄(21),未分類,0,1,70,3,72,45,25,2,0,297,50,-,🏃⬇️ボミオス,はい,-,🌱ちからのたね,D,炎△|ヒ×|バ×|デ×|死△|犠×|光◎|幻△|眠△|吸×|封×|乱△|守×|早△
2019-01-02,⚔️️戦士系,17,-,バハラタ東の洞窟B1,さつじんき⚔️️(17),未分類,0,1,45,0,77,55,24,1,0,150,35,痛恨の一撃,-,いいえ,-,どくばり,D,炎×|ヒ×|バ×|デ×|死△|犠×|光◎|幻△|眠△|吸◎|封◎|乱△|守△|早×
2018-02-01,⚔️️戦士系,19,-,ダーマ東周辺,ベビーサタン⚔️️(19),未分類,0,1,70,0,55,33,23,0,1,100,45,つめたいいき,"🔥イオナズン,💀ザラキ,💀メガンテ",はい,-,💍いのりのゆびわ,-,炎○|ヒ○|バ△|デ×|死○|犠×|光◎|幻×|眠◎|吸◎|封×|乱×|守×|早×
2023-01-01,🪄魔法系,22,-,スー周辺,きめんどうし🪄(22),未分類,0,1,80,22,53,43,56,1,1,343,48,"様子を見る,様子を見る,様子を見る,様子を見る","⬇️メダパニ,💖ベホイミ,⬇️メダパニ",いいえ,-,🎫すごろくけん,B,炎△|ヒ△|バ△|デ×|死○|犠×|光◎|幻○|眠○|吸○|封○|乱○|守○|早△
2024-01-01,⚔️️戦士系,25,-,ピラミッド1F（宝箱）,ひとくいばこ⚔️️(25),未分類,0,1,120,0,200,55,67,0,2,137,60,"あまいいき,痛恨の一撃",-,いいえ,-,-,-,炎○|ヒ△|バ△|デ△|死○|犠×|光◎|幻○|眠○|吸◎|封◎|乱△|守△|早△
2025-01-01,⚔️️戦士系,24,-,アープの塔1F～5F,エリミネーター⚔️️(24),未分類,0,1,120,6,83,50,32,2,0,376,53,痛恨の一撃,⬇️マホトーン,はい,-,くさりがま,E,炎△|ヒ△|バ×|デ×|死△|犠×|光◎|幻△|眠△|吸△|封△|乱△|守△|早△
2021-02-01,⚔️️戦士系,18,-,ガルナの塔1F～6F,おおくちばし⚔️️(18),未分類,0,1,43,0,55,43,24,0,0,175,44,-,,いいえ,-,🌱かしこさのたね,D,炎×|ヒ×|バ×|デ×|死△|犠×|光◎|幻△|眠△|吸◎|封◎|乱×|守△|早△
2018-02-02,🪄魔法系,19,-,ダーマ東周辺,スライムつむり🪄(19),未分類,0,1,20,15,23,200,35,1,0,210,28,-,"❄️ヒャド,😴ラリホー",はい,ホイミスライムを呼ぶ,⚒️ひのきのぼう,C,炎◎|ヒ◎|バ◎|デ◎|死△|犠×|光△|幻×|眠◎|吸◎|封△|乱◎|守○|早×
2021-03-01,⚔️️戦士系,25,-,ガルナの塔2F～6F,スカイドラゴン⚔️️(25),未分類,0,1,80,0,80,60,40,0,0,800,180,かえんのいき,-,いいえ,-,💎いのちのきのみ,D,炎◎|ヒ×|バ×|デ×|死△|犠×|光×|幻△|眠○|吸◎|封◎|乱○|守△|早×
2026-01-01,🪄魔法系,20,-,ムオル周辺（南）（夜）,バーナバス🪄(20),未分類,0,1,58,12,79,67,28,2,1,235,52,-,"💖ベホイミ,⬇️マホトーン",いいえ,-,👕たびびとのふく,D,炎△|ヒ×|バ×|デ×|死△|犠×|光△|幻○|眠○|吸○|封○|乱△|守△|早×
2022-02-01,🪄魔法系,21,-,テドン周辺,まじょ🪄(21),未分類,0,1,54,24,51,50,30,1,0,305,52,-,"🔥ベギラマ,💖ベホイミ",いいえ,-,🍃きえさりそう,F,炎○|ヒ×|バ×|デ×|死△|犠×|光◎|幻△|眠○|吸○|封△|乱○|守△|早×
2026-02-01,🪄魔法系,20,-,ムオル周辺,デッドペッカー🪄(20),未分類,0,1,55,8,52,58,29,2,0,228,37,-,🛡️⬇️ルカナン,いいえ,-,🌱すばやさのたね,B,炎△|ヒ×|バ×|デ×|死△|犠×|光◎|幻○|眠△|吸△|封△|乱×|守△|早×
2022-01-02,⚔️️戦士系,21,-,テドン北周辺,じごくのよろい⚔️️(21),未分類,0,1,60,0,90,100,23,0,0,315,57,痛恨の一撃,-,いいえ,-,🛡️てつのよろい,D,炎○|ヒ×|バ×|デ×|死△|犠×|光◎|幻△|眠△|吸◎|封◎|乱△|守△|早×
2027-01-01,🪄魔法系,18,-,海域,マリンスライム🪄(18),未分類,0,1,38,4,47,100,28,2,0,197,35,-,⚔️⬆️スクルト,はい,-,✨キメラのつばさ,D,炎△|ヒ○|バ△|デ×|死△|犠×|光◎|幻△|眠△|吸△|封△|乱△|守△|早△
2027-01-02,⚔️️戦士系,18,-,海域,しびれくらげ⚔️️(18),未分類,0,1,40,0,55,50,35,1,1,180,38,マヒ攻撃,-,いいえ,仲間を呼ぶ,🍃まんげつそう,D,炎△|ヒ△|バ△|デ△|死△|犠×|光◎|幻△|眠△|吸◎|封◎|乱○|守×|早△
2027-01-03,🪄魔法系,20,-,海域,マーマン🪄(20),未分類,0,1,54,5,65,45,30,1,0,240,48,-,🛡️⬇️ルカナン,いいえ,-,🌱ちからのたね,E,炎△|ヒ○|バ×|デ×|死○|犠×|光◎|幻△|眠○|吸△|封△|乱△|守△|早×
2027-01-04,⚔️️戦士系,22,-,海域,だいおうイカ⚔️️(22),未分類,0,1,135,0,85,40,32,0,0,355,90,-,,いいえ,-,💎いのちのきのみ,E,炎×|ヒ○|バ×|デ×|死△|犠×|光◎|幻○|眠△|吸◎|封◎|乱△|守×|早×
2028-01-01,⚔️️戦士系,21,-,スー近海,ガニラス⚔️️(21),未分類,0,1,50,0,68,150,25,0,0,290,45,痛恨の一撃,-,いいえ,-,🛡️こうらのよろい,E,炎×|ヒ△|バ×|デ×|死△|犠×|光◎|幻△|眠△|吸◎|封◎|乱△|守×|早×
2028-01-02,🪄魔法系,21,-,スー近海,マーマンダイン🪄(21),未分類,0,1,60,12,72,50,32,1,1,263,58,-,"❄️ヒャド,💖ベホイミ",いいえ,-,🎩かわのぼうし,F,炎△|ヒ○|バ×|デ×|死○|犠×|光◎|幻△|眠○|吸△|封△|乱△|守△|早×
2027-01-05,🪄魔法系,23,-,海域,ヘルコンドル🪄(23),未分類,0,1,100,28,69,60,33,1,1,367,71,-,💫バシルーラ,いいえ,-,🎫すごろくけん,B,炎△|ヒ×|バ×|デ×|死△|犠×|光◎|幻△|眠△|吸△|封○|乱△|守×|早×
2018-01-03,⚔️️戦士系,23,-,ダーマ周辺（南）,ごうけつぐま⚔️️(23),未分類,0,1,90,0,95,40,30,0,0,440,55,-,,いいえ,-,🌱ちからのたね,D,炎×|ヒ×|バ×|デ×|死△|犠×|光◎|幻◎|眠△|吸◎|封◎|乱○|守△|早×
2016-02-02,⚔️️戦士系,16,-,バハラタ周辺（西）（夜）,くさったしたい⚔️️(16),未分類,0,1,98,0,67,16,20,0,0,120,15,様子を見る,-,いいえ,-,👕ぬののふく,D,炎×|ヒ×|バ×|デ×|死△|犠×|光△|幻◎|眠◎|吸◎|封◎|乱◎|守△|早×
2023-01-02,⚔️️戦士系,23,-,スー周辺,ビッグホーン⚔️️(23),未分類,0,1,75,0,75,55,24,0,0,353,68,あまいいき,-,いいえ,-,💊せいすい,D,炎△|ヒ△|バ×|デ×|死△|犠×|光◎|幻△|眠△|吸◎|封◎|乱△|守×|早×
2021-04-01,⚔️️戦士系,18,-,ガルナの塔2F～4F,しびれあげは⚔️️(18),未分類,0,1,40,0,62,10,30,0,1,165,35,マヒ攻撃,-,いいえ,-,🍃まんげつそう,C,炎△|ヒ×|バ×|デ×|死×|犠×|光◎|幻△|眠△|吸◎|封◎|乱×|守×|早×
2023-01-03,⚔️️戦士系,23,-,スー周辺,どくどくゾンビ⚔️️(23),未分類,0,1,80,0,65,50,23,1,0,368,25,"どく攻撃,どくのいき",-,いいえ,ゾンビマスターを呼ぶ,🍃毒消し草,D,炎×|ヒ×|バ×|デ×|死△|犠×|光△|幻△|眠◎|吸◎|封◎|乱○|守△|早△
2023-01-04,🪄魔法系,23,-,スー周辺,アカイライ🪄(23),未分類,0,1,60,16,60,52,33,1,0,372,32,-,🔥バギ,いいえ,-,-,-,炎×|ヒ×|バ△|デ×|死△|犠×|光◎|幻△|眠△|吸×|封△|乱×|守△|早×
2025-01-02,🪄魔法系,25,-,アープの塔1F～5F,キラーアーマー🪄(25),未分類,0,1,70,5,92,150,35,2,0,418,80,-,🛡️⬇️ルカナン,いいえ,-,🛡️はがねのよろい,E,炎○|ヒ×|バ△|デ×|死△|犠×|光◎|幻△|眠○|吸△|封△|乱△|守○|早△
2029-01-01,⚔️️戦士系,32,-,北方大陸（西）,デスストーカー⚔️️(32),未分類,0,1,115,0,120,55,58,1,0,940,42,痛恨の一撃,-,いいえ,仲間を呼ぶ,🪓てつのオノ,F,炎△|ヒ△|バ△|デ×|死△|犠×|光◎|幻○|眠○|吸◎|封◎|乱△|守×|早△
2030-01-01,⚔️️戦士系,24,-,ジパングの洞窟B1～B2,ようがんまじん⚔️️(24),未分類,0,1,60,0,81,40,18,0,0,417,61,"かえんのいき,ひのいき",-,いいえ,-,🌿せかいじゅのは,E,炎◎|ヒ×|バ△|デ×|死△|犠×|光◎|幻△|眠△|吸◎|封◎|乱△|守×|早△
2022-02-02,🪄魔法系,22,-,テドン周辺,シャーマン🪄(22),未分類,0,1,93,18,65,52,37,2,0,358,50,-,💖ベホイミ,はい,くさったしたいを呼ぶ,🌱ラックのたね,C,炎△|ヒ△|バ△|デ×|死○|犠×|光◎|幻○|眠△|吸○|封△|乱△|守△|早△
2029-02-01,🪄魔法系,12,-,北方大陸（東）,まほうおばば🪄(12),未分類,0,1,70,100,65,50,85,2,1,463,63,-,"🔥ベギラマ,💖ベホイミ,💫バシルーラ,💖ベホイミ,🔥ベギラマ,💖ベホイミ,💫バシルーラ",はい,-,🍃きえさりそう,D,炎○|ヒ○|バ×|デ×|死○|犠×|光◎|幻△|眠△|吸○|封△|乱△|守△|早△
2031-01-01,🪄魔法系,30,-,サマンオサ南の洞窟B1～B4,シャドー🪄(30),未分類,0,1,70,18,63,65,50,1,2,743,31,-,❄️ヒャダルコ,いいえ,-,🔗とげのむち,E,炎△|ヒ△|バ△|デ△|死○|犠×|光○|幻○|眠○|吸△|封△|乱△|守△|早×
2032-01-01,⚔️️戦士系,24,-,グリンラッドの島,ひょうがまじん⚔️️(24),未分類,0,1,140,0,93,54,23,0,0,405,74,"つめたいいき,あまいいき",-,いいえ,-,🎩ふしぎなぼうし,E,炎×|ヒ◎|バ△|デ×|死○|犠×|光◎|幻△|眠○|吸◎|封◎|乱△|守△|早△
2033-01-01,⚔️️戦士系,38,-,ドムドーラ周辺,キメラ⚔️️(38),未分類,0,1,80,0,120,70,68,0,1,1780,75,"かえんのいき,ひのいき,痛恨の一撃",-,いいえ,-,✨キメラのつばさ,D,炎△|ヒ×|バ×|デ×|死○|犠×|光◎|幻△|眠△|吸◎|封◎|乱△|守△|早△
2034-01-01,⚔️️戦士系,25,-,サマンオサ北東周辺,コング⚔️️(25),未分類,0,1,95,0,105,58,40,1,1,432,68,-,,いいえ,ごくらくちょうを呼ぶ,💎いのちのきのみ,D,炎△|ヒ△|バ×|デ×|死△|犠×|光◎|幻△|眠△|吸◎|封◎|乱△|守△|早△
2034-01-02,⚔️️戦士系,29,-,サマンオサ北東周辺,ガメゴン⚔️️(29),未分類,0,1,68,0,89,200,25,1,0,652,88,あまいいき,-,いいえ,-,🪖てつかぶと,D,炎○|ヒ○|バ○|デ△|死△|犠×|光◎|幻○|眠△|吸◎|封◎|乱○|守○|早△
2029-03-01,🪄魔法系,32,-,北方大陸（南）,ごくらくちょう🪄(32),未分類,0,1,90,20,88,40,60,0,1,980,85,-,💖ベホマラー,はい,-,🎫すごろくけん,C,炎△|ヒ△|バ△|デ△|死○|犠×|光◎|幻×|眠△|吸△|封△|乱△|守×|早×
2029-02-02,🪄魔法系,26,-,北方大陸（東）,ばくだんいわ🪄(26),未分類,0,1,500,4,0,0,0,1,0,660,105,様子を見る,"💀メガンテ,💀メガンテ",いいえ,-,💎いのちのいし,E,炎×|ヒ×|バ×|デ×|死◎|犠×|光○|幻×|眠◎|吸◎|封◎|乱◎|守×|早◎
2029-02-03,⚔️️戦士系,27,-,北方大陸（東）,グリズリー⚔️️(27),未分類,0,1,110,0,140,90,33,0,0,523,65,痛恨の一撃,-,いいえ,-,🌱ちからのたね,D,炎△|ヒ○|バ×|デ×|死△|犠×|光◎|幻△|眠△|吸◎|封◎|乱△|守△|早△
2034-01-03,🪄魔法系,29,-,サマンオサ北東周辺,ゾンビマスター🪄(29),未分類,0,1,120,20,68,60,67,1,1,673,95,-,"👼ザオラル,⬇️マホトラ,💖ベホイミ,💖ベホイミ,👼ザオラル",はい,くさったしたいを呼ぶ,🌿せかいじゅのは,F,炎△|ヒ○|バ○|デ×|死○|犠×|光○|幻×|眠○|吸△|封○|乱△|守△|早△
2035-01-01,🪄魔法系,36,-,ネクロゴンドの洞窟4F,ガメゴンロード🪄(36),未分類,0,1,120,15,113,200,90,2,0,1420,120,かえんのいき,"🛡️🪄マホカンタ,⚔️⬆️スクルト",いいえ,-,🌱ラックのたね,D,炎○|ヒ○|バ○|デ○|死○|犠△|光◎|幻△|眠△|吸○|封○|乱○|守×|早△
2032-01-02,⚔️️戦士系,25,-,グリンラッドの島,スノードラゴン⚔️️(25),未分類,0,1,110,0,93,60,50,0,2,440,90,"つめたいいき,こおりのいき",-,いいえ,-,💎いのちのきのみ,E,炎×|ヒ◎|バ×|デ×|死○|犠×|光◎|幻△|眠△|吸◎|封◎|乱△|守△|早△
2036-01-01,⚔️️戦士系,33,-,ネクロゴンド周辺,トロル⚔️️(33),未分類,0,1,250,0,155,32,42,0,0,1030,105,痛恨の一撃,-,いいえ,-,⚒️こんぼう,D,炎×|ヒ×|バ×|デ×|死○|犠×|光○|幻△|眠△|吸◎|封◎|乱△|守×|早×
2036-01-02,🪄魔法系,33,-,ネクロゴンド周辺,フロストギズモ🪄(33),未分類,0,1,80,18,72,47,51,1,1,1070,68,つめたいいき,❄️ヒャダルコ,いいえ,-,🎫すごろくけん,C,炎×|ヒ◎|バ△|デ×|死△|犠×|光◎|幻×|眠△|吸△|封○|乱△|守△|早×
2035-02-01,🪄魔法系,16,-,ネクロゴンドの洞窟2F～4F,おどるほうせき🪄(16),未分類,0,1,50,999,57,100,70,2,7,10,1023,"ふしぎなおどり,様子を見る","⬇️マヌーサ,🛡️⬇️ルカナン,🏃⬇️ボミオス,⬇️メダパニ",はい,-,👕はでなふく,F,炎◎|ヒ◎|バ◎|デ◎|死◎|犠◎|光◎|幻◎|眠◎|吸◎|封◎|乱◎|守◎|早◎
2029-03-02,🪄魔法系,28,-,北方大陸（南）,ミニデーモン🪄(28),未分類,0,1,80,24,85,45,55,1,1,587,89,つめたいいき,🔥メラミ,いいえ,-,🪖ふこうのかぶと,E,炎△|ヒ×|バ×|デ×|死○|犠×|光◎|幻△|眠○|吸△|封○|乱○|守△|早△
2037-01-01,⚔️️戦士系,35,-,浅瀬のほこら近海,テンタクルス⚔️️(35),未分類,0,1,200,0,107,15,36,0,0,1280,120,-,,いいえ,-,ぶとうぎ,E,炎×|ヒ△|バ×|デ×|死△|犠×|光◎|幻△|眠△|吸◎|封◎|乱△|守×|早△
2031-01-02,🪄魔法系,31,-,サマンオサ南の洞窟B1～B4,がいこつけんし🪄(31),未分類,0,1,75,18,95,58,75,1,0,843,68,-,🛡️⬇️ルカナン,いいえ,-,🗡️はがねのつるぎ,E,炎△|ヒ△|バ△|デ△|死○|犠×|光△|幻○|眠△|吸○|封△|乱○|守△|早×
2038-01-01,🪄魔法系,34,-,地球のへそB1（宝箱）,ミミック🪄(34),未分類,0,1,240,10,94,78,100,1,3,735,110,-,"💀ザキ,⬇️マホトラ,🔥メラミ,😴ラリホー",いいえ,-,🪓まじんのオノ,F,炎○|ヒ○|バ△|デ×|死○|犠×|光○|幻△|眠○|吸×|封◎|乱◎|守△|早○
2035-03-01,⚔️️戦士系,34,-,ネクロゴンドの洞窟B1～4F,じごくのきし⚔️️(34),未分類,0,1,130,0,115,63,58,1,0,1190,73,やけつくいき,-,いいえ,-,🌱すばやさのたね,F,炎△|ヒ△|バ△|デ△|死○|犠×|光△|幻△|眠○|吸◎|封◎|乱○|守×|早△
2035-04-01,🪄魔法系,34,-,ネクロゴンドの洞窟B1～3F,ホロゴースト🪄(34),未分類,0,1,85,20,67,47,59,0,2,1040,42,-,"💀ザキ,💀ザラキ",いいえ,-,🎫すごろくけん,B,炎○|ヒ◎|バ△|デ△|死◎|犠×|光△|幻△|眠○|吸△|封△|乱△|守△|早△
2030-02-01,🪄魔法系,63,-,ジパングの洞窟B2（固定）,やまたのおろち（1）🪄(63),未分類,0,1,1800,12,130,68,40,1,0,2080,0,かえんのいき,-,いいえ,-,🗡️くさなぎのけん,-,炎◎|ヒ×|バ×|デ×|死◎|犠◎|光◎|幻△|眠○|吸◎|封◎|乱◎|守△|早◎
2020-01-02,⚔️️戦士系,37,-,バラモス城,うごくせきぞう⚔️️(37),未分類,0,1,195,0,140,40,29,0,0,1780,82,痛恨の一撃,-,いいえ,-,🛡️だいちのよろい,E,炎○|ヒ△|バ△|デ△|死○|犠△|光◎|幻○|眠△|吸◎|封◎|乱○|守△|早×
2039-01-01,⚔️️戦士系,42,-,ラダトーム東周辺・ゾーマの島（北）,サラマンダー⚔️️(42),未分類,0,1,200,0,150,59,70,0,0,6000,180,はげしいほのお,-,いいえ,-,🌱ちからのたね,E,炎○|ヒ×|バ×|デ×|死○|犠×|光◎|幻△|眠○|吸◎|封◎|乱○|守△|早△
2039-02-01,⚔️️戦士系,63,-,ラダトーム西周辺,スライムベス⚔️️(63),未分類,0,1,6,0,18,6,7,0,0,8,2,-,,はい,-,🍃薬草,D,炎×|ヒ×|バ×|デ×|死×|犠×|光◎|幻×|眠×|吸×|封×|乱×|守×|早×
2039-01-02,⚔️️戦士系,35,-,ラダトーム東周辺・ゾーマの島（北）,マドハンド⚔️️(35),未分類,0,1,70,0,90,75,59,2,0,720,78,-,,いいえ,"だいまじんを呼ぶ,仲間を呼ぶ",🗡️てつのつめ,D,炎×|ヒ△|バ△|デ×|死△|犠×|光◎|幻△|眠△|吸◎|封◎|乱△|守△|早△
2033-01-02,🪄魔法系,38,-,ドムドーラ周辺,まおうのかげ🪄(38),未分類,0,1,130,30,105,60,80,1,1,1710,77,あまいいき,💀ザキ,いいえ,-,💎いのちのいし,D,炎△|ヒ◎|バ△|デ×|死○|犠×|光○|幻△|眠◎|吸○|封×|乱◎|守△|早○
2040-01-01,🪄魔法系,38,-,メルキド西周辺,マクロベータ🪄(38),未分類,0,1,150,999,80,60,72,1,0,1930,105,"ひのいき,ふしぎなおどり","💖ベホマ,🔥メラミ,⚔️⬆️スクルト",はい,くさったしたいを呼ぶ,どくがのこな,D,炎○|ヒ△|バ△|デ×|死○|犠×|光◎|幻△|眠△|吸○|封○|乱△|守△|早△
2023-02-01,🪄魔法系,24,-,スー西周辺,はぐれメタル🪄(24),未分類,0,1,6,999,55,1023,150,0,2,40200,10,-,🔥ギラ,はい,-,👟しあわせのくつ,D,炎◎|ヒ◎|バ◎|デ◎|死◎|犠◎|光◎|幻◎|眠◎|吸◎|封◎|乱◎|守◎|早◎
2041-01-01,🪄魔法系,36,-,ガライ周辺,グール🪄(36),未分類,0,1,170,5,95,10,45,1,0,1270,48,-,⬇️マヌーサ,いいえ,ゾンビマスターを呼ぶ,👕みかわしのふく,F,炎×|ヒ×|バ×|デ×|死○|犠×|光△|幻◎|眠◎|吸◎|封△|乱○|守×|早△
2035-02-02,🪄魔法系,35,-,ネクロゴンドの洞窟2F～4F,ライオンヘッド🪄(35),未分類,0,1,115,30,120,80,47,2,1,1350,98,-,"🔥ベギラマ,⬇️マホトーン",いいえ,-,🛡️なげきのたて,F,炎○|ヒ△|バ△|デ×|死○|犠△|光◎|幻○|眠○|吸○|封△|乱○|守△|早△
2042-01-01,⚔️️戦士系,38,-,サマンオサの城（固定）,ボストロール⚔️️(38),未分類,0,1,1500,999,180,120,80,2,0,2500,105,痛恨の一撃,🛡️⬇️ルカナン,いいえ,-,🌱ちからのたね,D,炎○|ヒ×|バ×|デ×|死◎|犠◎|光◎|幻◎|眠◎|吸○|封△|乱◎|守○|早◎
2043-01-01,⚔️️戦士系,40,-,リムルダール南周辺,ゴールドマン⚔️️(40),未分類,0,1,210,0,165,50,60,0,0,390,1023,-,,はい,-,🗡️おうごんのつめ,F,炎×|ヒ◎|バ◎|デ◎|死◎|犠×|光◎|幻△|眠△|吸◎|封◎|乱△|守△|早×
2040-01-02,⚔️️戦士系,39,-,メルキド西周辺,スカルゴン⚔️️(39),未分類,0,1,200,0,130,65,62,1,1,2350,78,"つめたいいき,こおりのいき",-,いいえ,-,🌱ちからのたね,E,炎×|ヒ◎|バ△|デ×|死○|犠×|光○|幻△|眠△|吸◎|封◎|乱△|守△|早△
2044-01-01,🪄魔法系,36,-,アレフガルド海域,キングマーマン🪄(36),未分類,0,1,120,12,125,85,72,2,0,1590,110,-,❄️ヒャダルコ,いいえ,ごくらくちょうを呼ぶ,👕まほうのビキニ,D,炎△|ヒ○|バ△|デ×|死○|犠×|光◎|幻×|眠○|吸△|封△|乱○|守×|早△
2044-01-02,⚔️️戦士系,38,-,アレフガルド海域,クラーゴン⚔️️(38),未分類,0,1,450,0,150,10,52,1,0,2090,160,痛恨の一撃,-,はい,-,💎いのちのきのみ,E,炎△|ヒ○|バ×|デ×|死△|犠×|光◎|幻△|眠△|吸◎|封◎|乱△|守×|早△
2045-01-01,⚔️️戦士系,39,-,岩山の洞窟,ダースリカント⚔️️(39),未分類,0,1,150,0,155,70,58,1,0,2080,130,痛恨の一撃,-,はい,-,🌱すばやさのたね,D,炎△|ヒ×|バ△|デ×|死△|犠×|光◎|幻○|眠△|吸◎|封◎|乱△|守△|早△
2046-01-01,⚔️️戦士系,43,-,ゾーマの城B2～B4,だいまじん⚔️️(43),未分類,0,1,350,0,200,90,35,0,0,2500,150,痛恨の一撃,-,いいえ,-,🗡️らいじんのけん,F,炎×|ヒ△|バ○|デ×|死○|犠×|光◎|幻△|眠△|吸◎|封◎|乱△|守△|早△
2047-01-01,🪄魔法系,42,-,ルビスの塔1F～5F,ラゴンヌ🪄(42),未分類,0,1,140,24,139,80,70,1,0,2780,90,-,"❄️マヒャド,💖ベホマ",いいえ,-,🛡️なげきのたて,E,炎△|ヒ△|バ×|デ×|死○|犠×|光◎|幻○|眠○|吸◎|封○|乱○|守○|早○
2039-01-03,🪄魔法系,43,-,ラダトーム東周辺・ゾーマの島（北）,アークマージ🪄(43),未分類,0,1,130,100,90,150,75,2,1,2850,140,つめたいいき,"👼ザオリク,👼ザオリク,🔥イオナズン",いいえ,-,🪄さざなみのつえ,E,炎○|ヒ○|バ×|デ×|死○|犠×|光◎|幻△|眠◎|吸△|封○|乱△|守△|早○
2040-02-01,🪄魔法系,30,-,メルキド周辺,メイジキメラ🪄(30),未分類,0,1,100,53,105,80,150,1,2,2240,125,-,"💖ベホマ,⬇️メダパニ,🛡️🪄マホカンタ",はい,-,🎩ふしぎなぼうし,D,炎○|ヒ△|バ△|デ×|死○|犠×|光◎|幻×|眠○|吸△|封△|乱○|守×|早△
2048-01-01,🪄魔法系,41,-,ラダトーム北の洞窟B1～B3,サタンパピー🪄(41),未分類,0,1,125,48,115,80,58,1,1,2490,90,-,"🔥メラゾーマ,💖ベホマラー",はい,-,🗡️ゆうわくのけん,F,炎△|ヒ◎|バ△|デ×|死○|犠×|光○|幻×|眠○|吸○|封△|乱△|守△|早◎
2048-01-02,⚔️️戦士系,41,-,ラダトーム北の洞窟B1～B3,ヒドラ⚔️️(41),未分類,0,1,150,0,137,120,76,0,0,3090,95,かえんのいき,-,いいえ,-,🌿せかいじゅのは,F,炎○|ヒ×|バ○|デ×|死◎|犠×|光◎|幻△|眠○|吸◎|封◎|乱◎|守○|早○
2048-01-03,🪄魔法系,57,-,ラダトーム北の洞窟B1～B3,トロルキング🪄(57),未分類,0,1,250,27,150,78,67,2,0,3050,120,-,💫バシルーラ,いいえ,-,🗡️らいじんのけん,F,炎△|ヒ△|バ△|デ△|死○|犠×|光◎|幻△|眠△|吸○|封△|乱○|守△|早△
2047-02-01,⚔️️戦士系,42,-,ルビスの塔5F,ドラゴン⚔️️(42),未分類,0,1,120,0,140,75,62,2,0,2600,107,かえんのいき,-,いいえ,ごくらくちょうを呼ぶ,🌱スタミナのたね,D,炎○|ヒ△|バ△|デ×|死△|犠×|光◎|幻△|眠◎|吸◎|封◎|乱△|守△|早△
2046-02-01,🪄魔法系,43,-,ゾーマの城1F～B4,バルログ🪄(43),未分類,0,1,93,21,100,57,55,1,1,3270,80,-,💀ザラキ,いいえ,-,🎩ふしぎなぼうし,E,炎△|ヒ○|バ○|デ×|死◎|犠○|光○|幻△|眠○|吸◎|封△|乱○|守△|早△
2046-01-02,⚔️️戦士系,44,-,ゾーマの城B2～B4,ドラゴンゾンビ⚔️️(44),未分類,0,1,350,0,170,45,43,0,0,3500,53,"こおりのいき,つめたいいき",-,いいえ,-,🌱ちからのたね,E,炎×|ヒ◎|バ○|デ△|死◎|犠△|光△|幻△|眠○|吸◎|封◎|乱○|守×|早△
2046-02-02,🪄魔法系,44,-,ゾーマの城1F～B4,マントゴーア🪄(44),未分類,0,1,160,50,145,60,78,2,0,3060,120,-,"🔥メラゾーマ,🔥バギクロス,🛡️🪄マホカンタ",いいえ,-,🛡️なげきのたて,E,炎×|ヒ○|バ×|デ×|死○|犠△|光◎|幻×|眠△|吸△|封△|乱○|守×|早△
2046-03-01,⚔️️戦士系,45,-,ゾーマの城B3～B4,ソードイド⚔️️(45),未分類,0,1,170,31,158,72,99,2,0,3180,87,痛恨の一撃,💖ベホイミ,いいえ,-,🗡️ふぶきのつるぎ,E,炎△|ヒ○|バ○|デ△|死○|犠○|光△|幻○|眠○|吸△|封○|乱○|守△|早△
2046-04-01,⚔️️戦士系,46,-,ゾーマの城B5（固定）,キングヒドラ⚔️️(46),未分類,0,1,1600,0,280,150,50,0,0,12200,350,かえんのいき,-,いいえ,-,🛡️ドラゴンメイル,E,炎◎|ヒ△|バ×|デ×|死◎|犠◎|光◎|幻◎|眠○|吸◎|封◎|乱◎|守△|早◎
2046-04-02,🪄魔法系,63,-,ゾーマの城B5（固定）,バラモスブロス🪄(63),未分類,0,1,1100,999,210,300,72,2,1,13500,450,はげしいほのお,🔥イオナズン,いいえ,-,🛡️なげきのたて,F,炎△|ヒ△|バ△|デ△|死◎|犠◎|光◎|幻△|眠◎|吸◎|封○|乱◎|守△|早◎
2046-04-03,⚔️️戦士系,63,-,ゾーマの城B5（固定）,バラモスゾンビ⚔️️(63),未分類,0,1,3000,0,400,0,0,0,0,14300,115,-,,いいえ,-,🗡️はかいのつるぎ,F,炎×|ヒ×|バ×|デ×|死◎|犠◎|光◎|幻○|眠◎|吸◎|封◎|乱◎|守◎|早◎
2020-01-03,🪄魔法系,63,-,バラモス城B1,バラモス(SFC版)🪄(63),未分類,0,1,2500,999,240,200,85,2,0,65535,0,はげしいほのお,"🔥イオナズン,🔥メラゾーマ,⬇️メダパニ,🔥イオナズン,💫バシルーラ",いいえ,-,-,-,炎○|ヒ△|バ△|デ×|死◎|犠◎|光◎|幻△|眠○|吸◎|封○|乱◎|守△|早◎
2020-01-04,🪄魔法系,63,-,バラモス城B1,バラモス(GBC版)🪄(63),未分類,0,1,3000,999,240,200,85,2,0,65535,0,はげしいほのお,"🔥イオナズン,🔥メラゾーマ,⬇️メダパニ,🔥イオナズン,💫バシルーラ",いいえ,-,-,-,炎○|ヒ△|バ△|デ×|死◎|犠◎|光◎|幻△|眠○|吸◎|封○|乱◎|守△|早◎
2046-04-04,🪄魔法系,63,-,ゾーマの城B5（固定）,ゾーマ（1）🪄(63),未分類,0,1,4500,999,500,350,255,2,0,0,0,"こごえるふぶき,こごえるふぶき,いてつくはどう,こごえるふぶき,こごえるふぶき","❄️マヒャド,🛡️🪄マホカンタ",いいえ,-,-,-,炎◎|ヒ◎|バ◎|デ◎|死◎|犠◎|光◎|幻◎|眠◎|吸◎|封◎|乱◎|守◎|早◎
2049-01-01,🪄魔法系,63,-,謎の塔外観・2F～5F,ほうおう🪄(63),未分類,0,1,350,999,250,150,90,2,7,3700,150,-,"💖ベホマラー,💫バシルーラ",いいえ,-,🌿せかいじゅのは,D,炎△|ヒ△|バ△|デ△|死○|犠△|光◎|幻△|眠△|吸△|封△|乱△|守×|早×
2049-01-02,⚔️️戦士系,63,-,謎の塔外観・2F～5F,てんのもんばん⚔️️(63),未分類,0,1,700,0,350,200,100,1,0,8500,130,痛恨の一撃,-,いいえ,-,💎いかりのタトゥー,D,炎×|ヒ△|バ△|デ×|死○|犠◎|光◎|幻◎|眠○|吸◎|封◎|乱△|守○|早△
2050-01-01,⚔️️戦士系,63,-,謎の洞窟4,メタルキメラ⚔️️(63),未分類,0,1,150,0,170,350,120,2,4,9000,50,"こおりのいき,こごえるふぶき",-,いいえ,-,👟しあわせのくつ,E,炎◎|ヒ◎|バ◎|デ×|死◎|犠○|光◎|幻×|眠○|吸◎|封◎|乱◎|守○|早×
2050-02-01,🪄魔法系,63,-,謎の洞窟1～2・4,デビルウィザード🪄(63),未分類,0,1,350,999,180,170,150,2,0,4300,210,-,"👼ザオリク,🔥イオナズン,💖ベホマ,🛡️⬇️ルカナン,⚔️⬆️バイキルト,⬇️マホトーン",いいえ,-,💍いのりのゆびわ,C,炎△|ヒ△|バ△|デ×|死◎|犠△|光◎|幻×|眠○|吸◎|封◎|乱◎|守×|早×
2050-03-01,🪄魔法系,63,-,謎の洞窟1～3・6,キラークラブ🪄(63),未分類,0,1,180,999,230,250,115,0,0,2500,80,-,"😴ラリホー,⚔️⬆️スカラ,⚔️⬆️スクルト",いいえ,-,おおばさみ,C,炎×|ヒ×|バ×|デ×|死◎|犠×|光×|幻◎|眠◎|吸◎|封○|乱○|守×|早×
2050-03-02,⚔️️戦士系,63,-,謎の洞窟1～3・6,ダークトロル⚔️️(63),未分類,0,1,700,8,330,80,50,2,0,3700,63,痛恨の一撃,⚔️⬆️バイキルト,いいえ,-,📖あたまがさえるほん,C,炎×|ヒ×|バ×|デ×|死○|犠△|光◎|幻×|眠○|吸◎|封◎|乱○|守×|早○
2050-04-01,⚔️️戦士系,63,-,謎の洞窟3～4・6,デーモンソード⚔️️(63),未分類,0,1,300,0,220,150,90,1,0,2800,52,やけつくいき,-,いいえ,-,🗡️もろはのつるぎ,E,炎△|ヒ○|バ○|デ△|死◎|犠△|光△|幻○|眠△|吸◎|封◎|乱○|守○|早×
2050-05-01,🪄魔法系,63,-,謎の洞窟1～2,バラモスエビル🪄(63),未分類,0,1,900,999,260,140,110,1,0,7300,150,こごえるふぶき,"🔥メラゾーマ,🔥イオナズン",いいえ,-,🧆ふしぎなきのみ,F,炎×|ヒ×|バ◎|デ◎|死◎|犠◎|光◎|幻◎|眠◎|吸◎|封◎|乱◎|守◎|早×
2049-02-01,🪄魔法系,63,-,謎の塔（固定）,しんりゅう🪄(63),未分類,0,1,7300,999,400,350,255,2,0,50000,0,"かみくだく,のしかかる,にらみつける,いてつくはどう,こごえるふぶき,しゃくねつ",🔥イオナズン,いいえ,-,🌱ちからのたね,C,炎×|ヒ×|バ×|デ×|死◎|犠◎|光◎|幻◎|眠◎|吸◎|封◎|乱◎|守◎|早◎
2006-03-01,⚔️️戦士系,63,-,シャンパーニの塔4F（固定）,カンダタ（1）⚔️️(63),未分類,0,1,300,0,70,54,10,0,2,2200,0,痛恨の一撃,-,いいえ,-,-,-,炎△|ヒ×|バ×|デ×|死◎|犠◎|光◎|幻◎|眠◎|吸◎|封◎|乱◎|守△|早◎
2006-03-02,⚔️️戦士系,63,-,シャンパーニの塔4F（固定）,カンダタこぶん（1）⚔️️(63),未分類,0,1,60,0,45,31,20,0,0,80,0,-,,いいえ,-,-,-,炎×|ヒ×|バ×|デ×|死◎|犠◎|光◎|幻△|眠×|吸◎|封◎|乱◎|守×|早◎
2019-02-01,🪄魔法系,63,-,バハラタ東の洞窟B2（固定）,カンダタこぶん（2）🪄(63),未分類,0,1,120,20,65,60,37,1,2,100,0,-,"🛡️⬇️ルカナン,💖ベホイミ",いいえ,-,-,-,炎×|ヒ×|バ×|デ×|死◎|犠◎|光◎|幻○|眠○|吸◎|封○|乱◎|守△|早○
2051-01-01,🪄魔法系,63,-,ジパング（固定）,やまたのおろち（2）🪄(63),未分類,0,1,2000,12,140,68,50,1,0,8040,1000,"かえんのいき,ひのいき",-,いいえ,-,-,-,炎◎|ヒ×|バ×|デ×|死◎|犠◎|光◎|幻△|眠◎|吸◎|封◎|乱◎|守△|早◎
2046-04-05,🪄魔法系,63,-,ゾーマの城B5（固定）,ゾーマ（2）🪄(63),未分類,0,1,4700,999,360,200,80,1,0,0,0,"こごえるふぶき,いてつくはどう",❄️マヒャド,いいえ,-,-,-,炎×|ヒ◎|バ○|デ×|死◎|犠◎|光◎|幻◎|眠◎|吸◎|封◎|乱◎|守×|早◎
2019-02-02,⚔️️戦士系,63,-,バハラタ東の洞窟B2（固定）,カンダタ（2）⚔️️(63),未分類,0,1,700,0,95,70,23,1,0,4800,0,痛恨の一撃,-,いいえ,-,-,-,炎△|ヒ△|バ×|デ×|死◎|犠◎|光◎|幻◎|眠◎|吸◎|封◎|乱◎|守△|早◎
2052-01-01,⚔️️戦士系,63,-,氷の洞窟B2～B3,シルバーベア⚔️️(63),未分類,0,1,350,0,230,100,95,1,0,2500,140,痛恨の一撃,-,いいえ,仲間を呼ぶ,🌿せかいじゅのは,E,炎×|ヒ○|バ×|デ×|死○|犠△|光◎|幻△|眠△|吸◎|封◎|乱△|守△|早△
2052-01-02,🪄魔法系,72,-,氷の洞窟B2～B3,ホワイトライオン🪄(72),未分類,0,1,450,100,250,130,105,2,0,3500,140,-,"❄️マヒャド,💖ベホマ",いいえ,-,🌱かしこさのたね,C,炎×|ヒ○|バ×|デ×|死◎|犠△|光◎|幻◎|眠○|吸○|封△|乱○|守△|早△
2052-01-03,⚔️️戦士系,72,-,氷の洞窟B2～B3,キースドラゴン⚔️️(72),未分類,0,1,550,0,310,150,100,2,0,4200,150,"こごえるふぶき,痛恨の一撃",-,いいえ,-,💎いのちのきのみ,C,炎△|ヒ△|バ△|デ×|死○|犠△|光◎|幻○|眠◎|吸◎|封◎|乱◎|守△|早△
2052-02-01,🪄魔法系,72,-,氷の洞窟B4～B5,パンドラボックス🪄(72),未分類,0,1,750,200,230,180,150,1,1,6000,400,やけつくいき,"⬇️マホトラ,💀ザラキ",いいえ,-,💎いかりのタトゥー,D,炎○|ヒ△|バ△|デ△|死◎|犠◎|光◎|幻×|眠◎|吸◎|封△|乱○|守△|早○
2052-03-01,⚔️️戦士系,63,-,氷の洞窟B3（西）～B5,アイアンナイト⚔️️(63),未分類,0,1,300,60,200,200,120,2,0,3300,120,痛恨の一撃,"⚔️⬆️バイキルト,⚔️⬆️スクルト,🛡️⬇️ルカナン",いいえ,-,🌱スタミナのたね,C,炎△|ヒ△|バ◎|デ×|死○|犠△|光◎|幻△|眠○|吸△|封△|乱◎|守○|早△
2052-02-02,⚔️️戦士系,63,-,氷の洞窟B4～B5,ダースドラゴン⚔️️(63),未分類,0,1,700,0,280,170,110,1,0,4500,220,"はげしいほのお,痛恨の一撃",-,いいえ,-,🌱ちからのたね,C,炎△|ヒ△|バ○|デ△|死◎|犠△|光◎|幻◎|眠◎|吸◎|封◎|乱○|守○|早○
2052-04-01,🪄魔法系,60,-,氷の洞窟B2～B5,メタルハンド🪄(60),未分類,0,1,180,12,210,200,85,1,0,2000,90,-,🔥ベギラマ,いいえ,仲間を呼ぶ,🌱ラックのたね,C,炎○|ヒ◎|バ◎|デ△|死○|犠△|光◎|幻◎|眠△|吸◎|封◎|乱○|守△|早△
2052-01-04,🪄魔法系,58,-,氷の洞窟B2～B3,ダースギズモ🪄(58),未分類,0,1,240,120,230,150,115,1,1,3200,100,はげしいほのお,"🔥イオナズン,🔥メラゾーマ",いいえ,-,🧆ふしぎなきのみ,C,炎△|ヒ×|バ×|デ△|死○|犠○|光◎|幻×|眠△|吸◎|封○|乱○|守△|早△
2052-02-03,⚔️️戦士系,63,-,氷の洞窟B4～B5,はがねのきょぞう⚔️️(63),未分類,0,1,1000,0,330,200,60,1,0,6500,450,"のしかかる,痛恨の一撃",-,いいえ,-,🎫すごろくけん,F,炎×|ヒ×|バ○|デ×|死◎|犠◎|光◎|幻◎|眠◎|吸×|封◎|乱○|守×|早×
2052-05-01,🪄魔法系,72,-,氷の洞窟B6（固定）,グランドラゴーン🪄(72),未分類,0,1,10000,999,420,360,150,2,0,50000,0,"かみくだく,のしかかる,にらみつける,いてつくはどう,はげしいほのお,しゃくねつ",🔥イオナズン,いいえ,-,-,-,炎×|ヒ×|バ×|デ×|死◎|犠◎|光◎|幻◎|眠◎|吸◎|封◎|乱◎|守◎|早◎
