発売日,メーカー,タイトル,⭐クロスレビュー(評価),容量(bit),ジャンル,価格,ジョブカテゴリ,カウント,ハード・メモリ,👥クリエイターズ👨‍💼👨‍💻🎨,👨‍💼ディレクター,👨‍💻プログラマー,🎨デザイナー/美術,🎵音楽,📝シナリオ,💼プロデューサー,
1988-10-29,セガ,スーパーサンダーブレード,31,3,SHT,"￥5,800","￥6,000代",0,MD,,,,,並木晃一,,,
1988-10-29,セガ,スペースハリアーII,30,3,SHT,"￥5,800","￥6,000代",0,MD,,,,,,,,
1988-11-27,セガ,獣王記,-,3,ACT,"￥5,800","￥6,000代",0,MD,,,穂苅健一(AC)|浅井敏典(MD)|松田達夫(MD)|百田浩司(MD),内田誠(AC)|安原広和(AC)|NO NUKES(MD)|HAGA(AC)|梶本隆博(AC)|小玉理恵子(MD)|UDI(MD),中林亨(AC)|長井和彦(MD),,,
1988-12-24,セガ,おそ松くんはちゃめちゃ劇場,-,2,ACT,"￥5,500","￥5,500代",0,MD,,,,,,,,
1989-02-10,セガ,アレックスキッド天空魔城,-,2,ACT,"￥5,500","￥5,500代",0,MD,,林田浩太郎,中裕司,林田浩太郎|安原広和|小玉理恵子|大島直人|湯田高志|小林陽子|山口恭史,鎌谷千佳子|上保徳彦|長井和彦,,,
1989-03-21,セガ,ファンタシースターII還らざる時の終わりに,-,5,RPG,"￥8,000","￥8,000代",11,MD,,青木千恵子,中裕司,小玉理恵子|大島直人|山口恭史|柴田和幸|米田仁士,上保徳彦,青木千恵子,中裕司,
1989-04-22,セガ,スーパーリーグ,-,3,SPT,"￥5,800","￥6,000代",0,MD,,,,,,,,
1989-04-29,セガ,スーパー大戦略,31,3,SLG,"￥6,800","￥7,000代",0,MD,,,,,,,,
1989-06-15,テクノソフト,サンダーフォースIIMD,-,3,SHT,"￥6,800","￥7,000代",0,MD,,,,,,,,
1989-07-01,セガ,北斗の拳新世紀末救世主伝説,-,3,ACT,"￥6,000","￥6,000代",0,MD,,,,,フランク・ワイルドホーン,高橋亜子,,
1989-07-29,セガ,ワールドカップサッカー,-,2,SPT,"￥5,500","￥5,500代",0,MD,,,,,,,,
1989-08-03,セガ,大魔界村,31,4,ACT,"￥6,800","￥7,000代",8,MD,,,小池ひろし|篠原雅嗣|上山真一|菅原伸育,藤原得郎|吉本伸一|山本尚司,河本圭代,,,
1989-09-09,セガ,尾崎直道のスーパーマスターズ,-,3,SPT,"￥6,000","￥6,000代",0,MD,,,,,,,,
1989-10-06,アスミック,スーパーハイドライド,-,3,RPG,"￥7,900","￥8,000代",0,MD,,,,,,,,
1989-10-06,セガ,スーパーハングオン,-,3,RCG,"￥6,000","￥6,000代",0,MD,,浜垣博志,,,林克洋|並木晃一,,,
1989-10-21,セガ,ランボーIII,-,2,ACT,"￥5,500","￥5,500代",0,MD,,,,,,,,
1989-11-18,セガ,フォゴットンワールズ,-,3,SHT,"￥6,000","￥6,000代",0,MD,,,江川陽一|こじまのりこ|TAKEYO|山之内一雅,安田朗|西谷亮|船水紀孝|岡本吉起|栗原明美|TAKATA|SHINSYUDON|新谷さゆり|EMETARO,河本圭代|坂口由洋,,,
1989-11-25,セガ,孔雀王2幻影城,-,3,ACT,"￥6,000","￥6,000代",0,MD,,,,越智博之(1)|摩砂雪(2)|岸田隆宏(3)|小池健|阿部恒,,荻野真,,
1989-12-02,セガ,ザ・スーパー忍,-,3,ACT,"￥6,000","￥6,000代",0,MD,,,溝口松秀|KOTTSU,大場規勝|静岡太郎|湯田高志|清宮敦嗣,古代祐三,,山本圭一,
1989-12-09,セガ,TATSUJIN,-,3,SHT,"￥6,000","￥6,000代",0,MD,,,弓削雅稔,荻原直樹|清水由美子,弓削雅稔,,弓削雅稔,
1989-12-14,セガ,マージャンCOP竜白狼の野望,-,2,TBL,"￥5,500","￥5,500代",0,MD,,,,,,,,
1989-12-15,テクノソフト,ヘルツォーク・ツヴァイ,-,3,SLG,"￥6,800","￥7,000代",0,MD,,,岩永孝,福田泉|マーク・ウィリアム・エリクセン,新井直介|大谷智巳,,,
1989-12-16,セガ,ヴァーミリオン,-,4,RPG,"￥8,500","￥8,500代",0,MD,,,,,,,,
1989-12-23,マイクロネット,カース,-,3,SHT,"￥6,800","￥7,000代",0,MD,,,,,,,,
1989-12-23,セガ,ゴールデンアックス,31,3,ACT,"￥6,000","￥6,000代",8,MD,,,,内田誠,中林亨|高田陽,,,
1990-01-01,セガ,メガアンサー,-,3,ETC,"￥34,000","￥34,000代",0,MD,,,,,,,,
1990-01-13,セガ,ズーム,-,2,PZL,"￥5,500","￥5,500代",0,MD,,,,,,,,
1990-01-30,メサイヤ,史上最大の倉庫番,-,2,PZL,"￥5,200","￥5,000代",0,MD,,,,,,,,
1990-02-24,セガ,ソーサリアン,-,3,RPG,"￥7,000","￥7,000代",0,MD,,,木屋善夫,木屋善夫|山根ともお|都築和彦|大浦孝浩|佐藤善美|古代彩乃|小林誠(マニュアルイラスト),古代祐三|石川三恵子|竹林令子|永田英哉,五十嵐哲也|富一成|山根ともお|都築和彦,加藤正幸,
1990-03-02,セガ,スーパーリアルバスケットボール,-,3,SPT,"￥6,000","￥6,000代",0,MD,,,,,,,,
1990-03-03,タイトー,ザ・ニュージーランドストーリー,-,3,ACT,"￥6,800","￥7,000代",0,MD,,,,,,,,
1990-03-09,アスミック,エアダイバー,-,3,SHT,"￥6,800","￥7,000代",0,MD,,,,,,,,
1990-03-16,メサイヤ,重装機兵レイノス,-,3,SHT,"￥6,200","￥6,000代",0,MD,,,,,,,,
1990-03-23,電波新聞社,アフターバーナーII,-,3,SHT,"￥6,900","￥7,000代",0,MD,,鈴木裕|浜垣博志,三船敏,鈴木裕,川口博史,,中山隼雄,
1990-03-23,タイトー,ファイナルブロー,-,3,SPT,"￥6,800","￥7,000代",0,MD,,,藤末一郎|木下昌也|大野木雄一|いしわたたかゆき,石川幸生|沼田和博|野村明生,ZUNTATA SOUND TEAM,,,
1990-04-07,セガ,ダーウィン4081,-,3,SHT,"￥6,000","￥6,000代",0,MD,,,,,,,,
1990-04-21,セガ,時の継承者ファンタシースターIII,-,5,RPG,"￥8,700","￥8,500代",0,MD,,佐伯広人|ヤン・ワット,SWEEPER|塚本一成,尾崎豊中|せがわまさき,竹内出穂,佐伯広人,塚本一成,
1990-04-27,シグマ商事,サイオブレード,-,4,ADV,"￥8,500","￥8,500代",0,MD,,横山英二,西脇健太郎|小田芳郁,中島健二|中島健二|三浦かよ子|YOSHINORI MASUDA|AKIMICHI MORIBE|早瀬孝子,長谷川和伯|富田茂,TEAM RACCOON,横山俊朗,
1990-05-19,セガ,DJボーイ,-,3,ACT,"￥6,000","￥6,000代",0,MD,,,,,,,,
1990-05-26,セガ,ウィップラッシュ惑星ボルテガスの謎,-,3,SHT,"￥6,000","￥6,000代",0,MD,,,,,,,,
1990-06-08,サンソフト,TEL・TELまあじゃん,-,2,TBL,"￥5,800","￥6,000代",0,MD,,,,,,,,
1990-06-08,テクノソフト,サンダーフォースIII,31,3,SHT,"￥6,800","￥7,000代",0,MD,,,,,,,,
1990-06-23,セガ,大旋風,30,3,SHT,"￥6,000","￥6,000代",0,MD,,,,,太田理,,,
1990-06-30,セガ,ゴーストバスターズ,-,3,ACT,"￥6,000","￥6,000代",0,MD,,,,,エルマー・バーンスタイン,ダン・エイクロイド|ハロルド・ライミス,,
1990-06-30,セガ,コラムス,-,1,PZL,"￥5,500","￥5,500代",13,MD,,,,ジェイ・ギールセン,上保徳彦,,,
1990-07-14,セガ,ESWAT,-,3,ACT,"￥6,000","￥6,000代",0,MD,,,,,,,,
1990-07-20,ナムコ,フェリオス,-,3,SHT,"￥5,800","￥6,000代",0,MD,,,,,川元義徳,,,
1990-07-27,サンソフト,バットマン,-,3,ACT,"￥6,500","￥6,500代",0,MD,,,,,,,,
1990-07-28,セガ,サイバーボール,-,3,SPT,"￥6,000","￥6,000代",0,MD,,,,,,,,
1990-08-09,セガ,スーパーモナコGP,34,3,RCG,"￥6,000","￥6,000代",6,MD,,,,小口久雄,並木晃一,,,
1990-08-10,タイトー,ラスタンサーガII,-,3,ACT,"￥6,800","￥7,000代",0,MD,,小林よしのり,小林よしのり|とみたかひであき|たかはしとおる|かざまひでお,西村年幸|西村年幸|讃岐平|河上聖治|栗城源也,八木下直人|高木正彦,,小林よしのり,
1990-08-10,シグマ商事,四天明王,-,3,ACT,"￥6,200","￥6,000代",0,MD,,,,,,,,
1990-08-25,セガ,マイケルジャクソンズムーンウォーカー,-,3,ACT,"￥6,000","￥6,000代",10,MD,,,,マイケル・ジャクソン,中林亨,,,
1990-08-26,ユニパック,XDR,-,3,SHT,"￥6,800","￥7,000代",0,MD,,,,,,,,
1990-09-07,ホット・ビィ,インセクターX,-,3,SHT,"￥6,800","￥7,000代",0,MD,,,,,,,,
1990-09-07,ナムコ,クラックス,-,2,PZL,"￥4,900","￥5,000代",0,MD,,,デヴィッド・エーカース,マーク・スティーブン・ピアス,ブラッド・フラー,,,
1990-09-07,タイトー,スペースインベーダー90,-,2,SHT,"￥5,900","￥6,000代",0,MD,,,,,,,,
1990-09-28,メサイヤ,ヘルファイアー,-,3,SHT,"￥6,800","￥7,000代",0,MD,,,,,上村建也,,,
1990-09-29,セガ,ストライダー飛竜,-,6,ACT,"￥7,000","￥7,000代",0,MD,,,やまうちとしひろ|小松多恵|みきとしひこ|桑名正|金子清巳,四井浩一|藤原得郎|吉本伸一|坂下眞司|栗原明美,民谷淳子,,,
1990-10-05,タイトー,レインボーアイランドエキストラ,-,3,ACT,"￥6,800","￥7,000代",0,MD,,,藤末一郎|みきこうじ|おくのこうじ,三辻富貴朗|三辻富貴朗|讃岐平,相澤静夫|小倉久佳,三辻富貴朗,,
1990-10-12,ウルフチーム,FZ戦記AXIS(アクシス),-,3,ACT,"￥6,800","￥7,000代",0,MD,,,,,,,,
1990-10-12,サンリツ電気,ファットマン,-,4,ACT,"￥7,800","￥8,000代",0,MD,,,,,,,,
1990-10-19,ナムコ,バーニングフォース,-,3,SHT,"￥5,800","￥6,000代",0,MD,,,,,川元義徳,,,
1990-10-20,セガ,アローフラッシュ,-,3,SHT,"￥6,000","￥6,000代",0,MD,,,,,,,,
1990-10-21,サンソフト,TEL・TELスタジアム,-,3,SPT,"￥6,500","￥6,500代",0,MD,,,竹内昭人|ふじいひろかつ|メ メ|あんどうはつえ,AKIRA|AME,VIAL MUSIC,,,
1990-10-27,セガ,ダイナマイトデューク,-,3,ACT,"￥6,000","￥6,000代",0,MD,,,,,,,,
1990-11-02,東亜プラン,鮫!鮫!鮫!,31,3,SHT,"￥6,500","￥6,500代",0,MD,,弓削雅稔,弓削雅稔,岩渕孝悦|中岡慎太郎,弓削雅稔,,,
1990-11-16,ウルフチーム,グラナダ,-,3,SHT,"￥6,800","￥7,000代",0,MD,,,,,,,,
1990-11-21,セガ,アイラブミッキーマウスふしぎのお城大冒険,30,3,ACT,"￥4,800","￥5,000代",10,MD,,山本恵美子(メガドライブ)|吉田芳雄(マスターシステム|ゲームギア),SATMAN(メガドライブ)|KOTTU(メガドライブ)|MUIMUI(メガドライブ)|ORE(メガドライブ)|庄司卓(マスターシステム|ゲームギア),山本恵美子|吉田芳雄(マスターシステム|ゲームギア)|Michel Koba(マスターシステム|ゲームギア)|遠藤智三(マスターシステム|ゲームギア)|湯田高志(メガドライブ)|MIKARIN(メガドライブ)|LA-RIE(メガドライブ)| MACCOCHAN(メガドライブ)|川口貴子(マスターシステム|ゲームギア)|KYUUZOU F.(マスターシステム|ゲームギア),神谷重徳,,Stephan L. Butler|ORE(メガドライブ),
1990-11-22,ナムコ,メガパネル,-,2,PZL,"￥4,900","￥5,000代",0,MD,,,PRIMON,乗松聡,田島勝朗,,,
1990-11-25,マイクロネット,ジャンクション,-,3,PZL,"￥6,000","￥6,000代",0,MD,,,,,,,,
1990-12-01,セガ,シャドーダンサーザ・シークレット・オブ・シノビ,-,3,ACT,"￥6,000","￥6,000代",0,MD,,,,,,,,
1990-12-12,アスミック,キューティー鈴木のリングサイドエンジェル,-,3,SPT,"￥6,800","￥7,000代",0,MD,,,なかみちさえこ,NARISAWA|A AND K,森彰彦,,たかさきかずゆき,
1990-12-14,トレコ,アトミックロボキッド,-,3,ACT,"￥6,800","￥7,000代",0,MD,,,新井利男,藤沢勉|藤沢勉|たじまとくひさ,メカノアソシエイツ,,,
1990-12-14,テクノソフト,エレメンタルマスター,-,3,SHT,"￥6,800","￥7,000代",0,MD,,,,,,,,
1990-12-14,ゲームアーツ,ぎゅわんぶらあ自己中心派片山まさゆきの麻雀道場,-,3,TBL,"￥6,800","￥7,000代",0,MD,,,,,,,,
1990-12-15,セガ,まじかるハットのぶっとびターボ!大冒険,-,3,ACT,"￥5,800","￥6,000代",0,MD,,,,,,,,
1990-12-18,ナムコ,デンジャラスシード,-,3,SHT,"￥5,800","￥6,000代",0,MD,,H.SHIMA,A.SAM|S.SHIMIZU,S.SHIMIZU|篠崎雄一郎|篠崎雄一郎|佐々木茂雄|福岡充,奈雲美徳,,,
1990-12-20,セガ,クラックダウン,-,3,ACT,"￥6,000","￥6,000代",0,MD,,,,,川上泰広,,,
1990-12-20,タイトー,ダライアスII,-,6,SHT,"￥8,900","￥9,000代",0,MD,,藤原英裕,大槻朗|中村辰男|廿楽昌志|征矢野伸二,藤原英裕|仙波隆綱|菊池正美|仙波隆綱|加藤久和,小倉久佳,,藤原英裕,
1990-12-21,メサイヤ,スタークルーザー,-,3,ADV,"￥7,300","￥7,500代",0,MD,,,吉村功成|久原信広|宮園武志,吉村功成,山中季哉,吉村功成|宮園武志,,
1990-12-21,テンゲン,ハードドライビン,30,2,RCG,"￥5,900","￥6,000代",0,MD,,,マックス・ベヘンスキー|ステファニー・モット,リック・モンクリーフ|エリック・ダーフィー|マックス・ベヘンスキー|ジェド・マーゴリン|ステファニー・モット|サム・コムストック|クリス・モーザー|デボラ・ショート,ドン・ディークナイテ,,,
1990-12-21,東亜プラン,武者アレスタ,-,3,SHT,"￥6,800","￥7,000代",0,MD,,,外山雄一|弓恭羅,コンパイル|中島和之,迫田敏明,,仁井谷正充,
1990-12-22,セガ,モンスターレア,-,3,ACT,"￥6,000","￥6,000代",0,MD,,西澤龍一,星崎直樹,石塚理恵|鈴子裕美,坂本慎一,,,
1990-12-26,テレネット,ガイアレス,-,6,SHT,"￥8,400","￥8,500代",0,MD,,,,,,,三並達也,
1990-12-26,東宝,ヘビーユニットメガドライブスペシャル,-,3,SHT,"￥6,500","￥6,500代",0,MD,,,,,,,,
1991-01-01,日刊スポーツ/データサプライズ/ＶＡＮ,日刊スポーツプロ野球VAN,-,3,SPT,"￥7,000","￥7,000代",0,MD,,,,,,,,
1991-01-03,セガ,ゲイングランド,-,3,ACT,"￥6,000","￥6,000代",0,MD,,,大岡良樹,マック・オースティン|ヤン・ワット|EIRO,高田陽|林克洋,,,
1991-01-25,タイトー,ヴォルフィード,-,2,ACT,"￥4,900","￥5,000代",0,MD,,,こばやしよしのり|つかのとしあき|おきよういち,三辻富貴朗|三辻富貴朗|讃岐平|栗城源也,小倉久佳,,,
1991-01-25,メサイヤ,ジノーグ,-,3,SHT,"￥6,500","￥6,500代",0,MD,,高杉学,HALLOWEEN|MOIYAH,瀧沢久己|中井覚,岩垂徳行|おおばあきえ,,鈴木英夫,
1991-01-31,カネコ,エアロブラスターズ,-,3,SHT,"￥6,000","￥6,000代",0,MD,,,五十風さとし|竹内久徳,松岡けいすけ|尾鼻直人|T.KONAKAWA,渡辺達也,,金子浩,
1991-02-01,ビデオシステム,スーパーバレーボール,-,2,SPT,"￥5,800","￥6,000代",0,MD,,,,,,,,
1991-02-08,ナムコ,レッスルボール,-,3,SPT,"￥5,800","￥6,000代",7,MD,,,,,,,,
1991-02-15,セガ,バトルゴルファー唯,-,3,SPT,"￥6,000","￥6,000代",0,MD,,,鈴木宗太郎|青木司,きんちゃん68000|しゅみれちゃん|ANO清水|まっぴらくん|ひとりん.はがいたい,K.NAKAYAMA|けんたくん.やった!|まるやまけい|長尾優進,きんちゃん68000,,
1991-02-22,トレコ,究極タイガー,-,4,SHT,"￥7,500","￥7,500代",0,MD,,,弓削雅稔|上村建也,,弓削雅稔|上村建也,,,
1991-02-24,マイクロネット,シーザーの野望,-,6,SLG,"￥8,800","￥9,000代",0,MD,,,,,,,,
1991-03-01,セガ,ジョー・モンタナフットボール,-,3,SPT,"￥6,000","￥6,000代",0,MD,,,,,,,,
1991-03-01,セガ,ディックトレイシー,-,3,ACT,"￥6,000","￥6,000代",0,MD,,,,,,,,
1991-03-08,セガ,バハムート戦記,-,3,SLG,"￥6,800","￥7,000代",0,MD,,,むうみん|倉谷遣一,むうみん|倉谷遣一|塩谷博明,MUCHO&Comp.,,,
1991-03-19,ナムコ,ふしぎの海のナディア,-,6,ADV,"￥6,500","￥6,500代",0,MD,,,,貞本義行,鷺巣詩郎,大川久男|梅野かおる,,
1991-03-22,テレネット,ヴァリスIII,-,6,ACT,"￥8,400","￥8,500代",0,MD,,,,,,,,
1991-03-22,メサイヤ,魔物ハンター妖子第7の警鐘,-,3,ACT,"￥6,500","￥6,500代",0,MD,,,,,,,,
1991-03-29,セガ,シャイニング＆ザ・ダクネス,31,6,RPG,"￥8,700","￥8,500代",16,MD,,内藤寛,,吉田英博|玉木美孝,吉村政彦,高橋宏之,高橋宏之,
1991-03-29,九娯貿易,スーパーエアーウルフ,-,3,SHT,"￥6,800","￥7,000代",0,MD,,,,,,,,
1991-03-29,データイースト,ミッドナイトレジスタンス,-,6,ACT,"￥7,800","￥8,000代",0,MD,,,にしむらゆういち|はなだなおや|おおともゆうじ|TAC.H,秋林浩司|安達智生|皆川一巳|大西富士美|海宝吉成,原あづさ|吉田博昭|木内達也|こまつひとみ,,,
1991-03-29,ウルフチーム,斬夜叉円舞曲,-,3,SLG,"￥8,500","￥8,500代",0,MD,,,,,,,,
1991-03-29,テレネット,雀偵物語,-,6,TBL,"￥8,400","￥8,500代",0,MD,,,,,,,,
1991-04-05,アスミック,ヴェリテックス,-,3,SHT,"￥6,800","￥7,000代",0,MD,,,,,,,,
1991-04-26,メサイヤ,ラングリッサー,-,3,SLG,"￥7,300","￥7,500代",8,MD,,,,,,,,
1991-04-26,ビスコ,ワードナの森SPECIAL,-,3,ACT,"￥6,300","￥6,500代",0,MD,,,和田悦拓,,太田理,,,
1991-04-26,ホット・ビィ,火激,-,4,ACT,"￥7,700","￥7,500代",0,MD,,金子浩,おいかわかずゆき|さいぐさひろゆき|なりたのぶゆき|かとうたけお,金子浩,あいずせいいち,,,
1991-04-27,サンソフト,紫禁城,-,3,PZL,"￥6,500","￥6,500代",0,MD,,,,,,,,
1991-04-29,セガ,三国志列伝乱世の英雄たち,-,6,SLG,"￥8,700","￥8,500代",0,MD,,,,,,,,
1991-05-17,セガ,ボナンザブラザーズ,-,3,ACT,"￥6,000","￥6,000代",0,MD,,,,,並木晃一,,,
1991-05-31,東亜プラン,ゼロウイング,-,6,SHT,"￥8,000","￥8,000代",0,MD,,,,,上村建也|富沢敏明|弓削雅稔,,,
1991-05-31,タイトー,ファイアームスタング,-,3,SHT,"￥6,800","￥7,000代",0,MD,,,,,HIDE-KAZ,,,
1991-06-14,ウルフチーム,アークス・オデッセイ,-,6,ACT,"￥8,500","￥8,500代",0,MD,,,,,,,,
1991-06-17,セガ,アドバンスド大戦略ドイツ電撃作戦,33,6,SLG,"￥8,700","￥8,500代",8,MD,,,,,,,,
1991-06-22,講談社総研,ブルーアルマナック,-,6,RPG,"￥8,700","￥8,500代",0,MD,,,,,,,,
1991-06-26,タイトー,サンダーフォックス,-,6,ACT,"￥8,500","￥8,500代",0,MD,,,,前川浩之|河本憲孝|西川禎一|もりもとみなこ|はざまけんじ|おまえこうじ|やまだたかし|川岸誠治,海野和子,,,
1991-06-28,セガ,エイリアンストーム,-,3,ACT,"￥6,000","￥6,000代",0,MD,,,,,,,,
1991-06-28,タイトー,セイントソード,-,3,ACT,"￥6,800","￥7,000代",0,MD,,,,,アダム・ジャノタ・ブゾフスキ,ローズ・グラス,,
1991-06-28,ヒューマン,ファステスト・ワン,-,3,RCG,"￥7,500","￥7,500代",0,MD,,,,,,,,
1991-06-28,ナムコ,マーベルランド,-,6,ACT,"￥7,000","￥7,000代",0,MD,,CHITOSE,田中京太,ときた洸一,石井悦夫,CHITOSE,岡本進一郎|K.MATSUOKA,
1991-06-28,セガ,レッスルウォー,-,3,SPT,"￥6,000","￥6,000代",0,MD,,,,,,,,
1991-07-06,マイクロネット,雷電伝説,-,6,SHT,"￥8,800","￥9,000代",0,MD,,濱田均,K.KONDO|川口哲也|S.MORI,川口哲也|T.WADA|M.KOMAZAWA|T.MATSUZAWA|H.MATSUO,佐藤亜希羅,,濱田均,
1991-07-12,ナムコ,球界道中記,-,3,SPT,"￥6,000","￥6,000代",0,MD,,,,,川田宏行,,,
1991-07-19,トレコ,ストリートスマート,-,3,ACT,"￥6,800","￥7,000代",0,MD,,,,,,,,
1991-07-26,セガ,ソニック・ザ・ヘッジホッグ,33,3,ACT,"￥6,000","￥6,000代",23,MD,,,,大島直人(オリジナルデザイン:クラシックソニック)|上川祐司(アドベンチャー以降:モダンソニック),,,,
1991-07-26,東芝EMI,マスター・オブ・モンスターズ,-,3,SLG,"￥7,800","￥8,000代",0,MD,,,,,,,,
1991-08-02,セガ,ベア・ナックル怒りの鉄拳,-,3,ACT,"￥6,000","￥6,000代",0,MD,,大場規勝,百田浩司|LITTLE SUN,大場規勝|ちのひろあき|清宮敦嗣|福田ひろみ|NANDEMO|UDI,古代祐三,,百田浩司,
1991-08-02,テレネット,空牙,-,6,SHT,"￥8,400","￥8,500代",0,MD,,,MIN|MYA|HAL|HMD,小林ひろのり|T.A|大西富士美|小泉隆秀|青山きんや|NABESIMA|長尾園美|榎本和美|社本千佳|かわむらまこと|INOPITA|松田淳,吉田博昭|原あずさ|木内達也|FUSE|小松ひとみ|JOE KAMINKOW,,,
1991-08-02,ウルフチーム,超闘竜烈伝ディノランド,-,3,ACT,"￥6,800","￥7,000代",0,MD,,,,,,,,
1991-08-06,ナムコ,メガトラックス,-,3,RCG,"￥6,000","￥6,000代",0,MD,,,,,,,,
1991-08-09,セガ,アウトラン,30,6,RCG,"￥7,000","￥7,000代",0,MD,,,三船敏(アーケード)|香川忠司(アーケード)|大江玲(アーケード)|中裕司(セガ・マークⅢ),鈴木裕(アーケード)|石井洋児(アーケード)|松浦稔(アーケード)|貞森康毅(セガ・マークⅢ),川口博史(アーケード)|上保徳彦(セガ・マークⅢ),,,
1991-08-09,セガ,ポピュラス,30,3,SLG,"￥6,000","￥6,000代",0,MD,,,,,,,,
1991-08-30,セガ,ジュエルマスター,-,3,ACT,"￥6,000","￥6,000代",0,MD,,,,,,,,
1991-08-30,セガ,プロ野球スーパーリーグ'91,-,3,SPT,"￥6,800","￥7,000代",0,MD,,,,,,,,
1991-09-13,ＣＲＩ,ギャラクシーフォースII,-,6,SHT,"￥8,400","￥8,500代",0,MD,,,,,林克洋|並木晃一,,,
1991-09-20,ウルフチーム,エル・ヴィエント,-,6,ACT,"￥8,500","￥8,500代",0,MD,,,,,,,,
1991-09-20,セガ,レンタヒーロー,-,6,RPG,"￥8,700","￥8,500代",0,MD,,,岡安啓司|板井克倫,岡安啓司|伊崎和宏,川口博史|光吉猛修,ありかわゆきのぶ,,
1991-09-27,タイトー,マスターオブウエポン,-,3,SHT,"￥6,800","￥7,000代",0,MD,,島本享司,島本享司|村田武司|阿部哲士|近藤勝裕,石川幸生,小倉久佳|渡部恭久,,島本享司,
1991-09-27,セガ,戦場の狼II,-,6,SHT,"￥7,000","￥7,000代",0,MD,,,赤堀雅行|T.OHTA|まついよしひろ,岡野正衛|藤原得郎|木嶋美紀|西尾仁志|はやしたかし|かくたゆかり|木佐貫久司|M.NONAKA|小林美保|Y.KATAYAMA,後藤真奈美,,,
1991-09-30,ＵＰＬ,宇宙戦艦ゴモラ,-,6,SHT,"￥7,500","￥7,500代",0,MD,,,イトサム・マタルカ,藤沢勉|藤沢勉|青山きんや,長島義夫,,,
1991-10-10,テクノソフト,デビルクラッシュMD,-,3,ACT,"￥6,800","￥7,000代",0,MD,,,,,,,,
1991-10-11,セガ,ソード・オブ・ソダン,-,3,ACT,"￥6,000","￥6,000代",0,MD,,,,,,,,
1991-10-18,セガ,スパイダーマン,-,3,ACT,"￥6,000","￥6,000代",0,MD,,,,,,,,
1991-10-25,セガ,ワンダーボーイVモンスターワールドIII,-,4,ACT,"￥7,000","￥7,000代",0,MD,,平田豊|清水芳久,栗原孝典,盛岡三奈|栗原浩美|なかやまともこ|大空真紀,坂本慎一,,,
1991-10-25,タイトー,魔王連獅子,-,3,ACT,"￥6,800","￥7,000代",0,MD,,細田邦治,植木正好,WAO IWAO|片岡真喜男|細田邦治|ユー・ジェウ|片岡真喜男|池畑和義|かんのいちろう|ふくにしまさたか|NO MORE KATOH|平岩ひろかず,KANEDA,,,
1991-10-31,ホームデータ,将棋の星,-,2,TBL,"￥6,700","￥6,500代",0,MD,,,,,,,,
1991-11-01,セガ,ブロックアウト,-,3,PZL,"￥6,000","￥6,000代",0,MD,,,,,,,,
1991-11-01,テレネット,ワンダラーズフロムイース,-,6,RPG,"￥8,700","￥8,500代",0,MD,,,,,,,,
1991-11-02,ホームデータ,ドラゴンズアイプラス上海III,-,2,PZL,"￥5,800","￥6,000代",0,MD,,,,,,,,
1991-11-03,セガ,ゲーム図書館,-,1,ETC,"￥12,800","￥13,000代",0,MD,,,,,,,,
1991-11-04,セガ,パターゴルフ(ゲーム図書館),-,0,SPT,-,-,0,MD,,,,,,,,
1991-11-05,セガ,16t(ゲーム図書館),-,2,ACT,-,-,0,MD,,,,,,,,
1991-11-06,セガ,アウォーグ(ゲーム図書館),-,0,ACT,-,-,0,MD,,,,,,,,
1991-11-07,セガ,キスショット(ゲーム図書館),-,0,TBL,-,-,0,MD,,,,,,,,
1991-11-08,セガ,コラムス(ゲーム図書館),-,0,PZL,-,-,0,MD,,,,,,,,
1991-11-09,セガ,ソニックイレイザー(ゲーム図書館),-,2,PZL,-,-,0,MD,,,,,,,,
1991-11-10,セガ,テディボーイブルース(ゲーム図書館),-,0,ACT,-,-,0,MD,,,,,,,,
1991-11-11,セガ,どきどきペンギンランド(ゲーム図書館),-,2,PZL,-,-,0,MD,,,,,,,,
1991-11-12,セガ,ハイパーマーブル(ゲーム図書館),-,2,ACT,-,-,0,MD,,,,,,,,
1991-11-13,セガ,パドルファイター(ゲーム図書館),-,0,SPT,-,-,0,MD,,,,,,,,
1991-11-14,セガ,ピラミッドマジック(ゲーム図書館),-,2,PZL,-,-,0,MD,,,,,,,,
1991-11-15,タイトー,ルナーク,-,3,ACT,"￥6,800","￥7,000代",0,MD,,HIDE CHAN,菅原徹|MUSCLE SATO|八木正樹|安河内寿男|田中宏幸|こうやまゆういち,藪崎久也|菊地康彦|五十嵐恒三|藤原英裕|仙波隆綱|加藤久和|藪崎久也,渡部恭久,,藤原英裕,
1991-11-15,セガ,ピラミッドマジックSpecia(ゲーム図書館),-,0,PZL,-,-,0,MD,,,,,,,,
1991-11-16,セガ,ピラミッドマジックII(ゲーム図書館),-,2,PZL,-,-,0,MD,,,,,,,,
1991-11-17,セガ,ピラミッドマジックIII(ゲーム図書館),-,2,PZL,-,-,0,MD,,,,,,,,
1991-11-18,セガ,ファンタシースターIIテキストアドベンチャーアーミアの冒険(ゲーム図書館),-,2,ADV,-,-,0,MD,,,,,,,,
1991-11-19,ナムコ,ローリングサンダー2,-,6,ACT,"￥7,000","￥7,000代",0,MD,,根来司,二階堂和行,桑原弘,佐宗綾子,,,
1991-11-19,セガ,ファンタシースターIIテキストアドベンチャーアンナの冒険(ゲーム図書館),-,0,ADV,-,-,0,MD,,,,,,,,
1991-11-20,セガ,ファンタシースターIIテキストアドベンチャーカインズの冒険(ゲーム図書館),-,2,ADV,-,-,0,MD,,,,,,,,
1991-11-21,セガ,ファンタシースターIIテキストアドベンチャーシルカの冒険(ゲーム図書館),-,2,ADV,-,-,0,MD,,,,,,,,
1991-11-22,セガ,ファンタジアミッキーマウス・マジック,-,3,ACT,"￥4,800","￥5,000代",0,MD,,,,,,,,
1991-11-22,セガ,ファンタシースターIIテキストアドベンチャーネイの冒険(ゲーム図書館),-,0,ADV,-,-,0,MD,,,,,,,,
1991-11-23,セガ,ファンタシースターIIテキストアドベンチャーヒューイの冒険(ゲーム図書館),-,2,ADV,-,-,0,MD,,,,,,,,
1991-11-24,セガ,ファンタシースターIIテキストアドベンチャーユーシスの冒険(ゲーム図書館),-,0,ADV,-,-,0,MD,,,,,,,,
1991-11-25,セガ,ファンタシースターIIテキストアドベンチャールドガーの冒険(ゲーム図書館),-,0,ADV,-,-,0,MD,,,,,,,,
1991-11-26,セガ,フリッキー(ゲーム図書館),-,1,ACT,-,-,0,MD,,,,,,,,
1991-11-27,セガ,メガマインド(ゲーム図書館),-,2,PZL,-,-,0,MD,,,,,,,,
1991-11-28,セガ,メダルシティ(ゲーム図書館),-,0,TBL,-,-,0,MD,,,,,,,,
1991-11-29,テレネット,ビースト・ウォリアーズ,-,6,ACT,"￥8,400","￥8,500代",0,MD,,,,,,,,
1991-11-29,アスミック,乱世の覇者,-,6,SLG,"￥9,800","￥10,000代",0,MD,,,,,,,,
1991-11-29,セガ,リドルワイアード(ゲーム図書館),-,0,TBL,-,-,0,MD,,,,,,,,
1991-11-30,セガ,ロボットバトラー(ゲーム図書館),-,0,ACT,-,-,0,MD,,,,,,,,
1991-12-01,セガ,死の迷宮(ゲーム図書館),-,1,RPG,-,-,0,MD,,,,,,,,
1991-12-05,セガ,忍者武雷伝説,-,6,SLG,"￥8,700","￥8,500代",0,MD,,,,,,,,
1991-12-06,テレネット,エグザイル時の狭間へ,-,6,RPG,"￥8,900","￥9,000代",0,MD,,,,,,,,
1991-12-06,トレコ,ファイティングマスターズ,-,3,ACT,"￥6,800","￥7,000代",6,MD,,,,,,,,
1991-12-13,セガ,太平記,-,6,SLG,"￥8,700","￥8,500代",0,MD,,,,,,,,
1991-12-20,日本物産,F1サーカスMD,-,3,RCG,"￥7,500","￥7,500代",0,MD,,,,,,,,
1991-12-20,セガ,アイラブドナルドダックグルジア王の秘宝,-,3,ACT,"￥4,800","￥5,000代",0,MD,,山本恵美子,SATMAN|MUMUI|山本圭一|百田浩司|服部隆一|大森正人|佐藤達也,山本恵美子|湯田高志|RICE|MIKARIN,神谷重徳,,Jim Simmons,
1991-12-20,PALSOFT,アンデッドライン,-,6,SHT,"￥8,800","￥9,000代",0,MD,,内藤時浩,山本風太郎,内藤時浩|蜂谷孝宏|新村英明|鈴木英津子,長谷川和伯,,,
1991-12-20,ＩＧＳ,ダーナ女神誕生,-,6,ACT,"￥8,900","￥9,000代",0,MD,,,,,,,,
1991-12-20,トレコ,タスクフォースハリアーEX,-,6,SHT,"￥8,500","￥8,500代",0,MD,,,,,HIDE-KAZ,,,
1991-12-20,PALSOFT,ダブルドラゴンII,-,3,ACT,"￥8,800","￥9,000代",0,MD,,,,,,,,
1991-12-20,光栄,信長の野望武将風雲録,-,6,SLG,"￥11,800","￥12,000代",0,MD,,,,,菅野よう子,,シブサワ・コウ,
1991-12-20,バリエ,中島悟監修F-1GRANDPRIX,-,6,RCG,"￥7,800","￥8,000代",0,MD,,,,,,,,
1991-12-26,光栄,三國志II,-,6,SLG,"￥14,800","￥15,000代",0,MD,,,,,向谷実,,シブサワ・コウ,
1991-12-27,セガ,ゴールデンアックスII,-,3,ACT,"￥6,000","￥6,000代",0,MD,,,TAKUBON|K.KOBA,藤井一馬|川口博之|REW|尾崎豊中|SANT,幡谷尚史,,,
1991-12-27,テレネット,夢幻戦士ヴァリス,-,6,ACT,"￥8,400","￥8,500代",0,MD,,林浩樹(グラフィック)|小川史生(音楽),秋篠雅弘,ウルフ・チーム|林浩樹,小川史生,林浩樹|三橋幸雄,林浩樹,
1992-01-14,サンソフト,スーパーファンタジーゾーン,-,6,SHT,"￥6,800","￥7,000代",0,MD,,,KAWA-CHAN|KEROYON,AKIRA|ひろせまさのり|ほそえかずひと,小高直樹|瀬谷辰宇|原伸幸,,,
1992-01-14,ナムコ,ちびまる子ちゃんわくわくショッピング,-,3,TBL,"￥6,000","￥6,000代",0,MD,,,,,,,,
1992-01-24,セガ,ジョー・モンタナIIスポーツトークフットボール,-,6,SPT,"￥6,800","￥7,000代",0,MD,,,,,,,,
1992-01-31,セガ,JuJu伝説,-,3,ACT,"￥6,000","￥6,000代",0,MD,,,佐久間明|西澤孝|青木司,北原春樹|かきうちひろ|藤咲淳一|松原順,あおきゆうさく|北原幸憩,,,
1992-01-31,シムス,テクモワールドカップ'92,-,2,SPT,"￥6,200","￥6,000代",0,MD,,,,,,,,
1992-01-31,カネコ,ワニワニWorld,-,3,ACT,"￥6,600","￥6,500代",0,MD,,,,,,,,
1992-02-07,メサイヤ,ソーサルキングダム,-,6,RPG,"￥8,800","￥9,000代",0,MD,,,,,,,,
1992-02-14,テレネット,SDヴァリス,-,3,ACT,"￥6,800","￥7,000代",0,MD,,,,,,,,
1992-02-14,テレネット,港のトレイジア,-,6,RPG,"￥8,900","￥9,000代",0,MD,,,,,,,,
1992-02-28,データイースト,クルードバスター,-,6,ACT,"￥7,800","￥8,000代",0,MD,,,井上隆明|秋山宗一,大谷明|皆川一巳|長尾園美|海宝吉成|栗原映子|大江真徳|野田伸二|北原智江|藤原仁美|社本千佳|榎本和美,原あづさ|吉田博昭|木内達也,,堀田巌,
1992-02-28,テンゲン,ロードブラスターズ,-,3,RCG,"￥6,800","￥7,000代",0,MD,,,ボニー・スミスソン|ロバート・ウェザビー,,ブラッド・フラー(英語版),,,
1992-03-06,ビック東海,バトルマニア,-,3,SHT,"￥6,800","￥7,000代",0,MD,,TAKAYAN THE BARBARIAN,PROPELLER WADO|SABOTEN CUCTUS|TAKAYAN,DORO-P|PORTEN,濱田やすゆき,,,
1992-03-13,セガ,トージャム＆アール,-,6,ACT,"￥6,800","￥7,000代",0,MD,,,,,,,,
1992-03-13,ホット・ビィ,鋼鉄帝国,-,6,SHT,"￥7,800","￥8,000代",0,MD,,N.YAMAGUCHI|佐武義訓,,西健介|初谷諭,溝口功|窪寺義明|岩垂徳行,,朝長彰教,
1992-03-20,セガ,バックアップRAMカートリッジ,-,0,ETC,"￥6,300","￥6,500代",0,MD,,,,,,,,
1992-03-20,セガ,シャイニング・フォース神々の遺産,-,8,SLG,"￥8,700","￥8,500代",24,MD,,田口泰宏|折茂賢司,田口泰宏|田川佳紀|内藤寛|小寺春樹,高橋宏之|吉田英博|玉木美孝,吉村政彦,和智正喜|玉木美孝|高橋宏之,高橋宏之,
1992-03-27,セガ,アートアライブ,-,1,TBL,"￥3,800","￥4,000代",0,MD,,,,,,,,
1992-03-27,ヒューマン,サンダープロレスリング列伝,-,3,SPT,"￥7,400","￥7,500代",0,MD,,,いといまさし|Y.KATSUMATA,ZIGGY SANO|きたむらただあき|小杉和則|江南直緒|H.SANO|畑朗宏|小滝佳治,さいとうたけし,,,
1992-03-27,ビクター音産,シャドー･オブ･ザ･ビースト魔性の掟,-,6,ACT,"￥8,800","￥9,000代",0,MD,,,,,,,,
1992-03-27,ＭＣＷ,ストームロード,-,3,ACT,"￥6,800","￥7,000代",0,MD,,,,,,,,
1992-03-27,セガ,ターボアウトラン,-,3,RCG,"￥6,000","￥6,000代",0,MD,,浜垣博志,,三船敏[注釈 1],川口博史|高木保浩[注釈 2],,,
1992-03-27,テンゲン,ピットファイター,-,6,ACT,"￥7,800","￥8,000代",0,MD,,ゲイリー・スターク|マーク・ステファン・ピース,ゲイリー・スターク|ポール・クィン,ゲイリー・スターク|マーク・ステファン・ピース|ニコラス・スターン,ジョン・ポール,,ジェリー・モモダ,
1992-04-10,セガ,A列車で行こうMD,-,3,SLG,"￥6,800","￥7,000代",0,MD,,,,,,,,
1992-04-24,ゲームアーツ,アリシアドラグーン,-,6,ACT,"￥7,800","￥8,000代",0,MD,,,本間直純|原田修,上坂哲|幡池裕行|上村眞理子,笠谷文人|青島信幸|石母田守|園田容子|さとうまりこ,須永有三|神田善美,,
1992-04-24,ホット・ビィ,バッドオーメン,-,3,TBL,"￥6,800","￥7,000代",0,MD,,,,,,,,
1992-04-24,セガ,まじかる☆タルるートくん,-,3,ACT,"￥3,880","￥4,000代",9,MD,,山内重保,,大倉雅彦,横山菁児,江川達也,,
1992-04-29,光栄,大航海時代,-,6,SLG,"￥11,800","￥12,000代",0,MD,,,,,,,,
1992-04-30,ＭＣＷ,スライムワールド,30,3,ACT,"￥6,800","￥7,000代",0,MD,,,,,,,,
1992-05-15,バリエ,中島悟監修F1HEROMD,-,6,RCG,"￥7,800","￥8,000代",0,MD,,,,,,,,
1992-05-28,マイクロネット,シーザーの野望II,-,6,SLG,"￥8,800","￥9,000代",0,MD,,,,,,,,
1992-05-29,セガ,カメレオンキッド,-,6,ACT,"￥6,800","￥7,000代",0,MD,,,,,,,,
1992-06-12,テレネット,グランドスラム,-,3,SPT,"￥6,800","￥7,000代",0,MD,,,,,,,,
1992-06-19,ソフトビジョン,TOPPROGOLF,-,6,SPT,"￥8,500","￥8,500代",0,MD,,,,,,,,
1992-06-19,ＣＲＩ,スピードボール2,30,3,SPT,"￥6,800","￥7,000代",0,MD,,,,,,,,
1992-06-25,光栄,ロイヤルブラッド,-,6,SLG,"￥9,800","￥10,000代",0,MD,,,,,伊藤ヨシユキ|新田真澄,,シブサワ・コウ,
1992-06-26,テンゲン,ペーパーボーイ,-,3,ACT,"￥6,800","￥7,000代",0,MD,,,ジョン・サルウィッツ,デイヴ・ラルストン,ハル・キャノン|アール・ヴィッカーズ,,,
1992-06-26,セガ,闘技王キングコロッサス,-,6,RPG,"￥5,800","￥6,000代",0,MD,,,,,,,,
1992-07-10,セガ,デビッド・ロビンソンバスケットボール,-,3,SPT,"￥4,800","￥5,000代",0,MD,,,,,,,,
1992-07-10,セガ,炎の闘球児ドッジ弾平,-,3,SPT,"￥3,800","￥4,000代",0,MD,,,,はしもとかつみ|郷敏治,勝又隆一,こしたてつひろ,,
1992-07-17,セガ,アイルトン・セナスーパーモナコGPII,-,6,RCG,"￥7,800","￥8,000代",11,MD,,DOHNATTENNO,浜野隆弘|若山雅弘,KAKI|小玉理恵子|津川一吉,上保徳彦|小黒晴代,,SHIMACHAN,
1992-07-17,メサイヤ,グレイランサー,-,6,SHT,"￥8,300","￥8,500代",0,MD,,,,,,,,
1992-07-24,セガ,オリンピックゴールド,-,3,SPT,"￥4,800","￥5,000代",0,MD,,,,,,,,
1992-07-24,テクノソフト,サンダーフォースIV,-,6,SHT,"￥8,800","￥9,000代",5,MD,,,,,,,,
1992-07-24,ＣＲＩ,ダイナブラザーズ,-,6,SLG,"￥8,800","￥9,000代",0,MD,,,,,,,,
1992-07-24,ＷＡＳ,ツインクルテール,-,6,SHT,"￥7,800","￥8,000代",0,MD,,,,,,,,
1992-08-04,ナムコ,スプラッターハウスPART2,-,6,ACT,"￥5,800","￥6,000代",0,MD,,100 TARO,おおほりはるお,A CHAN|GYOEE〜! MIYACHAN|ながやまたいじ,金田栄子,,PAPAYA PAYAPAYA,
1992-08-07,セガ,ひょっこりひょうたん島大統領をめざせ,-,3,TBL,"￥4,800","￥5,000代",0,MD,,,,,,,,
1992-08-07,セガ,修羅の門,-,6,SLG,"￥6,000","￥6,000代",0,MD,,,,,,,,
1992-08-07,PALSOFT,熱血高校ドッジボール部サッカー編MD,-,3,SPT,"￥8,800","￥9,000代",0,MD,,,,,,,,
1992-09-24,光栄,提督の決断,-,6,SLG,"￥14,800","￥15,000代",0,MD,,,,,宮川泰,シブサワ・コウ,シブサワ・コウ,
1992-09-26,ホット・ビィ,キングサーモン,-,3,SLG,"￥6,800","￥7,000代",0,MD,,,,,,,,
1992-10-16,データイースト,チェルノブ,-,6,ACT,"￥7,800","￥8,000代",0,MD,,,井上隆明|秋山宗一|HAGA,野老雅典|J.S|MIX MAN|RITSU.T,原あづさ|吉田博昭|木内達也|TENNO,,,
1992-10-16,セガ,チキチキボーイズ,-,6,ACT,"￥6,000","￥6,000代",0,MD,,船水紀孝|岡本吉起,BLBON|MEIJIN|SAIKOU YUKI,Bully Duck|新谷さゆり|中山郁夫|たなべまゆみ,高岡宏光,,,
1992-10-23,メサイヤ,ヴィクセン357,-,6,SLG,"￥8,800","￥9,000代",0,MD,,,,,,,,
1992-10-23,タイトー,スーパーH.Q.,-,3,RCG,"￥6,800","￥7,000代",0,MD,,,,,,,,
1992-10-23,マーバ,機動警察パトレイバー98式起動せよ!,-,3,ADV,"￥7,800","￥8,000代",0,MD,,,,,,,,
1992-10-30,セガ,クライング亜生命戦争,-,6,SHT,"￥6,800","￥7,000代",0,MD,,,,,,,,
1992-10-30,セガ,ホリフィールドボクシング,-,3,SPT,"￥7,800","￥8,000代",0,MD,,,,,,,,
1992-10-30,セガ,ランドストーカー皇帝の財宝,33,9,RPG,"￥8,700","￥8,500代",15,MD,,折茂賢司|内藤寛,内藤寛,玉木美孝,武内基朗,西垣伸哉,,
1992-11-01,光栄,エアーマネジメント大空に賭ける,-,6,SLG,"￥11,800","￥12,000代",0,MD,,,,,,,,
1992-11-08,光栄,三國志III,-,8,SLG,"￥14,800","￥15,000代",0,MD,,,,,向谷実,,シブサワ・コウ,
1992-11-20,ＥＡＶ,プロフットボール,-,3,SPT,"￥6,800","￥7,000代",0,MD,,,,,,,,
1992-11-20,ＥＡＶ,プロホッケー,-,3,SPT,"￥6,800","￥7,000代",0,MD,,,,,,,,
1992-11-20,サンソフト,レミングス,-,6,PZL,"￥7,800","￥8,000代",0,MD,,,デイブ・ジョーンズ(英語版),ゲイリー・ティモンズ|スコット・ジョンストン,ブライアン・ジョンストン|ティム・ライト(英語版),,,
1992-11-20,ＥＡＶ,ロードラッシュ,-,6,RCG,"￥7,800","￥8,000代",0,MD,,,,,,,,
1992-11-21,セガ,ソニック・ザ・ヘッジホッグ2,30,6,ACT,"￥6,800","￥7,000代",19,MD,,吉井正晴(メガドライブ),山本正伸(メガドライブ)|中裕司(メガドライブ)|TOSHIYAN(マスターシステム|ゲームギア),安原広和(メガドライブ)|山口恭史(メガドライブ)|遠藤智三(マスターシステム|ゲームギア),中村正人(メガドライブ)|幡谷尚史(マスターシステム|ゲームギア)|尾形雅史(マスターシステム|ゲームギア)|澤田朋伯(マスターシステム|ゲームギア),,中山隼雄|中裕司(メガドライブ)|豊田信夫(メガドライブ),
1992-12-11,データイースト,サイドポケット,-,6,TBL,"￥7,800","￥8,000代",0,MD,,,,,,,,
1992-12-11,カネコ,パワーアスリート,-,6,ACT,"￥8,500","￥8,500代",0,MD,,,,,,,,
1992-12-11,テンゲン,ランパート,-,3,SLG,"￥6,800","￥7,000代",0,MD,,,ジョン・サルウィッツ,ジョン・サルウィッツ|デヴィッド・ラルストン,ブラッド・フラー|ドン・ディークナイテ,,リンダ・ベンツァー,
1992-12-11,バリエ,中島悟監修F-1スーパーライセンス,-,6,RCG,"￥9,000","￥9,000代",0,MD,,,,,,,,
1992-12-18,テンゲン,R.B.I.4.ベースボール,-,6,SPT,"￥7,800","￥8,000代",0,MD,,,,,,,,
1992-12-18,セガ,アイラブミッキー＆ドナルドふしぎなマジックボックス,36,6,ACT,"￥6,800","￥7,000代",0,MD,,,,,,,,
1992-12-18,Ｓ・Ｉ,パチンコクーニャン,-,6,TBL,"￥8,500","￥8,500代",0,MD,,,,,,,,
1992-12-18,セガ,ぷよぷよ,-,3,PZL,"￥4,800","￥5,000代",52,MD,,,,,,,,
1992-12-22,コナミ,T.M.N.T.リターンオブザシュレッダー,-,6,ACT,"￥6,800","￥7,000代",0,MD,,大山秀樹,鈴木弦,MORIYAMA 25,泉陸奥彦|東野美紀,,,
1992-12-25,セガ,タズマニア,-,6,ACT,"￥6,800","￥7,000代",0,MD,,,,,J・エリック・シュミット | リチャード・ストーン | マーク・ワッターズ | ドン・デイヴィス |スティーブ・バースティン|ジョン・ギーヴン|カール・ジョンソン|ハーヴェイ・コーエン|ジェリー・グラント,ワーナー・ブラザース|ルーニー・テューンズ,アート・ウィテロ,
1992-12-26,ＥＡＶ,ドリームチームUSA,-,6,SPT,"￥7,800","￥8,000代",0,MD,,,,,,,,
1993-01-14,セガ,ベア・ナックルII死闘への鎮魂歌,-,9,ACT,"￥7,800","￥8,000代",10,MD,,,河野明敏,CADMIX|内村語|古代彩乃|市川幹人|古代彩乃|有賀ヒトシ|斉藤智晴,古代祐三|川島基宏,,,
1993-01-16,光栄,ヨーロッパ戦線,-,6,SLG,"￥12,800","￥13,000代",0,MD,,,,,大野雄二,,シブサワ・コウ,
1993-01-29,ＭＣＷ,ザ・キックボクシング,-,6,SPT,"￥8,500","￥8,500代",0,MD,,,,,,,,
1993-02-12,ＥＡＶ,F22インターセプター,-,6,SHT,"￥8,900","￥9,000代",0,MD,,,,,,,,
1993-02-19,セガ,バットマン・リターンズ,-,6,ACT,"￥6,800","￥7,000代",0,MD,,,,,ダニー・エルフマン,ボブ・ケイン,,
1993-02-19,ＥＡＶ,邪神ドラクソス,-,6,ACT,"￥8,900","￥9,000代",0,MD,,,,,,,,
1993-02-26,セガ,G-LOC,-,6,SHT,"￥6,800","￥7,000代",0,MD,,,,,,,,
1993-02-26,小学館プロ／ゲームアーツ,Jリーグチャンピオンサッカー,-,3,SPT,"￥6,800","￥7,000代",0,MD,,,,,,,,
1993-02-26,セガ,マジンサーガ,-,6,ACT,"￥6,800","￥7,000代",0,MD,,,,,,,,
1993-03-19,ナムコ,スプラッターハウスPART3,-,9,ACT,"￥6,800","￥7,000代",0,MD,,Naga! Yama!,おおほりはるお,下間正巳|Gyoee! Miyazaki|Daiya.Y,金田栄子,,下間正巳|Papaya Payapaya,
1993-03-25,光栄,蒼き狼と白き牝鹿元朝秘史,-,7,SLG,"￥11,800","￥12,000代",0,MD,,,,,大島ミチル,,シブサワ・コウ,
1993-03-26,ＰＣＭ,GODS,-,6,ACT,"￥8,800","￥9,000代",0,MD,,,,,,,DREAMS COME TRUE,
1993-03-26,シムス,OutRun2019,-,6,RCG,"￥8,800","￥9,000代",0,MD,,,,,,,,
1993-03-26,セガ,ドラえもん夢どろぼうと7人のゴザンス,-,3,ACT,"￥6,800","￥7,000代",0,MD,,石井達也,小野寺正,久礼深雪|林宏樹|高梨誠|渡辺明美|高橋章|斉藤智晴|延東史郎,島村孝一,,渡部雅人,
1993-03-26,セガ,バトルトード,-,3,ACT,"￥6,800","￥7,000代",0,MD,,,クリス・スタンパー|マーク・ベターリッジ,ティム・スタンパー(英語版)|クリス・スタンパー(英語版)|ケヴィン・ベイリス,デビッド・ワイズ,,ジョエル・ホッホバーグ,
1993-04-02,ＥＡＶ,NBAプロバスケットボールブルズVSレイカーズ,-,6,SPT,"￥8,900","￥9,000代",0,MD,,,,,,,,
1993-04-09,マーバ,ウルトラマン,-,3,ACT,"￥5,800","￥6,000代",0,MD,,,,,,金城哲夫 ほか,,
1993-04-16,ＥＡＶ,PGAツアーゴルフII,-,6,SPT,"￥9,800","￥10,000代",0,MD,,,,,,,,
1993-04-23,ＥＡＶ,デザートストライク湾岸作戦,-,6,SHT,"￥8,900","￥9,000代",0,MD,,,,,,,,
1993-04-23,ナムコ,ボールジャックス,-,2,SPT,"￥6,000","￥6,000代",0,MD,,,,,,,,
1993-04-23,ＣＲＩ,メガロマニア,-,6,SLG,"￥8,800","￥9,000代",0,MD,,,,,,,,
1993-04-23,セガ,餓狼伝説宿命の戦い,-,8,ACT,"￥8,800","￥9,000代",9,MD,,,,,,,,
1993-04-29,ＥＡＶ,ゾウ!ゾウ!ゾウ!レスキュー大作戦,-,3,ACT,"￥8,900","￥9,000代",0,MD,,,,,,,,
1993-05-14,テンゲン,007・死闘,-,3,ACT,"￥6,800","￥7,000代",0,MD,,,,,".mw-parser-output .hlist dl|.mw-parser-output .hlist ol|.mw-parser-output .hlist ul{margin:0;padding:0}.mw-parser-output .hlist dd|.mw-parser-output .hlist dt|.mw-parser-output .hlist li{margin:0;display:inline-block;word-break:keep-all}.mw-parser-output .hlist.inline|.mw-parser-output .hlist.inline dl|.mw-parser-output .hlist.inline ol|.mw-parser-output .hlist.inline ul|.mw-parser-output .hlist dl dl|.mw-parser-output .hlist dl ol|.mw-parser-output .hlist dl ul|.mw-parser-output .hlist ol dl|.mw-parser-output .hlist ol ol|.mw-parser-output .hlist ol ul|.mw-parser-output .hlist ul dl|.mw-parser-output .hlist ul ol|.mw-parser-output .hlist ul ul{display:inline}.mw-parser-output .hlist .mw-empty-li{display:none}.mw-parser-output .hlist dt::after{content:"": ""}.mw-parser-output .hlist dd:after|.mw-parser-output .hlist li:after{content:"" ·\a0 "";font-weight:bold}.mw-parser-output .hlist-pipe dd:after|.mw-parser-output .hlist-pipe li:after{content:"" |\a0 "";font-weight:normal}.mw-parser-output .hlist-hyphen dd:after|.mw-parser-output .hlist-hyphen li:after{content:"" -\a0 "";font-weight:normal}.mw-parser-output .hlist-comma dd:after|.mw-parser-output .hlist-comma li:after{content:""|"";font-weight:normal}.mw-parser-output .hlist-slash dd:after|.mw-parser-output .hlist-slash li:after{content:"" /\a0 "";font-weight:normal}.mw-parser-output .hlist dd:last-child:after|.mw-parser-output .hlist dt:last-child:after|.mw-parser-output .hlist li:last-child:after{content:none}.mw-parser-output .hlist dd dd:first-child:before|.mw-parser-output .hlist dd dt:first-child:before|.mw-parser-output .hlist dd li:first-child:before|.mw-parser-output .hlist dt dd:first-child:before|.mw-parser-output .hlist dt dt:first-child:before|.mw-parser-output .hlist dt li:first-child:before|.mw-parser-output .hlist li dd:first-child:before|.mw-parser-output .hlist li dt:first-child:before|.mw-parser-output .hlist li li:first-child:before{content:""("";font-weight:normal}.mw-parser-output .hlist dd dd:last-child:after|.mw-parser-output .hlist dd dt:last-child:after|.mw-parser-output .hlist dd li:last-child:after|.mw-parser-output .hlist dt dd:last-child:after|.mw-parser-output .hlist dt dt:last-child:after|.mw-parser-output .hlist dt li:last-child:after|.mw-parser-output .hlist li dd:last-child:after|.mw-parser-output .hlist li dt:last-child:after|.mw-parser-output .hlist li li:last-child:after{content:"")\a0 "";font-weight:normal}.mw-parser-output .hlist ol{counter-reset:listitem}.mw-parser-output .hlist ol>li{counter-increment:listitem}.mw-parser-output .hlist ol>li:before{content:"" ""counter(listitem)""\a0 ""}.mw-parser-output .hlist dd ol>li:first-child:before|.mw-parser-output .hlist dt ol>li:first-child:before|.mw-parser-output .hlist li ol>li:first-child:before{content:""(""counter(listitem)""\a0 ""}ポール・マッカートニーリンダ・マッカートニー",,ジョージ・マーティン,
1993-05-28,セガ,エクスランザー,-,6,SHT,"￥7,800","￥8,000代",0,MD,,,,,,,,
1993-05-28,テンゲン,スノーブラザーズ,-,6,ACT,"￥7,800","￥8,000代",0,MD,,,,,太田理,,,
1993-05-28,光栄,太閤立志伝,-,7,SLG,"￥11,800","￥12,000代",0,MD,,,,,大島ミチル,,シブサワ・コウ,
1993-06-04,ＥＡＶ,LHXアタックチョッパー,-,6,SHT,"￥6,800","￥7,000代",0,MD,,,,,,,,
1993-06-09,ＥＡＶ,ジェームスポンドIIコードネーム・ロボコッド,-,3,ACT,"￥6,900","￥7,000代",0,MD,,,,,,,,
1993-06-11,テンゲン,スラップファイト,-,6,SHT,"￥7,800","￥8,000代",0,MD,,,,,弓削雅稔,,,
1993-06-18,セガ,Jリーグプロストライカー,-,6,SPT,"￥8,800","￥9,000代",8,MD,,,,,,,,
1993-06-18,ＥＡＶ,パワーモンガー,-,6,SLG,"￥8,900","￥9,000代",0,MD,,,ピーター・モリニュー|グレン・コープス(英語版)|ケヴィン・ドンキン,ゲイリー・カー|サイモン・ハンター,チャールズ・キャレット,,,
1993-06-25,Ｓ・Ｉ,TOPPROGOLF2,-,6,SPT,"￥8,500","￥8,500代",0,MD,,,,,,,,
1993-06-25,Ｓ・Ｉ,エリミネートダウン,-,6,SHT,"￥8,500","￥8,500代",0,MD,,,,,,,,
1993-06-25,セガ,ゴールデンアックスIII,-,6,ACT,"￥6,800","￥7,000代",0,MD,,,TAKUBON,藤井一馬|飯塚隆|WARUKATTA|岡田茂|杵村史朗,幡谷尚史|前田龍之|小黒晴代|澤田朋伯,,,
1993-06-25,テンゲン,スティールタロンズ,-,3,SHT,"￥6,800","￥7,000代",0,MD,,,,,,,,
1993-07-23,セガ,ザ・スーパー忍II,-,6,ACT,"￥6,800","￥7,000代",0,MD,,伊藤知行|松橋武,青木司|矢島利明|大井章雄,なかざわなおひさ|岩沢一之|荻窪勝彦|平間広行|森屋英明|原正憲,長尾優進|村崎弘史|秋山森彦,,高見富夫|兼安時紀,
1993-07-23,ＥＡＶ,ロードラッシュII,-,6,RCG,"￥8,900","￥9,000代",0,MD,,,,,,,,
1993-07-30,ＥＡＶ,NBAプレイオフブルズVSブレイザーズ,-,6,SPT,"￥8,900","￥9,000代",0,MD,,,,,,,,
1993-07-30,セガ,エコー・ザ・ドルフィン,31,6,ACT,"￥6,800","￥7,000代",7,MD,,,,,,,E. Ettore Annunziata,
1993-07-30,講談社総研,騎士伝説,-,7,SLG,"￥9,800","￥10,000代",0,MD,,,,,,,,
1993-08-06,コナミ,ロケットナイトアドベンチャーズ,-,6,ACT,"￥7,800","￥8,000代",0,MD,,中里伸也,堀尾健一郎,中里伸也|さとうしおり|高野泰,大内正徳|畑亜貴|安達昌宣|小林裕|山根ミチル,,桐田富和,
1993-08-10,ＥＡＶ,ウィザード・オブ・イモータル,-,9,ACT,"￥9,800","￥10,000代",0,MD,,,,,,,,
1993-08-13,テンゲン,マーブルマッドネス,-,3,ACT,"￥6,800","￥7,000代",0,MD,,,ボブ・フラナガン,マーク・サーニー,ハル・カノン|ブラッド・フラー,,,
1993-08-20,ＥＡＶ,キリング・ゲームショー,-,6,ACT,"￥8,900","￥9,000代",0,MD,,,,,,,,
1993-08-27,セガ,ジュラシック・パーク,-,9,ACT,"￥6,800","￥7,000代",0,MD,,,,,,『Jurassic Park Adventures: Survivor』(2001年) 『Jurassic Park Adventures: Prey』(2001年) 『Jurassic Park Adventures: Flyers』(2002),,
1993-09-03,セガ,ああ播磨灘,-,9,ACT,"￥7,800","￥8,000代",0,MD,,長田紀生,,新井豊,天野正道,さだやす圭,,
1993-09-10,セガ,ガンスターヒーローズ,-,6,ACT,"￥6,800","￥7,000代",9,MD,,,八井田満|菅波秀幸,菊池哲彦|井内洋,半沢紀夫,,,
1993-09-10,ＥＡＶ,ミュータントリーグ・フットボール,-,6,SPT,"￥8,900","￥9,000代",0,MD,,,,,,,,
1993-09-15,光栄,信長の野望全国版,-,3,SLG,"￥8,800","￥9,000代",0,MD,,,,,菅野よう子,,シブサワ・コウ,
1993-09-17,テンゲン,ガントレット,-,6,ACT,"￥7,800","￥8,000代",0,MD,,,,,,,,
1993-09-23,セガ,マクドナルドトレジャーランド・アドベンチャー,-,6,ACT,"￥6,800","￥7,000代",0,MD,,,,,,,,
1993-09-24,ＥＡＶ,ジョーダンVSバードONEonONE,-,6,SPT,"￥8,900","￥9,000代",0,MD,,,,,,,,
1993-09-28,カプコン,ストリートファイターIIダッシュプラス,30,12,ACT,"￥9,800","￥10,000代",19,MD,,,,安田朗(AKIMAN),下村陽子|阿部功,,岡本吉起,
1993-10-01,セガ,シャイニング・フォースII古えの封印,-,9,SLG,"￥8,800","￥9,000代",22,MD,,高橋秀五|田口泰宏,田口泰宏|高橋秀五|小寺春樹|沼屋賢司|山本豊|田中つかさ,SUEZEN,武内基朗,高橋宏之|久末律子|清水秀二,高橋宏之,
1993-10-15,セガ,コラムスIII対決!コラムスワールド,-,3,PZL,"￥4,800","￥5,000代",0,MD,,,,,,,,
1993-10-29,セガ,ペブルビーチの波涛,-,8,SPT,"￥8,800","￥9,000代",0,MD,,横山英二,加藤英治,中島健二,冨田茂,,横山俊朗,
1993-11-05,セガ,パーティクイズMEGAQ,-,6,TBL,"￥6,800","￥7,000代",0,MD,,,,,,,,
1993-11-05,セガ,雀皇登竜門,-,6,TBL,"￥6,800","￥7,000代",0,MD,,,,,,,,
1993-11-12,セガ,アラジン,35,9,ACT,"￥7,800","￥8,000代",10,MD,,,,,,,,
1993-11-19,ＥＡＶ,スペースファンキーB.O.B.,-,6,ACT,"￥8,900","￥9,000代",0,MD,,,,,,,,
1993-11-19,タイトー,フリントストーン,-,3,ACT,"￥3,880","￥4,000代",0,MD,,,,,,,,
1993-11-26,テンゲン,MiG-29,-,6,SHT,"￥7,800","￥8,000代",0,MD,,,,,,,,
1993-11-26,セガ,キング・オブ・ザ・モンスターズ,-,6,ACT,"￥6,800","￥7,000代",0,MD,,,,,田中敬一|西田和弘,,,
1993-11-26,テクモ,テクモスーパーボウル,-,6,SPT,"￥8,900","￥9,000代",0,MD,,,,,,,,
1993-12-03,コナミ,T.M.N.T.トーナメントファイターズ,-,9,ACT,"￥8,800","￥9,000代",0,MD,,大山秀樹,鈴木弦,MORIYAMA 25,泉陸奥彦|東野美紀,,,
1993-12-03,ＣＲＩ,ダイナブラザース2,-,9,SLG,"￥8,800","￥9,000代",0,MD,,,,,,,,
1993-12-10,セガ,ソニックスピンボール,-,6,TBL,"￥6,800","￥7,000代",0,MD,,ロジャー・ヘクター,デニス・コブル|リー・アクター|ケン・ローズ|スティーブ・ウォーター|ジェイソン・プラム|アール・ストラットン|デイヴ・サナー|スコット・チャンドラー,ピーター・モラウィエク|ホイト・ウン|ジョン・ダガン,バリー・ブルム|ブライアン・コバーン|ハワード・ドロシン|OUI MULTIMEDIA,,菅野豊,
1993-12-10,テンゲン,ドラゴンズリベンジ,-,6,ACT,"￥7,800","￥8,000代",0,MD,,,,,,,,
1993-12-10,コナミ,リーサルエンフォーサーズ,-,9,SHT,"￥9,800","￥10,000代",0,MD,,波多野よしあき,波多野よしあき,スティーヴ・ジョンソン,福井健一郎,,,
1993-12-17,セガ,Jリーグプロストライカー完全版,-,6,SPT,"￥8,800","￥9,000代",7,MD,,,,,,,,
1993-12-17,ＥＡＶ,ジャングルストライク受け継がれた狂気,-,9,SHT,"￥8,900","￥9,000代",0,MD,,,,,,,,
1993-12-17,セガ,ファンタシースター千年紀の終りに,-,12,RPG,"￥8,800","￥9,000代",22,MD,,小玉理恵子|吉田徹,円藤義秋|山本大輔,吉田徹|津川一吉|吉田徹|西山彰則|森司|小玉理恵子,竹内出穂|中垣斉己,西山彰則,,
1993-12-17,ビスコ,ブギウギ・ボーリング,-,3,SPT,"￥6,800","￥7,000代",0,MD,,,,,,,,
1993-12-17,ビクターＥ,メタルファング,-,3,SHT,"￥6,800","￥7,000代",0,MD,,,,,,,,
1993-12-17,T＆Eソフト,遥かなるオーガスタ,-,8,SPT,"￥8,800","￥9,000代",0,MD,,横山英二,加藤英治,中島健二,冨田茂,,横山俊朗,
1993-12-24,ビック東海,バトルマニア大吟醸,-,6,SHT,"￥7,800","￥8,000代",0,MD,,,,,,,,
1993-12-25,テンゲン,オーサムポッサム,-,9,ACT,"￥8,800","￥9,000代",0,MD,,,,,,,,
1993-12-26,ＥＡＶ,クルーボール,-,3,ACT,"￥6,800","￥7,000代",0,MD,,,,,,,,
1993-12-29,サンソフト,フラッシュバック,-,8,ACT,"￥8,000","￥8,000代",0,MD,,,,,,,,
1993-12-29,講談社総研,魔天の創滅,-,6,RPG,"￥8,900","￥9,000代",0,MD,,,,,,,,
1994-01-01,株式会社サンサン,サンサン,-,0,TBL,-,-,0,MD,,,,,,,,
1994-01-14,ＥＡＶ,ジェネラル・カオス大混戦,-,6,SLG,"￥8,900","￥9,000代",0,MD,,,,,,,,
1994-01-14,セガ,龍虎の拳,-,9,ACT,"￥8,800","￥9,000代",0,MD,,,,,,,,
1994-01-28,セガ,デビルズコース,-,8,SPT,"￥8,800","￥9,000代",0,MD,,,,,,リンジー・デヴリン,,
1994-01-28,セガ,幽☆遊☆白書外伝,-,9,ADV,"￥8,800","￥9,000代",0,MD,,,,,,,,
1994-02-04,セガ,NFLフットボール'94,-,9,SPT,"￥8,800","￥9,000代",0,MD,,,,,,,,
1994-02-11,セガ,ウィンターオリンピック,-,9,SPT,"￥7,800","￥8,000代",0,MD,,,,,,,,
1994-02-18,ＥＡＶ,NFLプロフットボール'94,-,9,SPT,"￥9,800","￥10,000代",0,MD,,,,,,,,
1994-02-18,光栄,エアーマネジメントII航空王をめざせ,-,6,SLG,"￥12,800","￥13,000代",0,MD,,,,,岩崎琢,,シブサワ・コウ,
1994-02-18,セガ,エターナルチャンピオンズ,-,12,ACT,"￥7,800","￥8,000代",0,MD,,,,,,,,
1994-02-18,ヴァージン,クールスポット,-,6,ACT,"￥8,000","￥8,000代",0,MD,,,,,,,,
1994-02-25,アクレイム,T2ジ・アーケードゲーム,-,6,SHT,"￥8,800","￥9,000代",0,MD,,,,,,,,
1994-02-25,テンゲン,デビスカップ,-,6,SPT,"￥7,800","￥8,000代",0,MD,,,,,,,,
1994-02-25,セガ,ワイアラエの奇蹟,-,8,SPT,"￥8,800","￥9,000代",0,MD,,横山英二,加藤英治,中島健二,冨田茂,,横山俊朗,
1994-02-25,光栄,信長の野望覇王伝,-,9,SLG,"￥12,800","￥13,000代",0,MD,,,,,菅野よう子,,シブサワ・コウ,
1994-03-04,ＥＡＶ,2020年スーパーベースボール,-,9,SPT,"￥9,800","￥10,000代",0,MD,,,,,,,,
1994-03-04,テクモ,テクモスーパーNBAバスケットボール,-,6,SPT,"￥8,900","￥9,000代",0,MD,,,,,,,,
1994-03-04,コナミ,ハイパーダンクザ・プレイオフエディション,-,9,SPT,"￥8,800","￥9,000代",0,MD,,,,,,,,
1994-03-11,マーバ,クレヨンしんちゃん嵐を呼ぶ園児,-,9,ACT,"￥8,800","￥9,000代",0,MD,,,,尾形和正|田中康介|牛村憲彦,富樫則彦,,,
1994-03-18,セガ,バーチャレーシング,33,9,RCG,"￥9,800","￥10,000代",19,MD,,鈴木裕,鈴木裕,名越稔洋,光吉猛修,,,
1994-03-18,コナミ,バンパイアキラー,-,6,ACT,"￥7,800","￥8,000代",0,MD,,,,,山根ミチル,,桐田富和,
1994-03-18,セガ,ベアナックルIII,-,12,ACT,"￥7,800","￥8,000代",8,MD,,YUI,百田浩司,WANTER|ZOZO|清宮敦嗣,古代祐三|川島基宏,,OSSIY|NORIYUKI,
1994-03-25,アクレイム,WWFロイヤルランブル,-,9,SPT,"￥8,900","￥9,000代",0,MD,,,,,,,,
1994-03-25,テンゲン,ヴイ・ファイヴ,-,6,SHT,"￥7,800","￥8,000代",0,MD,,高野健一,岩倉聖治|池田恒基,直良有祐|山口幹雄,弓削雅稔,,,
1994-03-25,ビック東海,タイムドミネーター,-,6,ACT,"￥7,800","￥8,000代",0,MD,,,,,,,,
1994-04-01,セガ,タントアール,-,9,TBL,"￥7,800","￥8,000代",0,MD,,,,,,,,
1994-04-01,バンダイ,ドラゴンボールZ武勇列伝,-,9,ACT,"￥8,800","￥9,000代",8,MD,,,,森下孝三|蛭田成一,天岸真志,,宮河恭夫|清水泰臣|鈴木敏弘,
1994-04-01,セガ,モンスターワールドIV,-,8,ACT,"￥8,800","￥9,000代",0,MD,,西澤龍一,H.TOHYAMA,大空真紀,渡辺人,,,
1994-04-02,セガ,ファンタシースター復刻版,-,3,RPG,"￥4,800","￥5,000代",0,MD,,,,,,,,
1994-04-22,データイースト,キャプテンラング,-,6,ACT,"￥6,800","￥7,000代",0,MD,,,,大谷明|さとうむつのり,清水絵美|岩崎正明,,,
1994-04-29,アクレイム,NBAJAM,-,9,SPT,"￥8,800","￥9,000代",0,MD,,,,,,,,
1994-05-13,セガ,アウトランナーズ,-,9,RCG,"￥7,800","￥8,000代",0,MD,,,,,中村隆之|光吉猛修|川口博史,,,
1994-05-20,セガ,ウィンブルドン,-,6,SPT,"￥6,800","￥7,000代",0,MD,,,,,,,,
1994-05-27,ＥＡＶ,F117ステルスオペレーション:ナイトストーム,-,9,SLG,"￥9,800","￥10,000代",0,MD,,,,,,,,
1994-05-27,セガ,グレイテストヘビーウェイツ,-,9,SPT,"￥7,800","￥8,000代",0,MD,,,,,,,,
1994-05-27,セガ,ソニック・ザ・ヘッジホッグ3,-,9,ACT,"￥5,800","￥6,000代",17,MD,,安原広和,中裕司|浜野隆弘|山元雅信,安原広和|よしだひさよし|飯塚隆|湯田高志|青木國武|横川聡,ブラッド・バクサー|ロバート・グリーン・ブルックス(英語版)|ダリル・ロス|ジェフ・グレース|ダグ・グリグスビー3世|シロッコ|マイケル・ジャクソン(クレジットなし)|瀬上純,,中山隼雄|中裕司,
1994-05-27,アクレイム,モータルコンバット,-,9,ACT,"￥7,800","￥8,000代",0,MD,,,,エド・ブーン|ジョン・トビアス,ダン・フォーデン,,,
1994-05-28,ヴァージン,ロボコップVSターミネーター,-,9,ACT,"￥8,900","￥9,000代",0,MD,,,,,,,,
1994-06-10,ＥＡＶ,FIFAインターナショナルサッカー,-,9,SPT,"￥9,800","￥10,000代",0,MD,,,,,,,,
1994-06-17,セガ,新創世紀ラグナセンティ,-,9,RPG,"￥8,000","￥8,000代",6,MD,,,,,,,,
1994-06-24,ヴァージン,チャックロックII,-,6,ACT,"￥8,000","￥8,000代",0,MD,,,,,,,,
1994-06-24,アクレイム,チャンピオンズワールドクラスサッカー,-,6,SPT,"￥7,800","￥8,000代",0,MD,,,,,,,,
1994-06-24,セガ,ロードモナーク・とことん戦闘伝説,-,9,SLG,"￥8,800","￥9,000代",0,MD,,,,,,,,
1994-06-24,タカラ,餓狼伝説2新たなる闘い,-,12,ACT,"￥9,800","￥10,000代",0,MD,,,,塚本高史|白井影二,清水敏夫|おさかようこ|北村芳彦|幡谷正彦,,川崎英吉,
1994-06-24,光栄,大航海時代II,-,9,SLG,"￥11,800","￥12,000代",0,MD,,,,,菅野よう子,,シブサワ・コウ,
1994-06-25,カプコン,スーパーストリートファイターIITHENEWCHALLENGERS,31,15,ACT,"￥10,900","￥11,000代",12,MD,,西谷亮,,西谷亮(NIN)|安田朗(AKIMAN),下村陽子|阿部功,,岡本吉起,
1994-07-01,ＥＡＶ,NBAプロバスケットボール'94,-,9,SPT,"￥9,800","￥10,000代",0,MD,,,,,,,,
1994-07-08,マーバ,美少女戦士セーラームーン,-,9,ACT,"￥8,800","￥9,000代",0,MD,,,,,,,,
1994-07-15,セガ,Jリーグプロストライカー2,-,9,SPT,"￥7,800","￥8,000代",0,MD,,,,,,,,
1994-07-22,セガ,ハイブリッド・フロント,-,9,SLG,"￥8,800","￥9,000代",0,MD,,,,角田純悦|末弥純|青井邦夫,幡谷尚史|白津順子,,,
1994-07-22,セガ,パルスマン,-,9,ACT,"￥7,800","￥8,000代",0,MD,,杉森建|田尻智,増田順一|太田健程|西橋倫治|太田智道,杉森建|田尻智|杉森建|藤原基史|にしだあつこ,増田順一,たにぐちりょうすけ,,
1994-08-05,セガ,ダイナマイトヘッディー,-,9,ACT,"￥6,800","￥7,000代",0,MD,,麻生宏(MD),前川正人(MD),木村幸一(MD)|荻野誠(MD),鈴木勝彦(MD)|山田耕治(MD)|畑亜貴(MD)|半沢紀雄(MD)|松平あこ(GG),,木村幸一(MD)|鋒山元茂(GG),
1994-08-12,サンソフト,パノラマコットン,-,11,SHT,"￥9,500","￥9,500代",0,MD,,田村英樹,,田村英樹|Motoi Saito|伊藤しのぶ,平田健一,,,
1994-08-26,セガ,エコー・ザ・ドルフィン2,-,9,ACT,"￥6,800","￥7,000代",0,MD,,,,,,,E. Ettore Annunziata,
1994-08-26,メサイヤ,ラングリッサー2,-,9,SLG,"￥9,800","￥10,000代",16,MD,,,,,,,,
1994-09-09,アクレイム,モータルコンバットII究極神拳,-,12,ACT,"￥8,800","￥9,000代",0,MD,,,,,,,,
1994-09-15,コナミ,魂斗羅ザ・ハードコア,-,9,ACT,"￥9,000","￥9,000代",0,MD,,中里伸也,みやおかけんじ,梅津泰臣,小林でび|荘司朗|みやおかけんじ|山根ミチル|山岡晃|谷口博史,中里伸也,桐田富和,
1994-09-16,セガ,ドラゴンスレイヤー英雄伝説,-,9,RPG,"￥8,800","￥9,000代",0,MD,,,,,,,,
1994-09-23,コナミ,スパークスターロケットナイトアドベンチャーズ2,31,6,ACT,"￥8,800","￥9,000代",0,MD,,,,,,,,
1994-09-30,セガ,幽☆遊☆白書魔強統一戦,-,12,ACT,"￥8,800","￥9,000代",8,MD,,菊地徹彦,右京雅生|八井田満,菊地徹彦|荻野誠,村田智|鈴木勝彦|畑亜貴|半沢紀雄,,,
1994-10-21,カプコン,ロックマンメガワールド,-,9,ACT,"￥8,500","￥8,500代",0,MD,,,,,,,,
1994-10-28,セガ,ソニック＆ナックルズ,30,9,ACT,"￥7,800","￥8,000代",7,MD,,安原広和,中裕司|浜野隆弘|山元雅信,安原広和|よしだひさよし|飯塚隆|湯田高志|青木國武|横川聡,en:Howard Drossin|瀬上純,,中山隼雄|中裕司|豊田信夫,
1994-10-28,セガ,ソニック＆ナックルズ+その他,-,10,ACT,-,-,0,MD,,,,,,,,
1994-10-28,セガ,ソニック＆ナックルズ+ソニック1,-,11,ACT,-,-,0,MD,,,,,,,,
1994-10-28,セガ,ソニック＆ナックルズ+ソニック2,-,13,ACT,-,-,0,MD,,,,,,,,
1994-10-28,セガ,ソニック＆ナックルズ+ソニック3,-,14,ACT,-,-,0,MD,,,,,,,,
1994-11-18,アトラス,豪血寺一族,-,12,ACT,"￥9,800","￥10,000代",0,MD,,,,,,,,
1994-11-19,セガ,サムライスピリッツ,-,12,ACT,"￥8,800","￥9,000代",0,MD,,,,,,,,
1994-12-02,コンパイル,ぷよぷよ通,-,9,PZL,"￥6,800","￥7,000代",12,MD,,,,,,,,
1994-12-03,セガ,DOOM,30,9,SHT,"￥7,800","￥8,000代",0,32X,,,ジョン・D・カーマック|ジョン・ロメロ|デイブ・テイラー,ジョン・ロメロ|トム・ホール|サンディ・ピーターセン|エイドリアン・カーマック|ケヴィン・クラウド,ボビー・プリンス,,,
1994-12-03,セガ,スターウォーズ・アーケード,-,12,SHT,"￥8,800","￥9,000代",0,32X,,,,,,,,
1994-12-03,セガ,スペースハリアー,-,9,SHT,"￥4,980","￥5,000代",0,32X,,藤井睦弘(セガ・マークIII),三船敏(アーケード)|川竹英士(アーケード)|中裕司(セガ・マークIII),鈴木裕(アーケード)|麻生宏(アーケード)|津田知介(アーケード)|永田英朗(アーケード)|貞森康毅(セガ・マークIII),川口博史(アーケード)|鈴木裕(アーケード)|上保徳彦(セガ・マークIII),中裕司(セガ・マークIII)|藤井睦弘(セガ・マークIII)|百田浩司(セガ・マークIII),金成貫(アーケード)|中裕司(セガ・マークIII),
1994-12-09,セガ,ストーリー・オブ・トア光を継ぐ者,-,12,RPG,"￥8,800","￥9,000代",0,MD,,,高橋幸生|小山英樹|河野明敏,内村語|古代彩乃|有賀ヒトシ,古代祐三,小川珠里,古代祐三,
1994-12-09,ヴァージン,ライオンキング,-,12,ACT,"￥7,800","￥8,000代",0,MD,,,,,ハンス・ジマー,なし,,
1994-12-16,アルトロン,トムとジェリー,-,6,ACT,"￥8,800","￥9,000代",0,MD,,,,,,,,
1994-12-16,アクレイム,ナイジェルマンセル・インディカー,-,9,RCG,"￥7,800","￥8,000代",0,MD,,,,,,,,
1994-12-16,セガ,バーチャレーシングデラックス,-,12,RCG,"￥8,800","￥9,000代",0,32X,,,,,,,,
1994-12-16,カプコン,ミッキーとミニーマジカルアドベンチャー2,-,9,ACT,"￥7,800","￥8,000代",0,MD,,,篠原雅嗣,,友澤眞,,ノア・ダッドレー|ゲーリー・グレイパー,
1994-12-20,テクモ,テクモスーパーボウル2スペシャルエディション,-,9,SPT,"￥9,980","￥10,000代",0,MD,,,,,,,,
1995-01-13,セガ,アフターバーナー・コンプリート,-,9,SHT,"￥4,980","￥5,000代",0,32X,,,,,,,,
1995-01-13,セガ,イチダントアール,31,9,TBL,"￥6,800","￥7,000代",0,MD,,,,,,,,
1995-01-20,セガ,ドラゴンスレイヤー英雄伝説II,-,9,RPG,"￥8,800","￥9,000代",0,MD,,,,,,,,
1995-01-27,セガ,サイバーブロール,-,12,ACT,"￥7,800","￥8,000代",0,32X,,,,,,,,
1995-02-17,セガ,リスター・ザ・シューティングスター,-,9,ACT,"￥6,800","￥7,000代",0,MD,,,金子博政|吉田茂|ひらいなおみ|松本卓也,西野陽|新村岳史|三宅拓巳|上川祐司,佐々木朋子,,麻生宏|押谷眞|石井洋児|金成実,
1995-02-24,セガ,GOLFMAGAZINEPRESENTS36GREATHOLESSTARRINGFREDCOUPLES,-,12,SPT,"￥8,800","￥9,000代",0,32X,,,,,,,,
1995-02-24,アクレイム,NBAJAMトーナメントエディション,-,12,SPT,"￥8,800","￥9,000代",0,MD,,,,,,,,
1995-02-24,アクレイム,NFLクォーターバッククラブ'95,-,12,SPT,"￥8,800","￥9,000代",0,MD,,,,,,,,
1995-02-24,セガ,エイリアンソルジャー,-,9,ACT,"￥6,800","￥7,000代",0,MD,,,菅波秀幸,進藤要,半沢紀雄,,菅波秀幸,
1995-02-24,セガ,メタルヘッド,-,12,ACT,"￥7,800","￥8,000代",0,32X,,,,,,,,
1995-03-17,セガ,サージングオーラ,-,9,RPG,"￥8,800","￥9,000代",0,MD,,,,いのまたむつみ,,林田浩太郎,,
1995-03-24,セガ,TEMPO,-,12,ACT,"￥7,800","￥8,000代",0,32X,,,,,,,,
1995-03-31,セガ,ミッキーマニア,30,9,ACT,"￥7,800","￥8,000代",0,MD,,,,,,,,
1995-04-21,セガ,カオティクス,-,12,ACT,"￥7,800","￥8,000代",0,32X,,小林正英|中村篤彦|なかざわなおひさ,岡本浩|矢島利明,福津浩|三浦桂介|小野健一|工藤稜|三宅拓巳|石渡爾奈|星野一幸|ソエジマヤスフミ,白津順子|南波真理子,,麻生宏|押谷眞|マイク・ラーセン,
1995-04-26,セガ,ステラアサルト,-,9,SHT,"￥7,800","￥8,000代",0,32X,,,,,,,,
1995-04-28,バンダイ,テレビアニメ・スラムダンク強豪真っ向対決!,-,9,SPT,"￥8,800","￥9,000代",0,MD,,,,,,,,
1995-04-28,アクレイム,トゥルーライズ,-,9,ACT,"￥7,800","￥8,000代",0,MD,,,,,ブラッド・フィーデル,クロード・ジディ|シモン・ミシェル|ディディエ・カミンカ,,
1995-05-19,アクレイム,モータルコンバットII究極神拳,-,14,ACT,"￥9,800","￥10,000代",0,32X,,,,,,,,
1995-05-26,アクレイム,マキシマムカーネイジ,-,9,ACT,"￥7,800","￥8,000代",0,MD,,,,,,,,
1995-05-26,セガ,ライトクルセイダー,-,9,ACT,"￥7,800","￥8,000代",0,MD,,,石田和彦|前川正人,井内洋|荻野誠|進藤要|木村幸一,畑亜貴,,,
1995-07-14,アクレイム,NFLクォーターバッククラブ'95,-,12,SPT,"￥8,800","￥9,000代",0,32X,,,,,,,,
1995-07-14,セガ,パラスコード,-,9,SHT,"￥7,800","￥8,000代",0,32X,,,,,,,,
1995-07-21,セガ,超球界ミラクルナイン,-,9,SPT,"￥7,800","￥8,000代",0,MD,,,,,,,,
1995-07-28,光栄,三國志IV,-,14,SLG,"￥14,800","￥15,000代",0,32X,,,,,長生淳|久保田邦夫,,シブサワ・コウ,
1995-08-04,セガ,プロストライカーファイナルステージ,-,9,SPT,"￥7,800","￥8,000代",0,MD,,,,,,,,
1995-09-01,アクレイム,NBAジャム・トーナメントエディション,-,14,SPT,"￥9,800","￥10,000代",0,32X,,,,,,,,
1995-09-01,アクレイム,WWFRAW,-,14,SPT,"￥9,800","￥10,000代",0,32X,,,,,def rebel,エド・コスキー|RAW構成作家,ビンス・マクマホン|ケビン・ダン|トリプルH,
1995-09-01,セガ,コミックスゾーン,30,9,ACT,"￥7,800","￥8,000代",0,MD,,エイドリアン・スティーブンス,エイドリアン・スティーブンス,ピーター・モラウィエク|ピーター・モラウィエク|トニー・デズニーガ(英語版)|アレックス・ニーニョ(英語版),ハワード・ドロシン,,マイケル・ウォーリス,
1995-09-01,アクレイム,ジャスティスリーグ,-,12,ACT,"￥8,800","￥9,000代",0,MD,,,,,ダニー・エルフマン,DCコミックス,,
1995-09-01,アクレイム,ジャッジ・ドレッド,-,9,ACT,"￥7,800","￥8,000代",0,MD,,,,,アラン・シルヴェストリ,キャラクター創造|ジョン・ワグナー|カルロス・エスクエラ,,
1995-09-22,セガ,ジ・ウーズ,-,6,ACT,"￥5,800","￥6,000代",0,MD,,,デイヴ・サナー,ジェイソン・クオ|スティーグ・ヘドランド(英語版)|デイヴ・サナー|ボブ・スティール|ジョン・デュガン,ハワード・ドロシン,,マイケル・ウォーリス,
1995-10-20,セガ,バーチャファイター,30,14,ACT,"￥7,800","￥8,000代",0,32X,,鈴木裕,池淵徹,石井精一,中村隆之,,鈴木裕,
1995-10-27,アクレイム,バットマンフォーエヴァー,-,12,ACT,"￥8,800","￥9,000代",0,MD,,,,,エリオット・ゴールデンサール,キャラクター創造|ボブ・ケイン,,
1995-10-27,アクレイム,フォアマンフォーリアル,-,12,SPT,"￥8,800","￥9,000代",0,MD,,,,,,,,
1995-12-22,セガ,ぺぺんがPENGO,-,6,ACT,"￥4,980","￥5,000代",0,MD,,,,,,,,
1995-12-31,アクレイム,WWFRAW,-,12,SPT,"￥8,800","￥9,000代",0,MD,,,,,def rebel,エド・コスキー|RAW構成作家,ビンス・マクマホン|ケビン・ダン|トリプルH,
1995-12-31,アクレイム,バーチャルバート,-,9,ACT,"￥8,800","￥9,000代",0,MD,,,,,,,,
1996-03-22,コンパイル,魔導物語I,-,9,RPG,"￥7,800","￥8,000代",0,MD,,,,,,,,
1991-12-12,ウルフチーム,ソル・フィース💿,-,16,-,-,-,0,💿メガCD,,,谷裕紀彦,浜田忠司|山本利雄,桜庭統,おおつやまちしお,秋篠雅弘,
1991-12-12,マイクロネット,ヘビーノバ💿,-,16,-,-,-,0,💿メガCD,,,,,,,,
1991-12-14,シュールド・ウェーブ,ノスタルジア1907💿,-,16,-,-,-,0,💿メガCD,,,,,,,,
1991-12-20,ウルフチーム,アーネスト・エバンス💿,-,16,-,-,-,0,💿メガCD,,,,,,,,
1991-12-20,セガ,惑星ウッドストックファンキーホラーバンド💿,-,16,-,-,-,0,💿メガCD,,,,,,,,
1991-12-28,ゲームアーツ,天下布武英雄たちの咆哮💿,-,16,-,-,-,0,💿メガCD,,宮路武,大畑和幸|浜田憲一,上村眞理子|毛利彰,青島伸幸|石母田守|KASS|園田容子|西隆宏,上坂哲,宮路洋一,
1992-02-18,ウルフチーム,精霊神世紀フェイエリア💿,-,16,-,-,-,0,💿メガCD,,,,,,,,
1992-03-27,日本テレネット,コズミックファンタジーストーリーズ💿,-,16,-,-,-,0,💿メガCD,,,,,,,,
1992-04-17,日本テレネット,デスブリンガー秘められた紋章💿,-,16,-,-,-,0,💿メガCD,,,,,,,スピッツ|高橋信彦|笹路正徳|土方隆行,
1992-05-29,ウルフチーム,アイルロード💿,-,16,-,-,-,0,💿メガCD,,,,,,,,
1992-05-29,セガ,クイズスクランブルスペシャル💿,-,16,-,-,-,0,💿メガCD,,,,,,,,
1992-06-19,日本テレネット,魔法の少女シルキーリップ💿,-,16,-,-,-,0,💿メガCD,,遠藤正二朗,大竹リップ♡,木下崇,梅津貴陽,遠藤正二朗,小川史生,
1992-06-26,ゲームアーツ,ルナザ・シルバースター💿,-,16,-,-,-,11,💿メガCD,,,,窪岡俊之,溝口功|岩垂徳行|藤岡央|窪寺義明|渋谷道玄,重馬敬,宮路洋一,
1992-07-31,ホット・ビィ,デトネイター・オーガン💿,-,16,-,-,-,0,💿メガCD,,,,菊池通隆|幡池裕行[注 1]|柿沼秀樹[注 2]|山根公利[注 2]|阿久津潤一[注 2]|夢野れい[注 2],平沢進,柿沼秀樹,,
1992-08-07,ビクター,プリンス・オブ・ペルシャ💿,-,16,-,-,-,0,💿メガCD,,,ジョーダン・メックナー,ジョーダン・メックナー,フランシス・メックナー,,ブライアン・エーラー,
1992-08-28,ウルフチーム,サンダーストームFX💿,-,16,-,-,-,0,💿メガCD,,,,,,,,
1992-09-11,セガ,ブライ八玉の勇士伝説💿,-,16,-,-,-,0,💿メガCD,,,,,,,,
1992-09-25,セガ,ライズ・オブ・ザ・ドラゴン💿,30,16,ADV,"￥7,140","￥7,000代",0,💿メガCD,,ジェフ・タネル(英語版),ダリウス・ルーカス|リチャード・レイル|ケヴィン・ライアン,ジェフ・タネル|ランディ・ダルシャム|ロバート・カラコール,ドン・ラタルスキー(英語版)|クリストファー・スティーブンス(英語版),ジェリー・ラトレル|デヴィッド・セラ,,
1992-09-25,ビクター,ワンダードッグ💿,-,16,-,-,-,0,💿メガCD,,,,高橋沙妃,DÉ DÉ MOUSE|ミト,野島伸司,,
1992-10-23,マイクロネット,ブラックホールアサルト💿,-,16,-,-,-,0,💿メガCD,,,,,,,,
1992-10-30,セガ,プロ野球スーパーリーグCD💿,-,16,-,-,-,0,💿メガCD,,,,,,,,
1992-11-13,ウルフチーム,タイムギャル💿,-,16,-,-,-,0,💿メガCD,,,くりやまたかし,藤原英裕|今沢哲男|我妻宏,今村善雄,,,
1992-11-27,コンパイル,電忍アレスタ💿,-,16,-,-,-,0,💿メガCD,,渡辺孝行,TAKIN|山下孝一|広野隆行,渡辺孝行|龍王院弘|大西伸一|高島俊介|渡辺孝行,田中勝巳|嶋崎聡,,仁井谷正充,
1992-12-18,セガ,アフターバーナー3💿,-,16,-,-,-,0,💿メガCD,,鈴木裕|浜垣博志,三船敏,鈴木裕,川口博史,,中山隼雄,
1992-12-18,ウルフチーム,ロードブラスターFX💿,32,16,RCG,"￥8,190","￥8,000代",0,💿メガCD,,岸本良久,熊谷慎太郎,高山秀樹|稲野義信,,,,
1992-12-18,ゲームアーツ,ぎゅわんぶらあ自己中心派2激闘!東京マージャンランド編💿,30,16,TBL,"￥8,190","￥8,000代",6,💿メガCD,,,,,,,,
1992-12-25,ウルフチーム,天舞メガCDスペシャル💿,-,16,-,-,-,0,💿メガCD,,,,,,,,
1992-12-25,シムス,カプコンのクイズ殿様の野望💿,-,16,-,-,-,0,💿メガCD,,,松嶋延幸|中井一仁,飯島哲也|C.KANEMITSU|M.OKAZAKI|KITASAN|MARILYN HIGUCHI,松前真奈美|GIPS.PAPA,,岡本吉起,
1992-01-04,ビクター,ワンダーメガコレクション💿,-,16,-,-,-,0,💿メガCD,,,,,,,,
1992-07-26,BMGビクター,SING!!セガゲームミュージックPresentedbyB.B.クィーンズ💿,-,16,-,-,-,0,💿メガCD,,,,,,,,
1993-01-03,データウエスト,サイキック・ディテクティブ・シリーズVol.3AYA💿,-,16,-,-,-,0,💿メガCD,,,,,,,,
1993-01-29,ゲームアーツ,ゆみみみっくす💿,-,16,-,-,-,0,💿メガCD,,岡部博明,小山洋幸|坂本順一|瀬川佳久|金井秀樹|工藤直樹|渡谷光浩,竹本泉,上條有|國島憲一|松田明男,竹本泉,宮路洋一|上坂哲,
1993-03-12,セガ,シムアース💿,-,16,-,-,-,0,💿メガCD,,,ダニエル・ゴールドマン|ポール・シュミット,フレッド・ハスラム|ウィル・ライト|ケイトリン・ミシェルデイトン|ピーター・ミシェルデイトン|ジェニー・マーティン|スーザン・グリーン,ヒース・ペーターソン,,スティーヴ・ベッカート,
1993-03-12,タイトー,ニンジャウォーリアーズ💿,-,16,-,-,-,0,💿メガCD,,緒方正樹,永田喜久|岩崎雄二|わたべよしゆき|緒方正樹|佐々木大輔,辻野浩司|石川幸生,小倉久佳,辻野浩司,末角要次郎,
1993-03-19,ビクター,ウルフチャイルド💿,-,16,-,-,-,0,💿メガCD,,,,,,,,
1993-03-26,ビクター,ジャガーXJ220💿,-,16,-,-,-,0,💿メガCD,,,,キース・ヘルフェット,,,,
1993-03-30,ウルフチーム,アネット再び💿,-,16,-,-,-,0,💿メガCD,,,,,,,,
1993-04-02,セガ,ファイナルファイトCD💿,-,16,-,-,-,0,💿メガCD,,,,,,,,
1993-04-23,コーエー,三國志3💿,-,16,-,-,-,0,💿メガCD,,,,,菅野よう子,,シブサワ・コウ,
1993-04-23,セガ,セガクラシックアーケードコレクション💿,-,16,-,-,-,0,💿メガCD,,,,,,,,
1993-04-23,セガ,スイッチ💿,30,16,ADV,"￥9,240","￥9,000代",0,💿メガCD,,,,,,,,
1993-04-23,メサイヤ,らんま1/2白蘭愛歌💿,-,16,-,-,-,0,💿メガCD,,岩崎秀雄|鈴木茂,小林一美|鈴木茂,菅原真由美|中山智純|北京黒犬|ZAZZIE|押見充利,飯塚博|高木みゆき|前田華代子,鈴木茂|川久保雄一,菅沼孝夫|盛武源|土田俊郎,
1993-05-28,ウルフチーム,デバステイター💿,-,16,-,-,-,0,💿メガCD,,,,,,,,
1993-05-28,タイトー,ナイトストライカー💿,-,16,-,-,-,0,💿メガCD,,海道賢仁,菅原徹|橋本英樹|つかのとしあき|津森康男|きたばやしたかし,関口忍|のむらあきお,高木正彦,,菅原徹,
1993-05-28,マイクロキャビン,幻影都市ILLUSIONCITY💿,-,16,-,-,-,0,💿メガCD,,中津泰彦,,中津泰彦|百鬼丸|陣内靖弘|橘田幸雄,新田忠弘|福田康文|瓜田幸治,加藤雅史,,
1993-06-25,セガ,メガシュヴァルツシルト💿,-,16,-,-,-,0,💿メガCD,,,,,,,,
1993-06-25,日本テレネット,Aランクサンダー誕生編💿,-,16,-,-,-,0,💿メガCD,,遠藤正二朗,粕谷智昭,遠藤正二朗|韮沢靖|後藤正行,小川史生|三好敏彦|近藤昭雄|平沢悦章|福島尚哉|YUJI,遠藤正二朗,小川史生,
1993-07-16,セガ,ダイナミックカントリークラブ💿,-,16,-,-,-,0,💿メガCD,,,,,,,,
1993-07-23,ウルフチーム,アークス1・2・3💿,-,16,-,-,-,0,💿メガCD,,,,,,,,
1993-07-23,セガ,聖魔伝説サザンアイズ💿,-,16,-,-,-,8,💿メガCD,,,,,,,,
1993-07-30,ゲームアーツ,シルフィード💿,31,16,SHT,"￥9,240","￥9,000代",15,💿メガCD,,,,,,,,
1993-07-30,ヒューマン,バリ・アーム💿,-,16,-,-,-,0,💿メガCD,,,,,,,,
1993-07-30,日本テレネット,サイボーグ009💿,-,16,-,-,-,0,💿メガCD,,,,牧由尚,KEN THE 390,亀田真二郎,,
1993-08-06,セガ,江川卓のスーパーリーグCD💿,-,16,-,-,-,0,💿メガCD,,,,,,,,
1993-08-06,ビクター,慶応遊撃隊💿,-,16,-,-,-,0,💿メガCD,,,,,,,,
1993-08-27,ビクター,雀豪ワールドカップ💿,-,16,-,-,-,0,💿メガCD,,,,,,,,
1993-09-17,コーエー,ウイニングポスト💿,-,16,-,-,-,0,💿メガCD,,,,,山崎洋一|新井智詞,,シブサワ・コウ,
1993-09-17,セガ,笑ゥせぇるすまん💿,-,16,-,-,-,0,💿メガCD,,,,岡迫亘弘|鈴木藤雄,田中公平,藤子不二雄Ⓐ,,
1993-09-17,ビクター,サンダーホーク💿,-,16,-,-,-,0,💿メガCD,,,,,,,,
1993-09-23,セガ,ソニック・ザ・ヘッジホッグCD💿,32,16,ACT,"￥9,240","￥9,000代",0,💿メガCD,,大島直人,山本啓一|溝口松秀|松岡雄一|佐藤達也|矢北法孝,ちのひろあき|小野健一|横山雄一郎|見吉隆夫|西野陽|川口博之|星野一幸,日本・欧州版|尾形雅史|幡谷尚史|北米版|スペンサー・ニールセン|デヴィッド・ヤング|スターリング,,中山隼雄金成貫|押谷眞,
1993-09-23,ビクター,モンキー・アイランドユーレイ海賊大騒動!💿,-,16,-,-,-,0,💿メガCD,,,,,,,,
1993-09-24,コーエー,蒼き狼と白き牝鹿元朝秘史💿,-,16,-,-,-,0,💿メガCD,,,,,大島ミチル,,シブサワ・コウ,
1993-10-22,シムス,ヴァイ流星の鎧💿,-,16,-,-,-,0,💿メガCD,,,,,,,,
1993-10-29,コナミ,リーサルエンフォーサーズ💿,-,16,-,-,-,0,💿メガCD,,波多野よしあき,波多野よしあき,スティーヴ・ジョンソン,福井健一郎,,,
1993-11-12,セガ,ダークウィザード蘇りし闇の魔導士💿,-,16,-,-,-,0,💿メガCD,,,,,,,,
1993-11-19,セガ,アルスラーン戦記💿,-,16,-,-,-,0,💿メガCD,,,,神村幸子|小木曽伸吾(チーフ)|田澤湖|渡邊和夫,岩代太郎,田中芳樹|荒川弘,,
1993-11-19,セガ,ナイトトラップ💿,33,16,ADV,"￥9,240","￥9,000代",9,💿メガCD,,,,,,,,
1993-11-26,サンドストーム,アルシャーク💿,-,16,-,-,-,0,💿メガCD,,,田名網正,飯淳|佐藤淳|青柳久|木村明広,佐藤天平,飯淳,,
1993-11-26,CSK総合研究所,マイト・アンド・マジック3💿,-,16,-,-,-,0,💿メガCD,,,,,,,,
1993-11-26,マイクロネット,ザ・サードワールドウォー💿,-,16,-,-,-,0,💿メガCD,,M.カトー,M.カトー|堀川謙太郎|池田貴之|常田稔|SKELETON,をたぼう|奈良岡勇一郎|本間仁|小田桐孝一|のむやん,田中遊梦|PIRATA|KAPPA|ファンダンゴ,,村上晶彦,
1993-12-10,セガ,夢見館の物語💿,32,16,ADV,"￥8,190","￥8,000代",7,💿メガCD,,デヴィッド・プラスコン,,S.S.D.,野見祐二,,デヴィッド・S・ストーン,
1993-12-10,データウエスト,サイキック・ディテクティブ・シリーズVol.4オルゴール💿,-,16,-,-,-,0,💿メガCD,,,,,,,,
1993-12-28,サミー,戦国伝承💿,-,16,-,-,-,0,💿メガCD,,,,,山手安生|清水敏夫,,,
1994-01-28,セガ,いしいひさいちの大政界💿,-,16,-,-,-,0,💿メガCD,,石井達也,島軒惣兵工|石黒雄一,石井達也|赤桐裕二|いしいひさいち,高山博彦,大蔵圭一,大岡良樹|渡辺雅人,
1994-02-25,シムス,真・女神転生💿,-,16,-,-,-,0,💿メガCD,,岡田耕始,佐藤雅美|岡田耕始|國枝剛|高木秀俊,伊藤龍太郎|藤岡一樹|しまだよしあき|鈴木一也(遊企画)|佐藤佐和子|村上哲也|片岡いずみ|高島志郎|金子一馬,増子司,鈴木一也|伊藤龍太郎,新野洋右,
1994-02-25,ビクター,マイクロコズム💿,-,16,-,-,-,0,💿メガCD,,,,,,,,
1994-03-18,セガ,ゲームのかんづめVOL.1💿,-,16,-,-,-,0,💿メガCD,,,,,,,,
1994-03-18,セガ,ゲームのかんづめVOL.2💿,-,16,-,-,-,0,💿メガCD,,,,,,,,
1994-03-18,日本物産,F1サーカスCD💿,-,16,-,-,-,0,💿メガCD,,,,,,,,
1994-03-18,ビクター,ハイムドール💿,-,16,-,-,-,0,💿メガCD,,,,,,,,
1994-03-25,コーエー,信長の野望覇王伝💿,-,16,-,-,-,0,💿メガCD,,,,,菅野よう子,,シブサワ・コウ,
1994-03-25,セガ,AX-101💿,-,16,-,-,-,0,💿メガCD,,,,,,,,
1994-03-25,セガ,ウイングコマンダー💿,-,16,-,-,-,0,💿メガCD,,,,,,,,
1994-03-25,ビクター,ダンジョン・マスター2スカルキープ💿,-,16,-,-,-,0,💿メガCD,,,,,,,,
1994-04-01,セガ,ぽっぷるメイル💿,-,16,-,-,-,0,💿メガCD,,木屋善夫,永嶋純,今井浩之|塩田雄一|田中久仁彦,石川三恵子|白川篤史,,加藤正幸,
1994-04-15,ゲームアーツ,うる星やつらディアマイフレンズ💿,-,16,-,-,-,0,💿メガCD,,上坂哲,岡部博明|工藤直樹|金井秀樹|渡谷光浩|中村博史,中嶋敦子|押木賢,大熊謙一,上坂哲|須永有三|月島とほる,宮路洋一|菅沼孝夫,
1994-04-15,マイクロネット,バトルファンタジー💿,-,16,-,-,-,0,💿メガCD,,,,,,,,
1994-04-22,ソニー,爆伝アンバランスゾーン💿,-,16,-,-,-,0,💿メガCD,,,,,,,,
1994-04-22,ポニーキャニオン,アイ・オブ・ザ・ビホルダー💿,-,16,-,-,-,0,💿メガCD,,ブルット・W・スペリー(英語版),フィリップ・W・ゴロー,フィリップ・W・ゴロー|イーディ・ララモア|ポール・S・ムードラ|ジョセフ・ボスティック|リック・パークス|アーロン・E・パウエル|ジョセフ・B・ヒューイット4世,ポール・S・ムードラ,イーディ・ララモア,,
1994-04-23,セガ,ヘブンリーシンフォニー💿,-,16,-,-,-,6,💿メガCD,,,,,,,,
1994-05-13,東映ビデオ,仮面ライダーZO💿,-,16,-,-,-,0,💿メガCD,,,,,川村栄二,石ノ森章太郎,,
1994-05-20,セガ,ロードス島戦記英雄戦争💿,-,16,-,-,-,7,💿メガCD,,,,,,,,
1994-06-03,アクレイムジャパン,モータルコンバット完全版💿,-,16,-,-,-,0,💿メガCD,,,,,,,,
1994-06-03,セガ,ドラゴンズレア💿,-,16,-,-,-,0,💿メガCD,,,マイケル・クナウアー|ヴィンス・リー,リック・ダイアー|ビクター・ペンマン|マーティ・フォールガー|ダーリーン・ウォディントン|ドン・ブルース,クリストファー・ストーン,,,
1994-06-24,アクレイムジャパン,WWFマニア・ツアー💿,-,16,-,-,-,0,💿メガCD,,,,,,,,
1994-07-22,セガ,シャイニング・フォースCD💿,-,16,-,-,-,13,💿メガCD,,,,,,,,
1994-07-29,ビクター,シャドー・オブ・ザ・ビースト2獣神の呪縛💿,-,16,-,-,-,0,💿メガCD,,,,,,,,
1994-09-22,ビクター,スター・ウォーズレベルアサルト💿,-,16,-,-,-,0,💿メガCD,,,,,,,,
1994-09-30,セガ,ジュラシック・パーク💿,31,16,ACT,"￥7,140","￥7,000代",0,💿メガCD,,,,,,『Jurassic Park Adventures: Survivor』(2001年) 『Jurassic Park Adventures: Prey』(2001年) 『Jurassic Park Adventures: Flyers』(2002),,
1994-09-30,テクモ,キャプテン翼💿,-,16,-,-,-,0,💿メガCD,,,,,,高橋陽一,,
1994-09-30,ビクター,バトルコープス💿,-,16,-,-,-,0,💿メガCD,,,,,,,,
1994-10-28,ナムコ,スターブレード💿,-,16,-,-,-,0,💿メガCD,,中谷始,松浦則政|斉藤仁人|大森靖,柳川渉,細江慎治,,澤野和則|山田昌紀,
1994-11-11,セガ,アフターハルマゲドン外伝魔獣闘将伝エクリプス💿,-,16,-,-,-,0,💿メガCD,,,,,,,,
1994-11-25,コナミ,リーサルエンフォーサーズ2ザ・ウエスタン💿,-,16,-,-,-,0,💿メガCD,,波多野よしあき,波多野よしあき,スティーヴ・ジョンソン,福井健一郎,,,
1994-12-20,アクレイムジャパン,NBAジャム💿,-,16,-,-,-,0,💿メガCD,,,ショーン・リプタク,マーク・ターメル|トニー・ゴスキー|ジョン・カールトン|サル・ディヴィタ|ジェイミー・リベット,ジョナサン・ヘイ,,,
1994-12-22,ゲームアーツ,ルナエターナルブルー💿,-,16,-,-,-,8,💿メガCD,,小山洋幸,小山洋幸,安住政敏|前田真宏|拔山敏弘,岩垂徳行|溝口功,重馬敬,,
1994-12-22,セガ,トムキャットアレイ💿,-,16,-,-,-,0,💿メガCD,,,,,,,,
1994-12-22,ビクター,ソウルスター💿,-,16,-,-,-,0,💿メガCD,,,,,,,,
1995-02-24,セガ,エコー・ザ・ドルフィンCD💿,-,16,-,-,-,0,💿メガCD,,,,,,,,
1995-02-24,ビクター,大封神伝💿,-,16,-,-,-,0,💿メガCD,,,,,,,,
1995-03-24,セガ,ダブルスイッチ💿,-,16,-,-,-,0,💿メガCD,,,,,,,,
1995-03-24,セガ,プライズファイター💿,-,16,-,-,-,0,💿メガCD,,,,,,,,
1995-03-31,ビクター,餓狼伝説スペシャル💿,-,16,-,-,-,0,💿メガCD,,,,塚本高史,清水敏夫|山田泰正|北村芳彦,,川崎英吉,
1995-09-01,セガ,ファーレンハイト💿,-,16,-,-,-,0,💿メガCD,,,,,,,,
1995-12-22,セガ,サージカルストライク💿,-,16,-,-,-,0,💿メガCD,,,,,,,,
1996-02-23,コンパイル,シャドウラン💿,-,16,-,-,-,0,💿メガCD,,,,,,,,
